'2009-02-24',13231100.0
'2009-02-25',15909900.0
'2009-02-26',9559600.0
'2009-02-27',15800200.0
'2009-03-02',14153100.0
'2009-03-03',11068200.0
'2009-03-04',9892900.0
'2009-03-05',10327200.0
'2009-03-06',12474000.0
'2009-03-09',8476300.0
'2009-03-10',12980300.0
'2009-03-11',9546000.0
'2009-03-12',7229600.0
'2009-03-13',6228600.0
'2009-03-16',8265800.0
'2009-03-17',9066900.0
'2009-03-18',18763400.0
'2009-03-19',14591600.0
'2009-03-20',14016300.0
'2009-03-23',9924400.0
'2009-03-24',7890400.0
'2009-03-25',10589900.0
'2009-03-26',9241400.0
'2009-03-27',6442100.0
'2009-03-30',7145500.0
'2009-03-31',7216000.0
'2009-04-01',9106800.0
'2009-04-02',10071800.0
'2009-04-03',9755600.0
'2009-04-06',8946700.0
'2009-04-07',6430100.0
'2009-04-08',5561000.0
'2009-04-09',4523400.0
'2009-04-13',5241000.0
'2009-04-14',5720900.0
'2009-04-15',5393400.0
'2009-04-16',7242300.0
'2009-04-17',9811400.0
'2009-04-20',8265100.0
'2009-04-21',5972800.0
'2009-04-22',6815300.0
'2009-04-23',8077100.0
'2009-04-24',8118700.0
'2009-04-27',7794300.0
'2009-04-28',5385200.0
'2009-04-29',4085500.0
'2009-04-30',6856700.0
'2009-05-01',6034800.0
'2009-05-04',5804400.0
'2009-05-05',5221900.0
'2009-05-06',6100500.0
'2009-05-07',7173800.0
'2009-05-08',5925600.0
'2009-05-11',5330400.0
'2009-05-12',7097400.0
'2009-05-13',6897400.0
'2009-05-14',6416400.0
'2009-05-15',6595800.0
'2009-05-18',6133100.0
'2009-05-19',5640100.0
'2009-05-20',7317000.0
'2009-05-21',9385200.0
'2009-05-22',6810900.0
'2009-05-26',7669400.0
'2009-05-27',7241100.0
'2009-05-28',6584900.0
'2009-05-29',8569700.0
'2009-06-01',9924700.0
'2009-06-02',9158400.0
'2009-06-03',8627500.0
'2009-06-04',6096300.0
'2009-06-05',9232400.0
'2009-06-08',6491300.0
'2009-06-09',5337500.0
'2009-06-10',6794900.0
'2009-06-11',6733000.0
'2009-06-12',6272100.0
'2009-06-15',6558300.0
'2009-06-16',5992100.0
'2009-06-17',5722500.0
'2009-06-18',6659100.0
'2009-06-19',9234100.0
'2009-06-22',6549700.0
'2009-06-23',6296400.0
'2009-06-24',6110900.0
'2009-06-25',5766400.0
'2009-06-26',4896500.0
'2009-06-29',5277600.0
'2009-06-30',6791200.0
'2009-07-01',6946000.0
'2009-07-02',6293800.0
'2009-07-06',6888200.0
'2009-07-07',5340600.0
'2009-07-08',8888900.0
'2009-07-09',6670300.0
'2009-07-10',6750700.0
'2009-07-13',6504900.0
'2009-07-14',5044600.0
'2009-07-15',6239900.0
'2009-07-16',4387000.0
'2009-07-17',4570300.0
'2009-07-20',4628900.0
'2009-07-21',5762300.0
'2009-07-22',6072500.0
'2009-07-23',6389800.0
'2009-07-24',3296800.0
'2009-07-27',3546700.0
'2009-07-28',5731100.0
'2009-07-29',6263800.0
'2009-07-30',5745000.0
'2009-07-31',6329600.0
'2009-08-03',6621300.0
'2009-08-04',5648000.0
'2009-08-05',5303900.0
'2009-08-06',5788500.0
'2009-08-07',5359000.0
'2009-08-10',4208000.0
'2009-08-11',4162000.0
'2009-08-12',4271800.0
'2009-08-13',4910900.0
'2009-08-14',5329800.0
'2009-08-17',6909900.0
'2009-08-18',4522000.0
'2009-08-19',5781400.0
'2009-08-20',3969600.0
'2009-08-21',5964800.0
'2009-08-24',6511200.0
'2009-08-25',4716800.0
'2009-08-26',4136200.0
'2009-08-27',4781500.0
'2009-08-28',6983400.0
'2009-08-31',7517800.0
'2009-08-25',4716800.0
'2009-08-26',4136200.0
'2009-08-27',4781500.0
'2009-08-28',6983400.0
'2009-08-31',7517800.0
'2009-09-01',10278000.0
'2009-09-02',13715600.0
'2009-09-03',14893600.0
'2009-09-04',7955800.0
'2009-09-08',13139300.0
'2009-09-09',11607900.0
'2009-09-10',8219000.0
'2009-09-11',9405700.0
'2009-09-14',6943800.0
'2009-09-15',8873900.0
'2009-09-16',8310900.0
'2009-09-17',9543400.0
'2009-09-18',9982000.0
'2009-09-21',8654400.0
'2009-09-22',9490200.0
'2009-09-23',8935200.0
'2009-09-24',10454700.0
'2009-09-25',8591400.0
'2009-09-28',6381200.0
'2009-09-29',9394000.0
'2009-09-30',9607700.0
'2009-10-01',8613200.0
'2009-10-02',8343600.0
'2009-10-05',7172200.0
'2009-10-06',13969600.0
'2009-10-07',8182400.0
'2009-10-08',11192900.0
'2009-10-09',6658500.0
'2009-10-12',5223700.0
'2009-10-13',9646200.0
'2009-10-14',7121200.0
'2009-10-15',7091400.0
'2009-10-16',7113500.0
'2009-10-19',8133000.0
'2009-10-20',6763600.0
'2009-10-21',7407800.0
'2009-10-22',6195700.0
'2009-10-23',5786500.0
'2009-10-26',9238300.0
'2009-10-27',7466100.0
'2009-10-28',9629900.0
'2009-10-29',13358000.0
'2009-10-30',11243900.0
'2009-11-02',11030400.0
'2009-11-03',14008700.0
'2009-11-04',14633600.0
'2009-11-05',7235100.0
'2009-11-06',11746700.0
'2009-11-09',11733700.0
'2009-11-10',8253900.0
'2009-11-11',10316200.0
'2009-11-12',9969500.0
'2009-11-13',8744600.0
'2009-11-16',8988200.0
'2009-11-17',6679200.0
'2009-11-18',9697000.0
'2009-11-19',7612700.0
'2009-11-20',6994100.0
'2009-11-23',9617900.0
'2009-11-24',7877600.0
'2009-11-25',8111200.0
'2009-11-27',5970100.0
'2009-11-30',6409400.0
'2009-12-01',10244200.0
'2009-12-02',10496000.0
'2009-12-03',8852000.0
'2009-12-04',16680500.0
'2009-12-07',9528600.0
'2009-12-08',8272400.0
'2009-12-09',9282600.0
'2009-12-10',7389400.0
'2009-12-11',7973100.0
'2009-12-14',5767400.0
'2009-12-15',5902200.0
'2009-12-16',5985400.0
'2009-12-17',15988600.0
'2009-12-18',14602700.0
'2009-12-21',10587700.0
'2009-12-22',9596600.0
'2009-12-23',6834000.0
'2009-12-24',2099400.0
'2009-12-28',4610300.0
'2009-12-29',4149000.0
'2009-12-30',3405100.0
'2009-12-31',3026500.0
'2010-01-04',5625400.0
'2010-01-05',7190500.0
'2010-01-06',8018700.0
'2010-01-07',7620300.0
'2010-01-08',5953700.0
'2010-01-11',6421400.0
'2010-01-12',8458000.0
'2010-01-13',5554900.0
'2010-01-14',5055000.0
'2010-01-15',9045000.0
'2010-01-19',6408300.0
'2010-01-20',12139900.0
'2010-01-21',15469500.0
'2010-01-22',13058700.0
'2010-01-25',8405600.0
'2010-01-26',8376100.0
'2010-01-27',8942000.0
'2010-01-28',10195200.0
'2010-01-29',8932100.0
'2010-02-01',11549200.0
'2010-02-02',8713400.0
'2010-02-03',10948900.0
'2010-02-04',12661700.0
'2010-02-05',17170600.0
'2010-02-08',10289000.0
'2010-02-09',12685300.0
'2010-02-10',8631200.0
'2010-02-11',11208700.0
'2010-02-12',8136000.0
'2010-02-16',11204300.0
'2010-02-17',12083800.0
'2010-02-18',10410600.0
'2010-02-19',8567900.0
'2010-02-22',6265300.0
'2010-02-23',8061600.0
'2010-02-24',8617800.0
'2010-02-25',16562300.0
'2010-02-26',7766600.0
'2010-03-01',8046300.0
'2010-03-02',11242500.0
'2010-03-03',7710600.0
'2010-03-04',10462900.0
'2010-03-05',7407700.0
'2010-03-08',5581200.0
'2010-03-09',6957900.0
'2010-03-10',9014400.0
'2010-03-11',6454000.0
'2010-03-12',5657200.0
'2010-03-15',6028800.0
'2010-03-16',8537300.0
'2010-03-17',6066100.0
'2010-03-18',6426500.0
'2010-03-19',7829700.0
'2010-03-22',6020300.0
'2010-03-23',6236300.0
'2010-03-24',8770300.0
'2010-03-25',9640200.0
'2010-03-26',6884300.0
'2010-03-29',6441200.0
'2010-03-30',6862500.0
'2010-03-31',5625600.0
'2010-04-01',7787200.0
'2010-04-05',5516600.0
'2010-04-06',6919200.0
'2010-04-07',9056700.0
'2010-04-08',6428700.0
'2010-04-09',7144700.0
'2010-04-12',5685200.0
'2010-04-13',5534900.0
'2010-04-14',4762700.0
'2010-04-15',4097100.0
'2010-04-16',10958600.0
'2010-04-19',6581400.0
'2010-04-20',5645700.0
'2010-04-21',5226700.0
'2010-04-22',5450100.0
'2010-04-23',4940400.0
'2010-04-26',4315200.0
'2010-04-27',10748600.0
'2010-04-28',11713700.0
'2010-04-29',9360800.0
'2010-04-30',7932800.0
'2010-05-03',7583800.0
'2010-05-04',8713700.0
'2010-05-05',10603200.0
'2010-05-06',16843100.0
'2010-05-07',16292200.0
'2010-05-10',10687000.0
'2010-05-11',17782700.0
'2010-05-12',13758200.0
'2010-05-13',10198700.0
'2010-05-14',13355900.0
'2010-05-17',9074100.0
'2010-05-18',11699200.0
'2010-05-19',13683400.0
'2010-05-20',16627100.0
'2010-05-21',10800100.0
'2010-05-24',7565600.0
'2010-05-25',12299900.0
'2010-05-26',8086000.0
'2010-05-27',7712200.0
'2010-05-28',6981000.0
'2010-06-01',11191100.0
'2010-06-02',7098200.0
'2010-06-03',6484700.0
'2010-06-04',8098500.0
'2010-06-07',8728200.0
'2010-06-08',11666200.0
'2010-06-09',9132800.0
'2010-06-10',7368200.0
'2010-06-11',4793800.0
'2010-06-14',7452200.0
'2010-06-15',7307200.0
'2010-06-16',11104600.0
'2010-06-17',10187900.0
'2010-06-18',11941200.0
'2010-06-21',9978500.0
'2010-06-22',6333600.0
'2010-06-23',8806700.0
'2010-06-24',9650100.0
'2010-06-25',12202500.0
'2010-06-28',12335600.0
'2010-06-29',11602100.0
'2010-06-30',11125700.0
'2010-07-01',14453400.0
'2010-07-02',6293400.0
'2010-07-06',9416700.0
'2010-07-07',8445400.0
'2010-07-08',8286700.0
'2010-07-09',8343600.0
'2010-07-12',6303100.0
'2010-07-13',6789200.0
'2010-07-14',5525100.0
'2010-07-15',7640700.0
'2010-07-16',7822000.0
'2010-07-19',10812100.0
'2010-07-20',7606000.0
'2010-07-21',6348900.0
'2010-07-22',6279300.0
'2010-07-23',5926900.0
'2010-07-26',6309600.0
'2010-07-27',14340800.0
'2010-07-28',10937200.0
'2010-07-29',6113700.0
'2010-07-30',5176800.0
'2010-08-02',6434700.0
'2010-08-03',5999300.0
'2010-08-04',7184700.0
'2010-08-05',5252300.0
'2010-08-06',5925000.0
'2010-08-09',3673600.0
'2010-08-10',5021000.0
'2010-08-11',5593200.0
'2010-08-12',6823500.0
'2010-08-13',4437500.0
'2010-08-16',3540900.0
'2010-08-17',4984000.0
'2010-08-18',6197200.0
'2010-08-19',5396600.0
'2010-08-20',4290800.0
'2010-08-23',3697500.0
'2010-08-24',7954200.0
'2010-08-25',7057900.0
'2010-08-26',5587700.0
'2010-08-27',6290300.0
'2010-08-30',3880600.0
'2010-08-31',7704400.0
'2010-09-01',8179100.0
'2010-09-02',5216400.0
'2010-09-03',4527800.0
'2010-09-07',5205000.0
'2010-09-08',4655400.0
'2010-09-09',4849600.0
'2010-09-10',3276500.0
'2010-09-13',4157700.0
'2010-09-14',12097700.0
'2010-09-15',6725900.0
'2010-09-16',6283900.0
'2010-09-17',6148800.0
'2010-09-20',4615700.0
'2010-09-21',9340600.0
'2010-09-22',7509700.0
'2010-09-23',5909000.0
'2010-09-24',5446900.0
'2010-09-27',4877300.0
'2010-09-28',8573200.0
'2010-09-29',6368900.0
'2010-09-30',7981500.0
'2010-10-01',4762800.0
'2010-10-04',4473800.0
'2010-10-05',9484800.0
'2010-10-06',5567300.0
'2010-10-07',10353700.0
'2010-10-08',6188000.0
'2010-10-11',6223000.0
'2010-10-12',5984600.0
'2010-10-13',10258700.0
'2010-10-14',7102000.0
'2010-10-15',7883200.0
'2010-10-18',5375300.0
'2010-10-19',9397000.0
'2010-10-20',5107800.0
'2010-10-21',8737700.0
'2010-10-22',5845300.0
'2010-10-25',6353400.0
'2010-10-26',5398700.0
'2010-10-27',8498000.0
'2010-10-28',6303000.0
'2010-10-29',5248800.0
'2010-11-01',5188500.0
'2010-11-02',9117100.0
'2010-11-03',9250300.0
'2010-11-04',8650200.0
'2010-11-05',7572600.0
'2010-11-08',6699200.0
'2010-11-09',12398100.0
'2010-11-10',9321700.0
'2010-11-11',5451400.0
'2010-11-12',6020700.0
'2010-11-15',4904800.0
'2010-11-16',10433000.0
'2010-11-17',5865600.0
'2010-11-18',5990300.0
'2010-11-19',5766000.0
'2010-11-22',5580500.0
'2010-11-23',6441500.0
'2010-11-24',5007600.0
'2010-11-26',3722300.0
'2010-11-29',9757400.0
'2010-11-30',8222100.0
'2010-12-01',8669600.0
'2010-12-02',5690600.0
'2010-12-03',5974500.0
'2010-12-06',5602100.0
'2010-12-07',9307600.0
'2010-12-08',7328800.0
'2010-12-09',6954600.0
'2010-12-10',5711100.0
'2010-12-13',6063700.0
'2010-12-14',6490400.0
'2010-12-15',4690200.0
'2010-12-16',6947300.0
'2010-12-17',8012400.0
'2010-12-20',5085200.0
'2010-12-21',3110800.0
'2010-12-22',3049900.0
'2010-12-23',3272600.0
'2010-12-27',2648200.0
'2010-12-28',4429200.0
'2010-12-29',3186200.0
'2010-12-30',2843400.0
'2010-12-31',2669100.0
'2011-01-03',6080400.0
'2011-01-04',11589600.0
'2011-01-05',8811900.0
'2011-01-06',12005600.0
'2011-01-07',9066900.0
'2011-01-10',6700200.0
'2011-01-11',5643300.0
'2011-01-12',9290500.0
'2011-01-13',6962300.0
'2011-01-14',10879000.0
'2011-01-18',7646500.0
'2011-01-19',8052200.0
'2011-01-20',10674200.0
'2011-01-21',8440700.0
'2011-01-24',6873000.0
'2011-01-25',8547800.0
'2011-01-26',9059300.0
'2011-01-27',8245400.0
'2011-01-28',10467600.0
'2011-01-31',8082800.0
'2011-02-01',6310600.0
'2011-02-02',5066100.0
'2011-02-03',8866000.0
'2011-02-04',7498500.0
'2011-02-07',4310400.0
'2011-02-08',5796100.0
'2011-02-09',5448000.0
'2011-02-10',6036400.0
'2011-02-11',4953300.0
'2011-02-14',3797000.0
'2011-02-15',4948100.0
'2011-02-16',4575500.0
'2011-02-17',4240600.0
'2011-02-18',7723400.0
'2011-02-22',6974500.0
'2011-02-23',8096500.0
'2011-02-24',19107400.0
'2011-02-25',9803600.0
'2011-02-28',6338800.0
'2011-03-01',8567300.0
'2011-03-02',9317100.0
'2011-03-03',13254600.0
'2011-03-04',8284000.0
'2011-03-07',7476900.0
'2011-03-08',10470400.0
'2011-03-09',10258300.0
'2011-03-10',8470200.0
'2011-03-11',6282200.0
'2011-03-14',5916200.0
'2011-03-15',8898800.0
'2011-03-16',10137400.0
'2011-03-17',7010300.0
'2011-03-18',9396400.0
'2011-03-21',6883100.0
'2011-03-22',9104900.0
'2011-03-23',9614900.0
'2011-03-24',9189200.0
'2011-03-25',6121300.0
'2011-03-28',5254700.0
'2011-03-29',7712500.0
'2011-03-30',5848600.0
'2011-03-31',5300900.0
'2011-04-01',5227700.0
'2011-04-04',5396400.0
'2011-04-05',10468300.0
'2011-04-06',8357500.0
'2011-04-07',13159200.0
'2011-04-08',8050300.0
'2011-04-11',7780400.0
'2011-04-12',6910700.0
'2011-04-13',5913500.0
'2011-04-14',6912000.0
'2011-04-15',7179400.0
'2011-04-18',7819200.0
'2011-04-19',6914200.0
'2011-04-20',7333900.0
'2011-04-21',6264500.0
'2011-04-25',5008300.0
'2011-04-26',5700000.0
'2011-04-27',6611700.0
'2011-04-28',5829000.0
'2011-04-29',9238800.0
'2011-05-02',7426300.0
'2011-05-03',8232900.0
'2011-05-04',7915000.0
'2011-05-05',8628900.0
'2011-05-06',8570700.0
'2011-05-09',4755700.0
'2011-05-10',4114400.0
'2011-05-11',6848800.0
'2011-05-12',6349700.0
'2011-05-13',5802200.0
'2011-05-16',7110800.0
'2011-05-17',5563900.0
'2011-05-18',4312900.0
'2011-05-19',3447400.0
'2011-05-20',5753800.0
'2011-05-23',6862800.0
'2011-05-24',5827800.0
'2011-05-25',5317300.0
'2011-05-26',4294600.0
'2011-05-27',4288500.0
'2011-05-31',7166400.0
'2011-06-01',7174400.0
'2011-06-02',5844400.0
'2011-06-03',5436500.0
'2011-06-06',10883500.0
'2011-06-07',6178400.0
'2011-06-08',6779100.0
'2011-06-09',4888400.0
'2011-06-10',5474000.0
'2011-06-13',4455900.0
'2011-06-14',5547000.0
'2011-06-15',7162600.0
'2011-06-16',6325400.0
'2011-06-17',7434200.0
'2011-06-20',4053400.0
'2011-06-21',5319500.0
'2011-06-22',7211700.0
'2011-06-23',5654800.0
'2011-06-24',8958000.0
'2011-06-27',3888300.0
'2011-06-28',4177600.0
'2011-06-29',6258900.0
'2011-06-30',4097800.0
'2011-07-01',4597400.0
'2011-07-05',5187000.0
'2011-07-06',6132800.0
'2011-07-07',6651600.0
'2011-07-08',4143600.0
'2011-07-11',4344800.0
'2011-07-12',7191300.0
'2011-07-13',8484600.0
'2011-07-14',5473700.0
'2011-07-15',5183300.0
'2011-07-18',7503900.0
'2011-07-19',5554900.0
'2011-07-20',4749300.0
'2011-07-21',5244000.0
'2011-07-22',4155200.0
'2011-07-25',5580100.0
'2011-07-26',4511100.0
'2011-07-27',7817900.0
'2011-07-28',6053900.0
'2011-07-29',10222000.0
'2011-08-01',6529400.0
'2011-08-02',7399300.0
'2011-08-03',9131600.0
'2011-08-04',13339800.0
'2011-08-05',12902000.0
'2011-08-08',16853200.0
'2011-08-09',15342700.0
'2011-08-10',15745400.0
'2011-08-11',12421800.0
'2011-08-12',8706000.0
'2011-08-15',7209300.0
'2011-08-16',6993100.0
'2011-08-17',4389500.0
'2011-08-18',8280400.0
'2011-08-19',9001600.0
'2011-08-22',10455300.0
'2011-08-23',10680400.0
'2011-08-24',11700700.0
'2011-08-25',7779000.0
'2011-08-26',5934600.0
'2011-08-29',4952200.0
'2011-08-30',7469000.0
'2011-08-31',9886600.0
'2011-09-01',6029700.0
'2011-09-02',10163500.0
'2011-09-06',10378400.0
'2011-09-07',10033300.0
'2011-09-08',9297800.0
'2011-09-09',8227300.0
'2011-09-12',8063100.0
'2011-09-13',8357100.0
'2011-09-14',7624500.0
'2011-09-15',6348800.0
'2011-09-16',7531500.0
'2011-09-19',7749200.0
'2011-09-20',15162700.0
'2011-09-21',8669300.0
'2011-09-22',10166300.0
'2011-09-23',11923700.0
'2011-09-26',7917800.0
'2011-09-27',8549600.0
'2011-09-28',6453100.0
'2011-09-29',5997000.0
'2011-09-30',8535500.0
'2011-10-03',7313700.0
'2011-10-04',10505700.0
'2011-10-05',7450700.0
'2011-10-06',5780600.0
'2011-10-07',4935000.0
'2011-10-10',3755100.0
'2011-10-11',4109800.0
'2011-10-12',5503400.0
'2011-10-13',4834400.0
'2011-10-14',6443000.0
'2011-10-17',5442300.0
'2011-10-18',7289000.0
'2011-10-19',7377300.0
'2011-10-20',7924900.0
'2011-10-21',6308300.0
'2011-10-24',5471600.0
'2011-10-25',8665200.0
'2011-10-26',8982500.0
'2011-10-27',8629600.0
'2011-10-28',9500300.0
'2011-10-31',8035700.0
'2011-11-01',8750400.0
'2011-11-02',8788000.0
'2011-11-03',11412500.0
'2011-11-04',5985700.0
'2011-11-07',9089500.0
'2011-11-08',7450300.0
'2011-11-09',8700800.0
'2011-11-10',5117300.0
'2011-11-11',4320600.0
'2011-11-14',3419700.0
'2011-11-15',3366600.0
'2011-11-16',4592200.0
'2011-11-17',5742500.0
'2011-11-18',3974700.0
'2011-11-21',5980800.0
'2011-11-22',4695900.0
'2011-11-23',3986900.0
'2011-11-25',2484700.0
'2011-11-28',4604900.0
'2011-11-29',4483400.0
'2011-11-30',7430200.0
'2011-12-01',5524700.0
'2011-12-02',5812700.0
'2011-12-05',6388400.0
'2011-12-06',6040200.0
'2011-12-07',4873200.0
'2011-12-08',5731000.0
'2011-12-09',3682200.0
'2011-12-12',6738000.0
'2011-12-13',6313800.0
'2011-12-14',9997200.0
'2011-12-15',6743200.0
'2011-12-16',8353800.0
'2011-12-19',6390000.0
'2011-12-20',5239700.0
'2011-12-21',4734600.0
'2011-12-22',6230600.0
'2011-12-23',2985200.0
'2011-12-27',1999500.0
'2011-12-28',5789000.0
'2011-12-29',5366000.0
'2011-12-30',3315600.0
'2012-01-03',7418700.0
'2012-01-04',4248400.0
'2012-01-05',5545100.0
'2012-01-06',4218400.0
'2012-01-09',3825700.0
'2012-01-10',6354100.0
'2012-01-11',5040400.0
'2012-01-12',5897100.0
'2012-01-13',4206900.0
'2012-01-17',9163100.0
'2012-01-18',8127400.0
'2012-01-19',9386200.0
'2012-01-20',8319500.0
'2012-01-23',6801200.0
'2012-01-24',8289400.0
'2012-01-25',12330400.0
'2012-01-26',7635300.0
'2012-01-27',5832100.0
'2012-01-30',5747600.0
'2012-01-31',6601600.0
'2012-02-01',6307100.0
'2012-02-02',6110700.0
'2012-02-03',7863800.0
'2012-02-06',4550200.0
'2012-02-07',4805400.0
'2012-02-08',3452700.0
'2012-02-09',3848700.0
'2012-02-10',4467900.0
'2012-02-13',3307700.0
'2012-02-14',5591900.0
'2012-02-15',5421500.0
'2012-02-16',4517100.0
'2012-02-17',4004500.0
'2012-02-21',6941600.0
'2012-02-22',7221800.0
'2012-02-23',7670100.0
'2012-02-24',7321400.0
'2012-02-27',5767200.0
'2012-02-28',4832300.0
'2012-02-29',10832100.0
'2012-03-01',6618900.0
'2012-03-02',4505500.0
'2012-03-05',6068000.0
'2012-03-06',8367900.0
'2012-03-07',6565600.0
'2012-03-08',4915200.0
'2012-03-09',5463700.0
'2012-03-12',7370500.0
'2012-03-13',9769400.0
'2012-03-14',14100200.0
'2012-03-15',9902600.0
'2012-03-16',12198000.0
'2012-03-19',4868800.0
'2012-03-20',8193300.0
'2012-03-21',7848500.0
'2012-03-22',7193600.0
'2012-03-23',7213600.0
'2012-03-26',8496100.0
'2012-03-27',9123700.0
'2012-03-28',7489600.0
'2012-03-29',9081700.0
'2012-03-30',6089300.0
'2012-04-02',5477900.0
'2012-04-03',9491700.0
'2012-04-04',13609100.0
'2012-04-05',8900000.0
'2012-04-09',6859200.0
'2012-04-10',10937500.0
'2012-04-11',7874900.0
'2012-04-12',7726600.0
'2012-04-13',6706400.0
'2012-04-16',6489500.0
'2012-04-17',6295000.0
'2012-04-18',5609200.0
'2012-04-19',5223700.0
'2012-04-20',5669300.0
'2012-04-23',12620700.0
'2012-04-24',4152700.0
'2012-04-25',7026100.0
'2012-04-26',6615200.0
'2012-04-27',8647400.0
'2012-04-30',5859800.0
'2012-05-01',4476400.0
'2012-05-02',4669100.0
'2012-05-03',7101000.0
'2012-05-04',7774300.0
'2012-05-07',5340200.0
'2012-05-08',9233700.0
'2012-05-09',11233700.0
'2012-05-10',5594100.0
'2012-05-11',4868800.0
'2012-05-14',6209300.0
'2012-05-15',6589700.0
'2012-05-16',8006800.0
'2012-05-17',8353000.0
'2012-05-18',8050700.0
'2012-05-21',7566600.0
'2012-05-22',7250500.0
'2012-05-23',8840400.0
'2012-05-24',9170900.0
'2012-05-25',5337600.0
'2012-05-29',7537600.0
'2012-05-30',7980400.0
'2012-05-31',7268700.0
'2012-06-01',13108600.0
'2012-06-04',8056900.0
'2012-06-05',7253800.0
'2012-06-06',8462300.0
'2012-06-07',7845500.0
'2012-06-08',4696500.0
'2012-06-11',5097600.0
'2012-06-12',5437400.0
'2012-06-13',6130500.0
'2012-06-14',6708700.0
'2012-06-15',10072800.0
'2012-06-18',5223500.0
'2012-06-19',4758800.0
'2012-06-20',6450400.0
'2012-06-21',6609500.0
'2012-06-22',4057900.0
'2012-06-25',5573400.0
'2012-06-26',5107400.0
'2012-06-27',3682600.0
'2012-06-28',6200300.0
'2012-06-29',5682500.0
'2012-07-02',4469300.0
'2012-07-03',3261100.0
'2012-07-05',3265000.0
'2012-07-06',3458400.0
'2012-07-09',4349300.0
'2012-07-10',4714000.0
'2012-07-11',6325300.0
'2012-07-12',5831000.0
'2012-07-13',3564300.0
'2012-07-16',3356300.0
'2012-07-17',4185500.0
'2012-07-18',4069500.0
'2012-07-19',4999500.0
'2012-07-20',4052800.0
'2012-07-23',3640000.0
'2012-07-24',4511300.0
'2012-07-25',5842100.0
'2012-07-26',5557700.0
'2012-07-27',13160300.0
'2012-07-30',6119800.0
'2012-07-31',4638300.0
'2012-08-01',6832100.0
'2012-08-02',4869800.0
'2012-08-03',5556800.0
'2012-08-06',5192800.0
'2012-08-07',4158300.0
'2012-08-08',5831100.0
'2012-08-09',3018800.0
'2012-08-10',6272100.0
'2012-08-13',3324400.0
'2012-08-14',3018000.0
'2012-08-15',3545000.0
'2012-08-16',3539000.0
'2012-08-17',4131900.0
'2012-08-20',3929900.0
'2012-08-21',4765600.0
'2012-08-22',4673700.0
'2012-08-23',6176800.0
'2012-08-24',2922200.0
'2012-08-27',4199800.0
'2012-08-28',3110000.0
'2012-08-29',4726100.0
'2012-08-30',3358400.0
'2012-08-31',7457500.0
'2012-09-04',5474400.0
'2012-09-05',3781400.0
'2012-09-06',6194200.0
'2012-09-07',6099400.0
'2012-09-10',4493000.0
'2012-09-11',5498900.0
'2012-09-12',5975300.0
'2012-09-13',12625900.0
'2012-09-14',12656400.0
'2012-09-17',7270500.0
'2012-09-18',7249100.0
'2012-09-19',5921900.0
'2012-09-20',7821100.0
'2012-09-21',14268700.0
'2012-09-24',6804200.0
'2012-09-25',6491900.0
'2012-09-26',6099000.0
'2012-09-27',5804300.0
'2012-09-28',4925100.0
'2012-10-01',5560400.0
'2012-10-02',3482400.0
'2012-10-03',2763500.0
'2012-10-04',4922300.0
'2012-10-05',2983600.0
'2012-10-08',2130900.0
'2012-10-09',4271000.0
'2012-10-10',3933300.0
'2012-10-11',3504500.0
'2012-10-12',4263600.0
'2012-10-15',4065100.0
'2012-10-16',3618200.0
'2012-10-17',3666500.0
'2012-10-18',4050400.0
'2012-10-19',5358900.0
'2012-10-22',3356500.0
'2012-10-23',3977600.0
'2012-10-24',6108600.0
'2012-10-25',5038000.0
'2012-10-26',4328900.0
'2012-10-31',4999900.0
'2012-11-01',7396200.0
'2012-11-02',12215700.0
'2012-11-05',7063600.0
'2012-11-06',7029900.0
'2012-11-07',6314500.0
'2012-11-08',5731200.0
'2012-11-09',5069500.0
'2012-11-12',3057600.0
'2012-11-13',4236900.0
'2012-11-14',7164400.0
'2012-11-15',8333000.0
'2012-11-16',7602500.0
'2012-11-19',5804800.0
'2012-11-20',5066300.0
'2012-11-21',3884700.0
'2012-11-23',2431100.0
'2012-11-26',4957300.0
'2012-11-27',5556500.0
'2012-11-28',5994800.0
'2012-11-29',3979800.0
'2012-11-30',6173800.0
'2012-12-03',7060200.0
'2012-12-04',7355500.0
'2012-12-05',9197100.0
'2012-12-06',4351100.0
'2012-12-07',4693400.0
'2012-12-10',5489800.0
'2012-12-11',5880600.0
'2012-12-12',6702400.0
'2012-12-13',7910300.0
'2012-12-14',4717200.0
'2012-12-17',3888900.0
'2012-12-18',6495800.0
'2012-12-19',5181600.0
'2012-12-20',8941100.0
'2012-12-21',10630000.0
'2012-12-24',2595400.0
'2012-12-26',4841900.0
'2012-12-27',6080200.0
'2012-12-28',5169400.0
'2012-12-31',6560100.0
'2013-01-02',7254500.0
'2013-01-03',6017100.0
'2013-01-04',5834100.0
'2013-01-07',4853400.0
'2013-01-08',6373500.0
'2013-01-09',5568600.0
'2013-01-10',5371300.0
'2013-01-11',3836700.0
'2013-01-14',3366500.0
'2013-01-15',4137000.0
'2013-01-16',5166100.0
'2013-01-17',6514500.0
'2013-01-18',6738100.0
'2013-01-22',7030700.0
'2013-01-23',5962300.0
'2013-01-24',5554200.0
'2013-01-25',7200500.0
'2013-01-28',6510500.0
'2013-01-29',7142200.0
'2013-01-30',8940800.0
'2013-01-31',9403300.0
'2013-02-01',6312700.0
'2013-02-04',5975500.0
'2013-02-05',4107800.0
'2013-02-06',4981000.0
'2013-02-07',5097500.0
'2013-02-08',4763200.0
'2013-02-11',4172000.0
'2013-02-12',6451100.0
'2013-02-13',5481500.0
'2013-02-14',7641300.0
'2013-02-15',13871700.0
'2013-02-19',8078800.0
'2013-02-20',14308300.0
'2013-02-21',10184000.0
'2013-02-22',10384700.0
'2013-02-25',8504300.0
'2013-02-26',9945400.0
'2013-02-27',8863800.0
'2013-02-28',10834000.0
'2013-03-01',9494800.0
'2013-03-04',9782800.0
'2013-03-05',8589700.0
'2013-03-06',9569600.0
'2013-03-07',7757700.0
'2013-03-08',10081300.0
'2013-03-11',5498600.0
'2013-03-12',6667400.0
'2013-03-13',7470500.0
'2013-03-14',6235500.0
'2013-03-15',9668800.0
'2013-03-18',5614200.0
'2013-03-19',6912800.0
'2013-03-20',4253300.0
'2013-03-21',8801600.0
'2013-03-22',4541000.0
'2013-03-25',5565100.0
'2013-03-26',5625900.0
'2013-03-27',5638800.0
'2013-03-28',6398800.0
'2013-04-01',4399700.0
'2013-04-02',7999100.0
'2013-04-03',11822400.0
'2013-04-04',7520600.0
'2013-04-05',8500500.0
'2013-04-08',6577400.0
'2013-04-09',8586900.0
'2013-04-10',7059800.0
'2013-04-11',6476300.0
'2013-04-12',14376900.0
'2013-04-15',22564900.0
'2013-04-16',13910200.0
'2013-04-17',15992800.0
'2013-04-18',11663400.0
'2013-04-19',9134700.0
'2013-04-22',9701500.0
'2013-04-23',10156600.0
'2013-04-24',10937500.0
'2013-04-25',11158100.0
'2013-04-26',9658200.0
'2013-04-29',5832700.0
'2013-04-30',17564300.0
'2013-05-01',10649200.0
'2013-05-02',6347700.0
'2013-05-03',6972900.0
'2013-05-06',4865200.0
'2013-05-07',8649200.0
'2013-05-08',6976400.0
'2013-05-09',7043100.0
'2013-05-10',7016700.0
'2013-05-13',4807800.0
'2013-05-14',5164800.0
'2013-05-15',9295900.0
'2013-05-16',9623800.0
'2013-05-17',12107700.0
'2013-05-20',11313000.0
'2013-05-21',8498600.0
'2013-05-22',9599200.0
'2013-05-23',6920900.0
'2013-05-24',6072700.0
'2013-05-28',6157100.0
'2013-05-29',7391200.0
'2013-05-30',9522000.0
'2013-05-31',9006700.0
'2013-06-03',8026900.0
'2013-06-04',6600500.0
'2013-06-05',6812300.0
'2013-06-06',7140200.0
'2013-06-07',6447800.0
'2013-06-10',5114900.0
'2013-06-11',6223000.0
'2013-06-12',6374800.0
'2013-06-13',5896800.0
'2013-06-14',4417400.0
'2013-06-17',4215100.0
'2013-06-18',6809100.0
'2013-06-19',6878300.0
'2013-06-20',16749000.0
'2013-06-21',14879100.0
'2013-06-24',10225900.0
'2013-06-25',9037700.0
'2013-06-26',14951800.0
'2013-06-27',12906200.0
'2013-06-28',21341900.0
'2013-07-01',12430700.0
'2013-07-02',10360500.0
'2013-07-03',6099300.0
'2013-07-05',10035900.0
'2013-07-08',10252300.0
'2013-07-09',12729200.0
'2013-07-10',11386200.0
'2013-07-11',12726700.0
'2013-07-12',7776300.0
'2013-07-15',5790000.0
'2013-07-16',9430000.0
'2013-07-17',8000800.0
'2013-07-18',5414900.0
'2013-07-19',8712200.0
'2013-07-22',9264600.0
'2013-07-23',8952400.0
'2013-07-24',9222400.0
'2013-07-25',8694700.0
'2013-07-26',10739900.0
'2013-07-29',9565100.0
'2013-07-30',7056400.0
'2013-07-31',9465100.0
'2013-08-01',8153400.0
'2013-08-02',9403600.0
'2013-08-05',6594900.0
'2013-08-06',13002500.0
'2013-08-07',8278700.0
'2013-08-08',13608600.0
'2013-08-09',10213500.0
'2013-08-12',11570000.0
'2013-08-13',7900400.0
'2013-08-14',12370000.0
'2013-08-15',13749600.0
'2013-08-16',13106500.0
'2013-08-19',6790300.0
'2013-08-20',7176100.0
'2013-08-21',6597900.0
'2013-08-22',6518400.0
'2013-08-23',7098100.0
'2013-08-26',7491500.0
'2013-08-27',10083100.0
'2013-08-28',9748100.0
'2013-08-29',9469700.0
'2013-08-30',7643400.0
'2013-09-03',7680500.0
'2013-09-04',7005300.0
'2013-09-05',10800900.0
'2013-09-06',7376400.0
'2013-09-09',6395900.0
'2013-09-10',9572700.0
'2013-09-11',7355300.0
'2013-09-12',10800600.0
'2013-09-13',10398900.0
'2013-09-16',9132100.0
'2013-09-17',6111900.0
'2013-09-18',14837700.0
'2013-09-19',10494600.0
'2013-09-20',17722800.0
'2013-09-23',8632000.0
'2013-09-24',8518800.0
'2013-09-25',8089000.0
'2013-09-26',6432700.0
'2013-09-27',8100700.0
'2013-09-30',8034800.0
'2013-10-01',13805800.0
'2013-10-02',9921000.0
'2013-10-03',6794300.0
'2013-10-04',5443100.0
'2013-10-07',6380400.0
'2013-10-08',7929900.0
'2013-10-09',9555800.0
'2013-10-10',7409600.0
'2013-10-11',11408700.0
'2013-10-14',6981400.0
'2013-10-15',11650500.0
'2013-10-16',7096000.0
'2013-10-17',9440300.0
'2013-10-18',5134000.0
'2013-10-21',5203900.0
'2013-10-22',9769000.0
'2013-10-23',9154900.0
'2013-10-24',14327200.0
'2013-10-25',8791900.0
'2013-10-28',9074300.0
'2013-10-29',6604700.0
'2013-10-30',9020400.0
'2013-10-31',9309500.0
'2013-11-01',15062000.0
'2013-11-04',10078400.0
'2013-11-05',7843800.0
'2013-11-06',7479900.0
'2013-11-07',7975800.0
'2013-11-08',8202700.0
'2013-11-11',6432500.0
'2013-11-12',7685600.0
'2013-11-13',5809900.0
'2013-11-14',8665100.0
'2013-11-15',6057200.0
'2013-11-18',6433000.0
'2013-11-19',5138400.0
'2013-11-20',8685300.0
'2013-11-21',9806100.0
'2013-11-22',6181100.0
'2013-11-25',12263000.0
'2013-11-26',13528800.0
'2013-11-27',9522300.0
'2013-11-29',4849700.0
'2013-12-02',11139500.0
'2013-12-03',11841600.0
'2013-12-04',13170100.0
'2013-12-05',11670500.0
'2013-12-06',11527900.0
'2013-12-09',8322100.0
'2013-12-10',10227300.0
'2013-12-11',8634900.0
'2013-12-12',11035700.0
'2013-12-13',8165300.0
'2013-12-16',11719500.0
'2013-12-17',8124700.0
'2013-12-18',12813700.0
'2013-12-19',11081500.0
'2013-12-20',13475100.0
'2013-12-23',7755900.0
'2013-12-24',4842300.0
'2013-12-26',8403900.0
'2013-12-27',6062200.0
'2013-12-30',8049100.0
'2013-12-31',12182100.0
'2014-01-02',12162400.0
'2014-01-03',10233600.0
'2014-01-06',9276100.0
'2014-01-07',8783800.0
'2014-01-08',8027400.0
'2014-01-09',7136000.0
'2014-01-10',8471900.0
'2014-01-13',8471700.0
'2014-01-14',9800500.0
'2014-01-15',6889500.0
'2014-01-16',6367800.0
'2014-01-17',12786900.0
'2014-01-21',10718900.0
'2014-01-22',8278800.0
'2014-01-23',10906700.0
'2014-01-24',10538500.0
'2014-01-27',9801600.0
'2014-01-28',6615700.0
'2014-01-29',10610400.0
'2014-01-30',10652900.0
'2014-01-31',35120000.0
'2014-02-03',18057400.0
'2014-02-04',13731400.0
'2014-02-05',10105900.0
'2014-02-06',9252400.0
'2014-02-07',10569100.0
'2014-02-10',12039500.0
'2014-02-11',13940600.0
'2014-02-12',11854300.0
'2014-02-13',11128800.0
'2014-02-14',13663900.0
'2014-02-18',11650600.0
'2014-02-19',9775000.0
'2014-02-20',9989000.0
'2014-02-21',23007300.0
'2014-02-24',10767300.0
'2014-02-25',10137900.0
'2014-02-26',9645600.0
'2014-02-27',8345300.0
'2014-02-28',11152800.0
'2014-03-03',9904400.0
'2014-03-04',8861600.0
'2014-03-05',8442200.0
'2014-03-06',6717000.0
'2014-03-07',9691100.0
'2014-03-10',6126400.0
'2014-03-11',8690800.0
'2014-03-12',7971800.0
'2014-03-13',8367300.0
'2014-03-14',15073600.0
'2014-03-17',11182900.0
'2014-03-18',8310400.0
'2014-03-19',8475400.0
'2014-03-20',10636100.0
'2014-03-21',12369300.0
'2014-03-24',7845800.0
'2014-03-25',5266400.0
'2014-03-26',8926600.0
'2014-03-27',12025500.0
'2014-03-28',11288800.0
'2014-03-31',7717300.0
'2014-04-01',7455800.0
'2014-04-02',7225200.0
'2014-04-03',5475600.0
'2014-04-04',6420000.0
'2014-04-07',6916400.0
'2014-04-08',6538100.0
'2014-04-09',6965400.0
'2014-04-10',6729000.0
'2014-04-11',6458000.0
'2014-04-14',6516200.0
'2014-04-15',9240500.0
'2014-04-16',5348200.0
'2014-04-17',5468600.0
'2014-04-21',16057500.0
'2014-04-22',13739800.0
'2014-04-23',12694800.0
'2014-04-24',11984900.0
'2014-04-25',11559300.0
'2014-04-28',16927700.0
'2014-04-29',10763100.0
'2014-04-30',6504900.0
'2014-05-01',6982900.0
'2014-05-02',5708400.0
'2014-05-05',3882000.0
'2014-05-06',3488900.0
'2014-05-07',8356600.0
'2014-05-08',4286800.0
'2014-05-09',3506000.0
'2014-05-12',4430800.0
'2014-05-13',3201300.0
'2014-05-14',3563600.0
'2014-05-15',4184200.0
'2014-05-16',4389500.0
'2014-05-19',8432700.0
'2014-05-20',4102100.0
'2014-05-21',4098300.0
'2014-05-22',3741000.0
'2014-05-23',3652600.0
'2014-05-27',7567000.0
'2014-05-28',7531000.0
'2014-05-29',5895600.0
'2014-05-30',4975300.0
'2014-06-02',4135700.0
'2014-06-03',5428700.0
'2014-06-04',4973900.0
'2014-06-05',5021100.0
'2014-06-06',3680600.0
'2014-06-09',4583400.0
'2014-06-10',5020200.0
'2014-06-11',5646100.0
'2014-06-12',6296500.0
'2014-06-13',4684200.0
'2014-06-16',4283300.0
'2014-06-17',4414800.0
'2014-06-18',5886600.0
'2014-06-19',12448000.0
'2014-06-20',14264600.0
'2014-06-23',5643800.0
'2014-06-24',5886500.0
'2014-06-25',5317400.0
'2014-06-26',6636700.0
'2014-06-27',5096300.0
'2014-06-30',6524100.0
'2014-07-01',5854500.0
'2014-07-02',4465700.0
'2014-07-03',3839500.0
'2014-07-07',5365600.0
'2014-07-08',7248800.0
'2014-07-09',9526200.0
'2014-07-10',9974300.0
'2014-07-11',6778900.0
'2014-07-14',5713900.0
'2014-07-15',10524900.0
'2014-07-16',8407700.0
'2014-07-17',6083100.0
'2014-07-18',5662100.0
'2014-07-21',4550500.0
'2014-07-22',4117400.0
'2014-07-23',4503600.0
'2014-07-24',6670800.0
'2014-07-25',5551100.0
'2014-07-28',5554600.0
'2014-07-29',6562500.0
'2014-07-30',5270700.0
'2014-07-31',6438900.0
'2014-08-01',6341600.0
'2014-08-04',7706500.0
'2014-08-05',5626900.0
'2014-08-06',8999700.0
'2014-08-07',5331100.0
'2014-08-08',4405000.0
'2014-08-11',3771200.0
'2014-08-12',8333600.0
'2014-08-13',4977500.0
'2014-08-14',4960400.0
'2014-08-15',5380700.0
'2014-08-18',4734100.0
'2014-08-19',4134500.0
'2014-08-20',3957700.0
'2014-08-21',6841100.0
'2014-08-22',3772900.0
'2014-08-25',4030900.0
'2014-08-26',3469700.0
'2014-08-27',3286000.0
'2014-08-28',4512500.0
'2014-08-29',3845500.0
'2014-09-02',7019500.0
'2014-09-03',5301500.0
'2014-09-04',7383200.0
'2014-09-05',6141200.0
'2014-09-08',6349300.0
'2014-09-09',5863800.0
'2014-09-10',6760700.0
'2014-09-11',6588700.0
'2014-09-12',7362700.0
'2014-09-15',4427000.0
'2014-09-16',7402600.0
'2014-09-17',7590900.0
'2014-09-18',6698700.0
'2014-09-19',8798300.0
'2014-09-22',5775611.0
'2014-09-23',8027034.0
'2014-09-24',4184738.0
'2014-09-25',5492696.0
'2014-09-26',3972985.0
'2014-09-29',5172908.0
'2014-09-30',9251151.0
'2014-10-01',6802387.0
'2014-10-02',8723099.0
'2014-10-03',11052669.0
'2014-10-06',6769787.0
'2014-10-07',8235114.0
'2014-10-08',10617130.0
'2014-10-09',12920050.0
'2014-10-10',7234456.0
'2014-10-13',6861491.0
'2014-10-14',7158354.0
'2014-10-15',7639940.0
'2014-10-16',6736083.0
'2014-10-17',6338299.0
'2014-10-20',4655012.0
'2014-10-21',4777738.0
'2014-10-22',5775335.0
'2014-10-23',9837138.0
'2014-10-24',7961487.0
'2014-10-27',6782016.0
'2014-10-28',5637575.0
'2014-10-29',13815520.0
'2014-10-30',13824345.0
'2014-10-31',22967313.0
'2014-11-03',13148338.0
'2014-11-04',9628242.0
'2014-11-05',15489779.0
'2014-11-06',9735814.0
'2014-11-07',11441992.0
'2014-11-10',9858428.0
'2014-11-11',9720895.0
'2014-11-12',8325917.0
'2014-11-13',7134625.0
'2014-11-14',13315511.0
'2014-11-17',10062027.0
'2014-11-18',10335899.0
'2014-11-19',14203581.0
'2014-11-20',6906434.0
'2014-11-21',9471807.0
'2014-11-24',11115629.0
'2014-11-25',17163756.0
'2014-11-26',5101444.0
'2014-11-28',6808252.0
'2014-12-01',13529082.0
'2014-12-02',9039895.0
'2014-12-03',7863809.0
'2014-12-04',6810290.0
'2014-12-05',6889732.0
'2014-12-08',10800183.0
'2014-12-09',11862357.0
'2014-12-10',8606160.0
'2014-12-11',9181103.0
'2014-12-12',8692578.0
'2014-12-15',11147773.0
'2014-12-16',11298576.0
'2014-12-17',10957470.0
'2014-12-18',10238695.0
'2014-12-19',28755521.0
'2014-12-22',12123371.0
'2014-12-23',6756955.0
'2014-12-24',3269903.0
'2014-12-26',5454697.0
'2014-12-29',6872811.0
'2014-12-30',7763850.0
'2014-12-31',6613304.0
'2015-01-02',6535481.0
'2015-01-05',7508108.0
'2015-01-06',13197692.0
'2015-01-07',8172062.0
'2015-01-08',7803436.0
'2015-01-09',7473173.0
'2015-01-12',9233764.0
'2015-01-13',12197184.0
'2015-01-14',13541883.0
'2015-01-15',16717705.0
'2015-01-16',17596208.0
'2015-01-20',17805262.0
'2015-01-21',16959847.0
'2015-01-22',13132423.0
'2015-01-23',12056412.0
'2015-01-26',11187793.0
'2015-01-27',10774534.0
'2015-01-28',11251272.0
'2015-01-29',8849962.0
'2015-01-30',11593149.0
'2015-02-02',7496977.0
'2015-02-03',9038078.0
'2015-02-04',7070011.0
'2015-02-05',6029502.0
'2015-02-06',8316619.0
'2015-02-09',5873551.0
'2015-02-10',6217377.0
'2015-02-11',5087339.0
'2015-02-12',4488646.0
'2015-02-13',5186788.0
'2015-02-17',6205214.0
'2015-02-18',8069782.0
'2015-02-19',8870079.0
'2015-02-20',13558258.0
'2015-02-23',7609649.0
'2015-02-24',5847896.0
'2015-02-25',7922965.0
'2015-02-26',6210645.0
'2015-02-27',5931795.0
'2015-03-02',7679297.0
'2015-03-03',7914920.0
'2015-03-04',7142054.0
'2015-03-05',3450516.0
'2015-03-06',11443728.0
'2015-03-09',9893343.0
'2015-03-10',13440897.0
'2015-03-11',9245418.0
'2015-03-12',6081515.0
'2015-03-13',6589084.0
'2015-03-16',5585397.0
'2015-03-17',8400026.0
'2015-03-18',8972341.0
'2015-03-19',7612262.0
'2015-03-20',17041580.0
'2015-03-23',7510464.0
'2015-03-24',6394046.0
'2015-03-25',5973654.0
'2015-03-26',7907348.0
'2015-03-27',5659656.0
'2015-03-30',3584892.0
'2015-03-31',5269203.0
'2015-04-01',6842522.0
'2015-04-02',6505052.0
'2015-04-06',8637113.0
'2015-04-07',6258442.0
'2015-04-08',5819037.0
'2015-04-09',5125425.0
'2015-04-10',4290524.0
'2015-04-13',6968223.0
'2015-04-14',5499405.0
'2015-04-15',9440771.0
'2015-04-16',6928613.0
'2015-04-17',4912096.0
'2015-04-20',5034611.0
'2015-04-21',3883842.0
'2015-04-22',5681212.0
'2015-04-23',6326916.0
'2015-04-24',12018899.0
'2015-04-27',11701781.0
'2015-04-28',7311021.0
'2015-04-29',8159091.0
'2015-04-30',6897195.0
'2015-05-01',4582092.0
'2015-05-04',5824243.0
'2015-05-05',5919492.0
'2015-05-06',4704528.0
'2015-05-07',6652034.0
'2015-05-08',4377481.0
'2015-05-11',5557054.0
'2015-05-12',5909101.0
'2015-05-13',11211795.0
'2015-05-14',4711620.0
'2015-05-15',7154739.0
'2015-05-18',3465918.0
'2015-05-19',8448438.0
'2015-05-20',5589132.0
'2015-05-21',4965097.0
'2015-05-22',3198109.0
'2015-05-26',5750719.0
'2015-05-27',4155407.0
'2015-05-28',7655976.0
'2015-05-29',5183098.0
'2015-06-01',3644824.0
'2015-06-02',4595095.0
'2015-06-03',7394390.0
'2015-06-04',5709673.0
'2015-06-05',6117600.0
'2015-06-08',3283767.0
'2015-06-09',13320746.0
'2015-06-10',38742225.0
'2015-06-11',11342172.0
'2015-06-12',8713357.0
'2015-06-15',11170031.0
'2015-06-16',5179818.0
'2015-06-17',9398926.0
'2015-06-18',7229359.0
'2015-06-19',9280148.0
'2015-06-22',6546023.0
'2015-06-23',6100299.0
'2015-06-24',3704935.0
'2015-06-25',4113679.0
'2015-06-26',3064705.0
'2015-06-29',4722220.0
'2015-06-30',5751521.0
'2015-07-01',5159738.0
'2015-07-02',4138079.0
'2015-07-06',4706195.0
'2015-07-07',10422886.0
'2015-07-08',5278117.0
'2015-07-09',3421179.0
'2015-07-10',3260391.0
'2015-07-13',5319312.0
'2015-07-14',6344983.0
'2015-07-15',4801446.0
'2015-07-16',6842056.0
'2015-07-17',7170718.0
'2015-07-20',20495762.0
'2015-07-21',14139177.0
'2015-07-22',9766302.0
'2015-07-23',14277032.0
'2015-07-24',16378166.0
'2015-07-27',11115033.0
'2015-07-28',10645587.0
'2015-07-29',11012079.0
'2015-07-30',8478910.0
'2015-07-31',10194085.0
'2015-08-03',9042095.0
'2015-08-04',9922497.0
'2015-08-05',7465171.0
'2015-08-06',9789154.0
'2015-08-07',10186603.0
'2015-08-10',11125375.0
'2015-08-11',8891961.0
'2015-08-12',14695514.0
'2015-08-13',7245211.0
'2015-08-14',5511911.0
'2015-08-17',6796428.0
'2015-08-18',5269519.0
'2015-08-19',7384739.0
'2015-08-20',10085094.0
'2015-08-21',9452108.0
'2015-08-24',14514002.0
'2015-08-25',12012229.0
'2015-08-26',12512288.0
'2015-08-27',11330682.0
'2015-08-28',9334460.0
'2015-08-31',8089798.0
'2015-09-01',6844789.0
'2015-09-02',8052217.0
'2015-09-03',7666110.0
'2015-09-04',8313622.0
'2015-09-08',7169673.0
'2015-09-09',6041061.0
'2015-09-10',6763368.0
'2015-09-11',8944666.0
'2015-09-14',7727934.0
'2015-09-15',6661226.0
'2015-09-16',7901338.0
'2015-09-17',10181897.0
'2015-09-18',20343886.0
'2015-09-21',7641390.0
'2015-09-22',11093992.0
'2015-09-23',6135529.0
'2015-09-24',11653189.0
'2015-09-25',8021356.0
'2015-09-28',8044674.0
'2015-09-29',5447013.0
'2015-09-30',7588097.0
'2015-10-01',6982583.0
'2015-10-02',9780726.0
'2015-10-05',11190679.0
'2015-10-06',12085524.0
'2015-10-07',12793936.0
'2015-10-08',9874394.0
'2015-10-09',8381314.0
'2015-10-12',8544755.0
'2015-10-13',8485231.0
'2015-10-14',12990263.0
'2015-10-15',9496251.0
'2015-10-16',8790871.0
'2015-10-19',5876699.0
'2015-10-20',6231238.0
'2015-10-21',4465375.0
'2015-10-22',6150365.0
'2015-10-23',7362081.0
'2015-10-26',7455120.0
'2015-10-27',4803249.0
'2015-10-28',12237930.0
'2015-10-29',12489670.0
'2015-10-30',8352715.0
'2015-11-02',6089444.0
'2015-11-03',6163489.0
'2015-11-04',5260911.0
'2015-11-05',14930383.0
'2015-11-06',10575647.0
'2015-11-09',7296177.0
'2015-11-10',5361223.0
'2015-11-11',4115861.0
'2015-11-12',7344681.0
'2015-11-13',4715608.0
'2015-11-16',6463970.0
'2015-11-17',8350618.0
'2015-11-18',7371493.0
'2015-11-19',6775455.0
'2015-11-20',7405103.0
'2015-11-23',5308283.0
'2015-11-24',6283912.0
'2015-11-25',4456724.0
'2015-11-27',5513746.0
'2015-11-30',10282976.0
'2015-12-01',8016229.0
'2015-12-02',6891627.0
'2015-12-03',8865885.0
'2015-12-04',14378327.0
'2015-12-07',10049820.0
'2015-12-08',6702450.0
'2015-12-09',7829201.0
'2015-12-10',4774187.0
'2015-12-11',7556167.0
'2015-12-14',7854163.0
'2015-12-15',5912664.0
'2015-12-16',7860182.0
'2015-12-17',9910891.0
'2015-12-18',10217237.0
'2015-12-21',5473056.0
'2015-12-22',4186812.0
'2015-12-23',6848821.0
'2015-12-24',2068276.0
'2015-12-28',3948019.0
'2015-12-29',4034875.0
'2015-12-30',3502173.0
'2015-12-31',4189021.0
'2016-01-04',6578657.0
'2016-01-05',5330942.0
'2016-01-06',6267622.0
'2016-01-07',12351449.0
'2016-01-08',8792216.0
'2016-01-11',8515104.0
'2016-01-12',13887782.0
'2016-01-13',8065246.0
'2016-01-14',7699787.0
'2016-01-15',10141624.0
'2016-01-19',11851070.0
'2016-01-20',10009535.0
'2016-01-21',6599555.0
'2016-01-22',5609485.0
'2016-01-25',9736522.0
'2016-01-26',9004410.0
'2016-01-27',13948010.0
'2016-01-28',10090914.0
'2016-01-29',8927103.0
'2016-02-01',9039618.0
'2016-02-02',6831853.0
'2016-02-03',16125827.0
'2016-02-04',19597281.0
'2016-02-05',16839508.0
'2016-02-08',20368613.0
'2016-02-09',24511271.0
'2016-02-10',16592781.0
'2016-02-11',20253946.0
'2016-02-12',13207850.0
'2016-02-16',14389344.0
'2016-02-17',11513303.0
'2016-02-18',14700791.0
'2016-02-19',8760995.0
'2016-02-22',11150072.0
'2016-02-23',7551863.0
'2016-02-24',12966927.0
'2016-02-25',9888233.0
'2016-02-26',11636761.0
'2016-02-29',11024587.0
'2016-03-01',11243822.0
'2016-03-02',6976203.0
'2016-03-03',8804167.0
'2016-03-04',12895107.0
'2016-03-07',9215072.0
'2016-03-08',8073748.0
'2016-03-09',9860321.0
'2016-03-10',11884709.0
'2016-03-11',9668241.0
'2016-03-14',6631538.0
'2016-03-15',6668135.0
'2016-03-16',14623188.0
'2016-03-17',9872259.0
'2016-03-18',11861211.0
'2016-03-21',5992872.0
'2016-03-22',6044803.0
'2016-03-23',13197868.0
'2016-03-24',9239970.0
'2016-03-28',4736186.0
'2016-03-29',8561233.0
'2016-03-30',8418762.0
'2016-03-31',5123364.0
'2016-04-01',6322213.0
'2016-04-04',4141762.0
'2016-04-05',6211329.0
'2016-04-06',5366413.0
'2016-04-07',8748647.0
'2016-04-08',7872672.0
'2016-04-11',12275282.0
'2016-04-12',9658470.0
'2016-04-13',9739341.0
'2016-04-14',8802770.0
'2016-04-15',6765225.0
'2016-04-18',6009157.0
'2016-04-19',8563970.0
'2016-04-20',10380085.0
'2016-04-21',12797752.0
'2016-04-22',7738160.0
'2016-04-25',5659188.0
'2016-04-26',7012576.0
'2016-04-27',8637783.0
'2016-04-28',8569629.0
'2016-04-29',11695433.0
'2016-05-02',8473798.0
'2016-05-03',7433030.0
'2016-05-04',7702358.0
'2016-05-05',6033363.0
'2016-05-06',7152678.0
'2016-05-09',8816029.0
'2016-05-10',8040613.0
'2016-05-11',9857573.0
'2016-05-12',6572002.0
'2016-05-13',8377490.0
'2016-05-16',12033176.0
'2016-05-17',9320737.0
'2016-05-18',12197828.0
'2016-05-19',10224041.0
'2016-05-20',9888721.0
'2016-05-23',7533311.0
'2016-05-24',11534619.0
'2016-05-25',10562254.0
'2016-05-26',7888920.0
'2016-05-27',8676778.0
'2016-05-31',18529862.0
'2016-06-01',8143340.0
'2016-06-02',7453320.0
'2016-06-03',11520883.0
'2016-06-06',9725891.0
'2016-06-07',6455655.0
'2016-06-08',8405243.0
'2016-06-09',6228142.0
'2016-06-10',7896079.0
'2016-06-13',7232894.0
'2016-06-14',7210714.0
'2016-06-15',8275606.0
'2016-06-16',9760469.0
'2016-06-17',16488609.0
'2016-06-20',8017141.0
'2016-06-21',5811701.0
'2016-06-22',6744886.0
'2016-06-23',5104674.0
'2016-06-24',13571573.0
'2016-06-27',10242443.0
'2016-06-28',7983345.0
'2016-06-29',7937007.0
'2016-06-30',8520005.0
'2016-07-01',9936950.0
'2016-07-05',8247544.0
'2016-07-06',10744621.0
'2016-07-07',9383516.0
'2016-07-08',10810226.0
'2016-07-11',6749582.0
'2016-07-12',9417789.0
'2016-07-13',8628857.0
'2016-07-14',7146424.0
'2016-07-15',5246798.0
'2016-07-18',4372680.0
'2016-07-19',5212556.0
'2016-07-20',9367576.0
'2016-07-21',9353364.0
'2016-07-22',6333104.0
'2016-07-25',5869816.0
'2016-07-26',5569677.0
'2016-07-27',9394248.0
'2016-07-28',6206952.0
'2016-07-29',9260846.0
'2016-08-01',5979641.0
'2016-08-02',10251924.0
'2016-08-03',6818223.0
'2016-08-04',5411421.0
'2016-08-05',7108746.0
'2016-08-08',5148744.0
'2016-08-09',5432539.0
'2016-08-10',6344544.0
'2016-08-11',4913008.0
'2016-08-12',4100274.0
'2016-08-15',3575691.0
'2016-08-16',7402753.0
'2016-08-17',8498587.0
'2016-08-18',4809563.0
'2016-08-19',5301596.0
'2016-08-22',4926735.0
'2016-08-23',3991580.0
'2016-08-24',11352907.0
'2016-08-25',8047920.0
'2016-08-26',7098838.0
'2016-08-29',5954956.0
'2016-08-30',8804161.0
'2016-08-31',8366162.0
'2016-09-01',7784101.0
'2016-09-02',8111806.0
'2016-09-06',7722809.0
'2016-09-07',5033421.0
'2016-09-08',4776771.0
'2016-09-09',7819721.0
'2016-09-12',7326380.0
'2016-09-13',6053504.0
'2016-09-14',7504610.0
'2016-09-15',7326896.0
'2016-09-16',12826627.0
'2016-09-19',5123270.0
'2016-09-20',5386610.0
'2016-09-21',11186172.0
'2016-09-22',7111518.0
'2016-09-23',7188590.0
'2016-09-26',5351459.0
'2016-09-27',6278148.0
'2016-09-28',4896198.0
'2016-09-29',4168431.0
'2016-09-30',6140455.0
'2016-10-03',5285443.0
'2016-10-04',13009219.0
'2016-10-05',8820415.0
'2016-10-06',10482122.0
'2016-10-07',8301998.0
'2016-10-10',4365770.0
'2016-10-11',7894688.0
'2016-10-12',5932192.0
'2016-10-13',5922542.0
'2016-10-14',4875268.0
'2016-10-17',4987508.0
'2016-10-18',6027543.0
'2016-10-19',7041434.0
'2016-10-20',5314908.0
'2016-10-21',4813940.0
'2016-10-24',5191940.0
'2016-10-25',6185160.0
'2016-10-26',4602013.0
'2016-10-27',8294739.0
'2016-10-28',6244888.0
'2016-10-31',8032704.0
'2016-11-01',10721019.0
'2016-11-02',8628380.0
'2016-11-03',4604237.0
'2016-11-04',5716418.0
'2016-11-07',8040394.0
'2016-11-08',7005416.0
'2016-11-09',11900546.0
'2016-11-10',11043430.0
'2016-11-11',15364107.0
'2016-11-14',13662149.0
'2016-11-15',9748480.0
'2016-11-16',6465839.0
'2016-11-17',8020381.0
'2016-11-18',8559091.0
'2016-11-21',5606443.0
'2016-11-22',7886042.0
'2016-11-23',9091025.0
'2016-11-25',3520709.0
'2016-11-28',8924866.0
'2016-11-29',7872884.0
'2016-11-30',12803067.0
'2016-12-01',13594357.0
'2016-12-02',8707646.0
'2016-12-05',9297174.0
'2016-12-06',7289501.0
'2016-12-07',8641193.0
'2016-12-08',6026549.0
'2016-12-09',9196191.0
'2016-12-12',7251347.0
'2016-12-13',8398128.0
'2016-12-14',12005242.0
'2016-12-15',11613757.0
'2016-12-16',16748544.0
'2016-12-19',6990002.0
'2016-12-20',5781062.0
'2016-12-21',5305752.0
'2016-12-22',4499824.0
'2016-12-23',4801714.0
'2016-12-27',5522720.0
'2016-12-28',6162676.0
'2016-12-29',12097002.0
'2016-12-30',11056177.0
'2017-01-03',8000925.0
'2017-01-04',7551779.0
'2017-01-05',10484364.0
'2017-01-06',7380014.0
'2017-01-09',9028455.0
'2017-01-10',7583382.0
'2017-01-11',10796695.0
'2017-01-12',7438878.0
'2017-01-13',5209574.0
'2017-01-17',6762671.0
'2017-01-18',7530280.0
'2017-01-19',6274068.0
'2017-01-20',6267274.0
'2017-01-23',5879543.0
'2017-01-24',8576829.0
'2017-01-25',9617704.0
'2017-01-26',7629256.0
'2017-01-27',4464932.0
'2017-01-30',5456379.0
'2017-01-31',7725198.0
'2017-02-01',5210134.0
'2017-02-02',6435359.0
'2017-02-03',4651749.0
'2017-02-06',7001692.0
'2017-02-07',5430097.0
'2017-02-08',6187131.0
'2017-02-09',5051106.0
'2017-02-10',5166439.0
'2017-02-13',5312389.0
'2017-02-14',5607481.0
'2017-02-15',4339803.0
'2017-02-16',5791343.0
'2017-02-17',5687859.0
'2017-02-21',5838565.0
'2017-02-22',10081934.0
'2017-02-23',6375965.0
'2017-02-24',6940289.0
'2017-02-27',9435925.0
'2017-02-28',9200102.0
'2017-03-01',7990391.0
'2017-03-02',7457937.0
'2017-03-03',7793012.0
'2017-03-06',6954520.0
'2017-03-07',6985485.0
'2017-03-08',6441961.0
'2017-03-09',6002571.0
'2017-03-10',5165246.0
'2017-03-13',5140182.0
'2017-03-14',5640019.0
'2017-03-15',7677220.0
'2017-03-16',9823178.0
'2017-03-17',12153981.0
'2017-03-20',4462366.0
'2017-03-21',7806761.0
'2017-03-22',5400324.0
'2017-03-23',6515675.0
'2017-03-24',3728519.0
'2017-03-27',8041100.0
'2017-03-28',7314405.0
'2017-03-29',3646732.0
'2017-03-30',3199027.0
'2017-03-31',4907407.0
'2017-04-03',4680115.0
'2017-04-04',4432347.0
'2017-04-05',4764791.0
'2017-04-06',3456204.0
'2017-04-07',5300175.0
'2017-04-10',3640173.0
'2017-04-11',6272235.0
'2017-04-12',4701151.0
'2017-04-13',4889442.0
'2017-04-17',4234999.0
'2017-04-18',5122561.0
'2017-04-19',7183680.0
'2017-04-20',6495953.0
'2017-04-21',7208182.0
'2017-04-24',8432485.0
'2017-04-25',12615266.0
'2017-04-26',8567379.0
'2017-04-27',11626694.0
'2017-04-28',9427748.0
'2017-05-01',6648944.0
'2017-05-02',5389732.0
'2017-05-03',5595790.0
'2017-05-04',6785799.0
'2017-05-05',3994656.0
'2017-05-08',3303450.0
'2017-05-09',3116803.0
'2017-05-10',4372243.0
'2017-05-11',5227912.0
'2017-05-12',4557019.0
'2017-05-15',3960264.0
'2017-05-16',3930763.0
'2017-05-17',6445440.0
'2017-05-18',5675227.0
'2017-05-19',5040531.0
'2017-05-22',3863789.0
'2017-05-23',4613233.0
'2017-05-24',5903327.0
'2017-05-25',3660473.0
'2017-05-26',4549316.0
'2017-05-30',3816921.0
'2017-05-31',6508282.0
'2017-06-01',3672440.0
'2017-06-02',4521921.0
'2017-06-05',3103023.0
'2017-06-06',8024596.0
'2017-06-07',4612081.0
'2017-06-08',5657248.0
'2017-06-09',4609478.0
'2017-06-12',4358345.0
'2017-06-13',3926635.0
'2017-06-14',6495962.0
'2017-06-15',6785939.0
'2017-06-16',7167572.0