'2009-02-24',15660800.0
'2009-02-25',10321300.0
'2009-02-26',12265800.0
'2009-02-27',13790000.0
'2009-03-02',9074000.0
'2009-03-03',11095800.0
'2009-03-04',10075900.0
'2009-03-05',11089900.0
'2009-03-06',13512100.0
'2009-03-09',9523500.0
'2009-03-10',15737100.0
'2009-03-11',8197200.0
'2009-03-12',16264400.0
'2009-03-13',15060200.0
'2009-03-16',17621900.0
'2009-03-17',14880100.0
'2009-03-18',12418100.0
'2009-03-19',10918100.0
'2009-03-20',16750400.0
'2009-03-23',12286900.0
'2009-03-24',12184500.0
'2009-03-25',18617000.0
'2009-03-26',20597700.0
'2009-03-27',10356400.0
'2009-03-30',8897000.0
'2009-03-31',12226300.0
'2009-04-01',9945200.0
'2009-04-02',19706200.0
'2009-04-03',11368100.0
'2009-04-06',8869100.0
'2009-04-07',9903200.0
'2009-04-08',8986400.0
'2009-04-09',11980200.0
'2009-04-13',7923400.0
'2009-04-14',14643600.0
'2009-04-15',18200000.0
'2009-04-16',18334500.0
'2009-04-17',18097500.0
'2009-04-20',12591600.0
'2009-04-21',13792600.0
'2009-04-22',22396300.0
'2009-04-23',24049800.0
'2009-04-24',18052600.0
'2009-04-27',14326700.0
'2009-04-28',16529800.0
'2009-04-29',15067000.0
'2009-04-30',33577900.0
'2009-05-01',19302800.0
'2009-05-04',16279100.0
'2009-05-05',11808100.0
'2009-05-06',13216600.0
'2009-05-07',16102900.0
'2009-05-08',18235400.0
'2009-05-11',11759600.0
'2009-05-12',9964100.0
'2009-05-13',11517200.0
'2009-05-14',9191800.0
'2009-05-15',11453500.0
'2009-05-18',9096100.0
'2009-05-19',6794100.0
'2009-05-20',17026000.0
'2009-05-21',21563100.0
'2009-05-22',16848600.0
'2009-05-26',15847800.0
'2009-05-27',10879100.0
'2009-05-28',13410500.0
'2009-05-29',17483500.0
'2009-06-01',11616500.0
'2009-06-02',8498500.0
'2009-06-03',13571000.0
'2009-06-04',13720400.0
'2009-06-05',8627400.0
'2009-06-08',11981900.0
'2009-06-09',9466000.0
'2009-06-10',12264500.0
'2009-06-11',14525600.0
'2009-06-12',10849600.0
'2009-06-15',8858900.0
'2009-06-16',9079800.0
'2009-06-17',15168900.0
'2009-06-18',8661300.0
'2009-06-19',12846600.0
'2009-06-22',10290900.0
'2009-06-23',15469100.0
'2009-06-24',9975400.0
'2009-06-25',12042800.0
'2009-06-26',14921100.0
'2009-06-29',6652900.0
'2009-06-30',21566400.0
'2009-07-01',14710200.0
'2009-07-02',13383400.0
'2009-07-06',9209100.0
'2009-07-07',9431200.0
'2009-07-08',13017700.0
'2009-07-09',19771100.0
'2009-07-10',10427000.0
'2009-07-13',14894500.0
'2009-07-14',12585400.0
'2009-07-15',11759900.0
'2009-07-16',7819200.0
'2009-07-17',8677100.0
'2009-07-20',10515900.0
'2009-07-21',16794200.0
'2009-07-22',76003900.0
'2009-07-23',23894700.0
'2009-07-24',10507100.0
'2009-07-27',12886000.0
'2009-07-28',8616300.0
'2009-07-29',8460600.0
'2009-07-30',13890300.0
'2009-07-31',9435600.0
'2009-08-03',14490500.0
'2009-08-04',14963900.0
'2009-08-05',17782600.0
'2009-08-06',13568700.0
'2009-08-07',14509700.0
'2009-08-10',16351600.0
'2009-08-11',13863600.0
'2009-08-12',12443600.0
'2009-08-13',14953200.0
'2009-08-14',11638100.0
'2009-08-17',11296300.0
'2009-08-18',8941100.0
'2009-08-19',8891100.0
'2009-08-20',9076900.0
'2009-08-21',9434900.0
'2009-08-24',10992800.0
'2009-08-25',9932400.0
'2009-08-26',8390900.0
'2009-08-27',8092200.0
'2009-08-28',6648200.0
'2009-08-31',10591700.0
'2009-08-14',11638100.0
'2009-08-17',11296300.0
'2009-08-18',8941100.0
'2009-08-19',8891100.0
'2009-08-20',9076900.0
'2009-08-21',9434900.0
'2009-08-24',10992800.0
'2009-08-25',9932400.0
'2009-08-26',8390900.0
'2009-08-27',8092200.0
'2009-08-28',6648200.0
'2009-08-31',10591700.0
'2009-09-01',14668500.0
'2009-09-02',8550100.0
'2009-09-03',11313600.0
'2009-09-04',7856600.0
'2009-09-08',7429200.0
'2009-09-09',20606500.0
'2009-09-10',16375300.0
'2009-09-11',9638200.0
'2009-09-14',9215300.0
'2009-09-15',10760000.0
'2009-09-16',9987400.0
'2009-09-17',9714400.0
'2009-09-18',14498600.0
'2009-09-21',9089500.0
'2009-09-22',7151200.0
'2009-09-23',11827100.0
'2009-09-24',16467000.0
'2009-09-25',17939900.0
'2009-09-28',12923600.0
'2009-09-29',9307700.0
'2009-09-30',14158200.0
'2009-10-01',11801600.0
'2009-10-02',8507600.0
'2009-10-05',7284000.0
'2009-10-06',10892400.0
'2009-10-07',6997100.0
'2009-10-08',10436300.0
'2009-10-09',8891200.0
'2009-10-12',10019300.0
'2009-10-13',6759200.0
'2009-10-14',7438500.0
'2009-10-15',10143300.0
'2009-10-16',10125400.0
'2009-10-19',7698300.0
'2009-10-20',5922500.0
'2009-10-21',10412800.0
'2009-10-22',7857400.0
'2009-10-23',6479800.0
'2009-10-26',10386100.0
'2009-10-27',16997700.0
'2009-10-28',13505400.0
'2009-10-29',11181900.0
'2009-10-30',12435300.0
'2009-11-02',11167100.0
'2009-11-03',9096400.0
'2009-11-04',11721900.0
'2009-11-05',14011100.0
'2009-11-06',28724000.0
'2009-11-09',13679900.0
'2009-11-10',13365500.0
'2009-11-11',12035700.0
'2009-11-12',9664200.0
'2009-11-13',8541500.0
'2009-11-16',8865200.0
'2009-11-17',7229400.0
'2009-11-18',8037100.0
'2009-11-19',10274000.0
'2009-11-20',6475100.0
'2009-11-23',12694000.0
'2009-11-24',8993600.0
'2009-11-25',7432400.0
'2009-11-27',4439400.0
'2009-11-30',11958500.0
'2009-12-01',9310900.0
'2009-12-02',7438400.0
'2009-12-03',9554800.0
'2009-12-04',12869100.0
'2009-12-07',5465500.0
'2009-12-08',6011500.0
'2009-12-09',6683500.0
'2009-12-10',21144700.0
'2009-12-11',11370700.0
'2009-12-14',9048100.0
'2009-12-15',6976300.0
'2009-12-16',7899200.0
'2009-12-17',6241600.0
'2009-12-18',29971900.0
'2009-12-21',11827100.0
'2009-12-22',8087800.0
'2009-12-23',4256600.0
'2009-12-24',2048000.0
'2009-12-28',5163800.0
'2009-12-29',7400800.0
'2009-12-30',4604200.0
'2009-12-31',3763200.0
'2010-01-04',8185000.0
'2010-01-05',15029400.0
'2010-01-06',7104800.0
'2010-01-07',5128000.0
'2010-01-08',5137400.0
'2010-01-11',5693500.0
'2010-01-12',7714800.0
'2010-01-13',7549200.0
'2010-01-14',7758700.0
'2010-01-15',10931300.0
'2010-01-19',9454100.0
'2010-01-20',16975200.0
'2010-01-21',26835400.0
'2010-01-22',12278800.0
'2010-01-25',12336900.0
'2010-01-26',11246300.0
'2010-01-27',10600100.0
'2010-01-28',14365200.0
'2010-01-29',9370900.0
'2010-02-01',6749400.0
'2010-02-02',7668100.0
'2010-02-03',7469300.0
'2010-02-04',9771200.0
'2010-02-05',11034900.0
'2010-02-08',7994300.0
'2010-02-09',10408100.0
'2010-02-10',10016400.0
'2010-02-11',9259100.0
'2010-02-12',7875400.0
'2010-02-16',8410000.0
'2010-02-17',6475200.0
'2010-02-18',4650300.0
'2010-02-19',4865900.0
'2010-02-22',8491900.0
'2010-02-23',8254200.0
'2010-02-24',6460500.0
'2010-02-25',9311900.0
'2010-02-26',6050000.0
'2010-03-01',6351500.0
'2010-03-02',8561100.0
'2010-03-03',5517500.0
'2010-03-04',6446300.0
'2010-03-05',6164400.0
'2010-03-08',4498600.0
'2010-03-09',6678600.0
'2010-03-10',12232100.0
'2010-03-11',8989500.0
'2010-03-12',6416700.0
'2010-03-15',5920900.0
'2010-03-16',16900100.0
'2010-03-17',10682500.0
'2010-03-18',10706800.0
'2010-03-19',11019300.0
'2010-03-22',8164800.0
'2010-03-23',8828000.0
'2010-03-24',12147200.0
'2010-03-25',18981100.0
'2010-03-26',10231800.0
'2010-03-29',6859000.0
'2010-03-30',6393100.0
'2010-03-31',7544300.0
'2010-04-01',7775600.0
'2010-04-05',7882900.0
'2010-04-06',5794600.0
'2010-04-07',8405400.0
'2010-04-08',7158900.0
'2010-04-09',6190500.0
'2010-04-12',6303100.0
'2010-04-13',7352400.0
'2010-04-14',7874900.0
'2010-04-15',9603200.0
'2010-04-16',10907000.0
'2010-04-19',8491500.0
'2010-04-20',7532600.0
'2010-04-21',13733000.0
'2010-04-22',31041400.0
'2010-04-23',10449200.0
'2010-04-26',7938200.0
'2010-04-27',9619800.0
'2010-04-28',10596300.0
'2010-04-29',7596300.0
'2010-04-30',7503200.0
'2010-05-03',9665500.0
'2010-05-04',11235100.0
'2010-05-05',11152900.0
'2010-05-06',17784200.0
'2010-05-07',22407500.0
'2010-05-10',14667000.0
'2010-05-11',11994300.0
'2010-05-12',11667300.0
'2010-05-13',10962700.0
'2010-05-14',11540900.0
'2010-05-17',8825800.0
'2010-05-18',8559000.0
'2010-05-19',10356800.0
'2010-05-20',12599200.0
'2010-05-21',12866600.0
'2010-05-24',8539800.0
'2010-05-25',11876900.0
'2010-05-26',12102400.0
'2010-05-27',10051800.0
'2010-05-28',8261800.0
'2010-06-01',9767200.0
'2010-06-02',9957500.0
'2010-06-03',9229100.0
'2010-06-04',11408900.0
'2010-06-07',9832100.0
'2010-06-08',9935600.0
'2010-06-09',11860600.0
'2010-06-10',9438200.0
'2010-06-11',8637900.0
'2010-06-14',8740100.0
'2010-06-15',8673900.0
'2010-06-16',9484800.0
'2010-06-17',7177900.0
'2010-06-18',9419000.0
'2010-06-21',6619300.0
'2010-06-22',10266600.0
'2010-06-23',7896000.0
'2010-06-24',6479700.0
'2010-06-25',8934800.0
'2010-06-28',7139100.0
'2010-06-29',18946700.0
'2010-06-30',16965000.0
'2010-07-01',15749700.0
'2010-07-02',8465400.0
'2010-07-06',14642400.0
'2010-07-07',9085200.0
'2010-07-08',10493200.0
'2010-07-09',7087100.0
'2010-07-12',6453100.0
'2010-07-13',7960600.0
'2010-07-14',5958100.0
'2010-07-15',6291700.0
'2010-07-16',9791900.0
'2010-07-19',7269600.0
'2010-07-20',7418000.0
'2010-07-21',12065400.0
'2010-07-22',19423000.0
'2010-07-23',8948900.0
'2010-07-26',9751000.0
'2010-07-27',8599700.0
'2010-07-28',7716200.0
'2010-07-29',6706400.0
'2010-07-30',7841200.0
'2010-08-02',8337000.0
'2010-08-03',7189000.0
'2010-08-04',7330300.0
'2010-08-05',7672300.0
'2010-08-06',7490900.0
'2010-08-09',5178800.0
'2010-08-10',6450500.0
'2010-08-11',9224800.0
'2010-08-12',5982000.0
'2010-08-13',6097100.0
'2010-08-16',7362200.0
'2010-08-17',7030700.0
'2010-08-18',6822800.0
'2010-08-19',6811800.0
'2010-08-20',5454800.0
'2010-08-23',6615000.0
'2010-08-24',13907500.0
'2010-08-25',10122100.0
'2010-08-26',7530000.0
'2010-08-27',6054500.0
'2010-08-30',5963000.0
'2010-08-31',10568300.0
'2010-09-01',7182600.0
'2010-09-02',11966200.0
'2010-09-03',5886700.0
'2010-09-07',6415200.0
'2010-09-08',6102700.0
'2010-09-09',5164600.0
'2010-09-10',6399300.0
'2010-09-13',8682300.0
'2010-09-14',6126600.0
'2010-09-15',5575600.0
'2010-09-16',4184200.0
'2010-09-17',8347400.0
'2010-09-20',6612600.0
'2010-09-21',7179100.0
'2010-09-22',6124200.0
'2010-09-23',7034200.0
'2010-09-24',11601900.0
'2010-09-27',7616000.0
'2010-09-28',7484500.0
'2010-09-29',6533000.0
'2010-09-30',8370300.0
'2010-10-01',8727700.0
'2010-10-04',5455300.0
'2010-10-05',7143600.0
'2010-10-06',7399000.0
'2010-10-07',5190200.0
'2010-10-08',4611200.0
'2010-10-11',5742200.0
'2010-10-12',14510100.0
'2010-10-13',7309300.0
'2010-10-14',7300800.0
'2010-10-15',5911900.0
'2010-10-18',5482400.0
'2010-10-19',6827500.0
'2010-10-20',6678000.0
'2010-10-21',5317300.0
'2010-10-22',11385400.0
'2010-10-25',5698200.0
'2010-10-26',4756800.0
'2010-10-27',5567000.0
'2010-10-28',4065800.0
'2010-10-29',6767500.0
'2010-11-01',5546600.0
'2010-11-02',4645300.0
'2010-11-03',6679700.0
'2010-11-04',14752700.0
'2010-11-05',18320300.0
'2010-11-08',7806500.0
'2010-11-09',7523800.0
'2010-11-10',7585700.0
'2010-11-11',5698700.0
'2010-11-12',6461000.0
'2010-11-15',9484500.0
'2010-11-16',7422900.0
'2010-11-17',5243000.0
'2010-11-18',6800600.0
'2010-11-19',6761000.0
'2010-11-22',6712500.0
'2010-11-23',8597800.0
'2010-11-24',10305900.0
'2010-11-26',2325600.0
'2010-11-29',6755200.0
'2010-11-30',8593100.0
'2010-12-01',10192300.0
'2010-12-02',10050300.0
'2010-12-03',8217500.0
'2010-12-06',5138000.0
'2010-12-07',6767900.0
'2010-12-08',4295200.0
'2010-12-09',5860400.0
'2010-12-10',4104000.0
'2010-12-13',5454200.0
'2010-12-14',5041800.0
'2010-12-15',6894000.0
'2010-12-16',8036000.0
'2010-12-17',8959200.0
'2010-12-20',4330000.0
'2010-12-21',3673500.0
'2010-12-22',3392600.0
'2010-12-23',3383600.0
'2010-12-27',2334400.0
'2010-12-28',3117000.0
'2010-12-29',2334300.0
'2010-12-30',2453600.0
'2010-12-31',3173100.0
'2011-01-03',6382300.0
'2011-01-04',6653000.0
'2011-01-05',5750900.0
'2011-01-06',6626700.0
'2011-01-07',9895700.0
'2011-01-10',7770300.0
'2011-01-11',8050100.0
'2011-01-12',8209700.0
'2011-01-13',5617500.0
'2011-01-14',5632900.0
'2011-01-18',7841200.0
'2011-01-19',6491000.0
'2011-01-20',9320700.0
'2011-01-21',11564900.0
'2011-01-24',5987400.0
'2011-01-25',9126400.0
'2011-01-26',18623900.0
'2011-01-27',16465900.0
'2011-01-28',13411700.0
'2011-01-31',12585900.0
'2011-02-01',10524900.0
'2011-02-02',6549500.0
'2011-02-03',6391300.0
'2011-02-04',7196700.0
'2011-02-07',6160200.0
'2011-02-08',6782700.0
'2011-02-09',4332700.0
'2011-02-10',8927800.0
'2011-02-11',6129600.0
'2011-02-14',7980600.0
'2011-02-15',5666000.0
'2011-02-16',5335800.0
'2011-02-17',4895700.0
'2011-02-18',7940800.0
'2011-02-22',7550800.0
'2011-02-23',8340000.0
'2011-02-24',9428100.0
'2011-02-25',9662800.0
'2011-02-28',9013700.0
'2011-03-01',10235500.0
'2011-03-02',8126800.0
'2011-03-03',6553800.0
'2011-03-04',8120500.0
'2011-03-07',13232900.0
'2011-03-08',8486700.0
'2011-03-09',8364300.0
'2011-03-10',36103100.0
'2011-03-11',15243000.0
'2011-03-14',12495900.0
'2011-03-15',8981800.0
'2011-03-16',9715200.0
'2011-03-17',6431000.0
'2011-03-18',11683300.0
'2011-03-21',5085700.0
'2011-03-22',6042600.0
'2011-03-23',11479100.0
'2011-03-24',15856100.0
'2011-03-25',6741200.0
'2011-03-28',7158700.0
'2011-03-29',6027000.0
'2011-03-30',5967600.0
'2011-03-31',6378900.0
'2011-04-01',5470100.0
'2011-04-04',5443400.0
'2011-04-05',5374900.0
'2011-04-06',4016400.0
'2011-04-07',5974900.0
'2011-04-08',5506300.0
'2011-04-11',4790000.0
'2011-04-12',5205600.0
'2011-04-13',4564400.0
'2011-04-14',4898500.0
'2011-04-15',6367000.0
'2011-04-18',5566700.0
'2011-04-19',5287200.0
'2011-04-20',6549400.0
'2011-04-21',6475200.0
'2011-04-25',4077800.0
'2011-04-26',7000000.0
'2011-04-27',9166700.0
'2011-04-28',11400000.0
'2011-04-29',20040300.0
'2011-05-02',7590300.0
'2011-05-03',6100000.0
'2011-05-04',5821200.0
'2011-05-05',4800000.0
'2011-05-06',6530300.0
'2011-05-09',4904600.0
'2011-05-10',6245100.0
'2011-05-11',6500000.0
'2011-05-12',4500000.0
'2011-05-13',5201500.0
'2011-05-16',7060500.0
'2011-05-17',8766500.0
'2011-05-18',10823300.0
'2011-05-19',7852000.0
'2011-05-20',5268700.0
'2011-05-23',6100000.0
'2011-05-24',4863300.0
'2011-05-25',4771800.0
'2011-05-26',4877800.0
'2011-05-27',2989700.0
'2011-05-31',4990800.0
'2011-06-01',8538700.0
'2011-06-02',3998000.0
'2011-06-03',7310300.0
'2011-06-06',9302300.0
'2011-06-07',5128000.0
'2011-06-08',5161000.0
'2011-06-09',4602600.0
'2011-06-10',5790100.0
'2011-06-13',6418900.0
'2011-06-14',5046800.0
'2011-06-15',4970700.0
'2011-06-16',6525300.0
'2011-06-17',6842100.0
'2011-06-20',5771000.0
'2011-06-21',6716300.0
'2011-06-22',9019400.0
'2011-06-23',9672000.0
'2011-06-24',5085300.0
'2011-06-27',6054400.0
'2011-06-28',8981500.0
'2011-06-29',7013300.0
'2011-06-30',5500600.0
'2011-07-01',6439100.0
'2011-07-05',7263100.0
'2011-07-06',6206300.0
'2011-07-07',10829400.0
'2011-07-08',5606100.0
'2011-07-11',5631400.0
'2011-07-12',5874000.0
'2011-07-13',5620300.0
'2011-07-14',6694700.0
'2011-07-15',6657700.0
'2011-07-18',4357200.0
'2011-07-19',5751400.0
'2011-07-20',5578100.0
'2011-07-21',6191300.0
'2011-07-22',3195000.0
'2011-07-25',5042000.0
'2011-07-26',5376200.0
'2011-07-27',7452100.0
'2011-07-28',14654900.0
'2011-07-29',15588700.0
'2011-08-01',8122800.0
'2011-08-02',8081300.0
'2011-08-03',7426300.0
'2011-08-04',10174200.0
'2011-08-05',13406300.0
'2011-08-08',17240600.0
'2011-08-09',16099900.0
'2011-08-10',14127800.0
'2011-08-11',11582100.0
'2011-08-12',6482600.0
'2011-08-15',7823000.0
'2011-08-16',11313200.0
'2011-08-17',6360600.0
'2011-08-18',21488600.0
'2011-08-19',12794900.0
'2011-08-22',8954000.0
'2011-08-23',9308200.0
'2011-08-24',7857300.0
'2011-08-25',6114800.0
'2011-08-26',8195200.0
'2011-08-29',4749400.0
'2011-08-30',5165800.0
'2011-08-31',7296700.0
'2011-09-01',5791400.0
'2011-09-02',4881200.0
'2011-09-06',6135000.0
'2011-09-07',8398900.0
'2011-09-08',7886900.0
'2011-09-09',10514600.0
'2011-09-12',8122500.0
'2011-09-13',6159400.0
'2011-09-14',9081300.0
'2011-09-15',7575600.0
'2011-09-16',9350700.0
'2011-09-19',10671300.0
'2011-09-20',8998200.0
'2011-09-21',7848700.0
'2011-09-22',10698300.0
'2011-09-23',8106700.0
'2011-09-26',8284100.0
'2011-09-27',6383300.0
'2011-09-28',6071600.0
'2011-09-29',12527000.0
'2011-09-30',8521600.0
'2011-10-03',13810000.0
'2011-10-04',12344600.0
'2011-10-05',8808100.0
'2011-10-06',5732100.0
'2011-10-07',8405500.0
'2011-10-10',7010700.0
'2011-10-11',7518500.0
'2011-10-12',6479600.0
'2011-10-13',6375200.0
'2011-10-14',5624500.0
'2011-10-17',5229900.0
'2011-10-18',7600500.0
'2011-10-19',6930800.0
'2011-10-20',4661000.0
'2011-10-21',6970000.0
'2011-10-24',6103400.0
'2011-10-25',7019200.0
'2011-10-26',6030000.0
'2011-10-27',6064800.0
'2011-10-28',5967700.0
'2011-10-31',5271500.0
'2011-11-01',7719400.0
'2011-11-02',6742000.0
'2011-11-03',10852800.0
'2011-11-04',17108000.0
'2011-11-07',10468000.0
'2011-11-08',6039900.0
'2011-11-09',8124000.0
'2011-11-10',7391800.0
'2011-11-11',4724400.0
'2011-11-14',4908900.0
'2011-11-15',4055400.0
'2011-11-16',5901900.0
'2011-11-17',6756000.0
'2011-11-18',5823300.0
'2011-11-21',6043400.0
'2011-11-22',5963000.0
'2011-11-23',5340300.0
'2011-11-25',2552400.0
'2011-11-28',5001800.0
'2011-11-29',5633400.0
'2011-11-30',7011600.0
'2011-12-01',4171800.0
'2011-12-02',6105300.0
'2011-12-05',6950700.0
'2011-12-06',4114200.0
'2011-12-07',4104400.0
'2011-12-08',4939400.0
'2011-12-09',5447000.0
'2011-12-12',4623100.0
'2011-12-13',7243200.0
'2011-12-14',6193900.0
'2011-12-15',5371600.0
'2011-12-16',6640600.0
'2011-12-19',5232100.0
'2011-12-20',6499600.0
'2011-12-21',4621400.0
'2011-12-22',3948000.0
'2011-12-23',2533900.0
'2011-12-27',2895600.0
'2011-12-28',3915500.0
'2011-12-29',3832200.0
'2011-12-30',2683300.0
'2012-01-03',6461200.0
'2012-01-04',6943400.0
'2012-01-05',4865900.0
'2012-01-06',4052700.0
'2012-01-09',3630800.0
'2012-01-10',3934000.0
'2012-01-11',4100500.0
'2012-01-12',4486700.0
'2012-01-13',4769100.0
'2012-01-17',3768300.0
'2012-01-18',5609700.0
'2012-01-19',5270400.0
'2012-01-20',4791100.0
'2012-01-23',7581500.0
'2012-01-24',5154600.0
'2012-01-25',7139500.0
'2012-01-26',12491100.0
'2012-01-27',13486700.0
'2012-01-30',8229300.0
'2012-01-31',5865600.0
'2012-02-01',8272800.0
'2012-02-02',5988900.0
'2012-02-03',4997900.0
'2012-02-06',3707600.0
'2012-02-07',3175900.0
'2012-02-08',3836100.0
'2012-02-09',4756800.0
'2012-02-10',4088200.0
'2012-02-13',3858300.0
'2012-02-14',3310600.0
'2012-02-15',4046300.0
'2012-02-16',4883200.0
'2012-02-17',6352900.0
'2012-02-21',4145800.0
'2012-02-22',4324700.0
'2012-02-23',4126700.0
'2012-02-24',3276700.0
'2012-02-27',3356500.0
'2012-02-28',3826600.0
'2012-02-29',5122600.0
'2012-03-01',4336500.0
'2012-03-02',4088700.0
'2012-03-05',4453300.0
'2012-03-06',4103700.0
'2012-03-07',5710600.0
'2012-03-08',8315800.0
'2012-03-09',14187900.0
'2012-03-12',6811800.0
'2012-03-13',9235800.0
'2012-03-14',7369800.0
'2012-03-15',6318100.0
'2012-03-16',11996600.0
'2012-03-19',5717600.0
'2012-03-20',6308200.0
'2012-03-21',4261400.0
'2012-03-22',10701200.0
'2012-03-23',6877400.0
'2012-03-26',6566400.0
'2012-03-27',6710500.0
'2012-03-28',6049100.0
'2012-03-29',6701200.0
'2012-03-30',4483700.0
'2012-04-02',6090300.0
'2012-04-03',5932700.0
'2012-04-04',7075400.0
'2012-04-05',8180000.0
'2012-04-09',6305400.0
'2012-04-10',9078000.0
'2012-04-11',12088200.0
'2012-04-12',12208600.0
'2012-04-13',15271200.0
'2012-04-16',12683900.0
'2012-04-17',15274100.0
'2012-04-18',9065200.0
'2012-04-19',9283600.0
'2012-04-20',8067400.0
'2012-04-23',7601100.0
'2012-04-24',8998000.0
'2012-04-25',7054300.0
'2012-04-26',14939700.0
'2012-04-27',27360000.0
'2012-04-30',9323700.0
'2012-05-01',6633600.0
'2012-05-02',6958300.0
'2012-05-03',8203400.0
'2012-05-04',9131600.0
'2012-05-07',6322500.0
'2012-05-08',10374300.0
'2012-05-09',8616100.0
'2012-05-10',7556100.0
'2012-05-11',7227900.0
'2012-05-14',5897300.0
'2012-05-15',9889900.0
'2012-05-16',7909000.0
'2012-05-17',8980000.0
'2012-05-18',11369100.0
'2012-05-21',10347500.0
'2012-05-22',7878500.0
'2012-05-23',9249200.0
'2012-05-24',10118400.0
'2012-05-25',5084700.0
'2012-05-29',6491000.0
'2012-05-30',5206300.0
'2012-05-31',7527600.0
'2012-06-01',8728200.0
'2012-06-04',12251400.0
'2012-06-05',11168800.0
'2012-06-06',6990200.0
'2012-06-07',7237800.0
'2012-06-08',6254900.0
'2012-06-11',4885000.0
'2012-06-12',10537700.0
'2012-06-13',10722800.0
'2012-06-14',8004800.0
'2012-06-15',10054400.0
'2012-06-18',7955500.0
'2012-06-19',7516200.0
'2012-06-20',7483600.0
'2012-06-21',6189900.0
'2012-06-22',4574400.0
'2012-06-25',5002900.0
'2012-06-26',4733500.0
'2012-06-27',7007900.0
'2012-06-28',7825100.0
'2012-06-29',8491600.0
'2012-07-02',5135400.0
'2012-07-03',4556400.0
'2012-07-05',4376100.0
'2012-07-06',6048100.0
'2012-07-09',4664300.0
'2012-07-10',5279100.0
'2012-07-11',4350000.0
'2012-07-12',5490400.0
'2012-07-13',5544800.0
'2012-07-16',4659400.0
'2012-07-17',4235000.0
'2012-07-18',5511700.0
'2012-07-19',5213100.0
'2012-07-20',11735700.0
'2012-07-23',10583100.0
'2012-07-24',6039600.0
'2012-07-25',6578900.0
'2012-07-26',14190200.0
'2012-07-27',28472600.0
'2012-07-30',8748600.0
'2012-07-31',15212700.0
'2012-08-01',16713500.0
'2012-08-02',15380100.0
'2012-08-03',12236400.0
'2012-08-06',9955600.0
'2012-08-07',12522700.0
'2012-08-08',8313600.0
'2012-08-09',9088800.0
'2012-08-10',6756100.0
'2012-08-13',8393100.0
'2012-08-14',7066000.0
'2012-08-15',14702400.0
'2012-08-16',9694600.0
'2012-08-17',8544600.0
'2012-08-20',6148900.0
'2012-08-21',7140100.0
'2012-08-22',5908800.0
'2012-08-23',6537900.0
'2012-08-24',9078100.0
'2012-08-27',8044900.0
'2012-08-28',6662800.0
'2012-08-29',6151500.0
'2012-08-30',7959100.0
'2012-08-31',5934100.0
'2012-09-04',5403100.0
'2012-09-05',6488200.0
'2012-09-06',5681600.0
'2012-09-07',5144100.0
'2012-09-10',6892000.0
'2012-09-11',6728100.0
'2012-09-12',5638700.0
'2012-09-13',5676000.0
'2012-09-14',12083600.0
'2012-09-17',10977700.0
'2012-09-18',8534400.0
'2012-09-19',7138600.0
'2012-09-20',9019900.0
'2012-09-21',9064000.0
'2012-09-24',4633500.0
'2012-09-25',7089200.0
'2012-09-26',6985400.0
'2012-09-27',5876200.0
'2012-09-28',8029300.0
'2012-10-01',7716300.0
'2012-10-02',10930100.0
'2012-10-03',7520100.0
'2012-10-04',12408100.0
'2012-10-05',8958500.0
'2012-10-08',7747800.0
'2012-10-09',12143200.0
'2012-10-10',11022000.0
'2012-10-11',8644200.0
'2012-10-12',8516400.0
'2012-10-15',6793800.0
'2012-10-16',8740300.0
'2012-10-17',7265500.0
'2012-10-18',9843200.0
'2012-10-19',18380000.0
'2012-10-22',8248700.0
'2012-10-23',11223800.0
'2012-10-24',8721900.0
'2012-10-25',11754100.0
'2012-10-26',10866400.0
'2012-10-31',8934600.0
'2012-11-01',12541200.0
'2012-11-02',27482700.0
'2012-11-05',10126900.0
'2012-11-06',8080800.0
'2012-11-07',9766000.0
'2012-11-08',7719000.0
'2012-11-09',7178200.0
'2012-11-12',4843900.0
'2012-11-13',4911200.0
'2012-11-14',11012200.0
'2012-11-15',7889000.0
'2012-11-16',9302200.0
'2012-11-19',6333300.0
'2012-11-20',5485800.0
'2012-11-21',4045200.0
'2012-11-23',2474700.0
'2012-11-26',3900500.0
'2012-11-27',5400300.0
'2012-11-28',5451500.0
'2012-11-29',6414500.0
'2012-11-30',5998700.0
'2012-12-03',6888000.0
'2012-12-04',6119500.0
'2012-12-05',13820100.0
'2012-12-06',24931000.0
'2012-12-07',10622100.0
'2012-12-10',7422200.0
'2012-12-11',7505700.0
'2012-12-12',9276500.0
'2012-12-13',7180300.0
'2012-12-14',4828100.0
'2012-12-17',8057400.0
'2012-12-18',7690400.0
'2012-12-19',7118600.0
'2012-12-20',4898900.0
'2012-12-21',11076800.0
'2012-12-24',1702900.0
'2012-12-26',3047100.0
'2012-12-27',4583600.0
'2012-12-28',3395700.0
'2012-12-31',4623500.0
'2013-01-02',6633800.0
'2013-01-03',7335200.0
'2013-01-04',5455700.0
'2013-01-07',4360000.0
'2013-01-08',4806700.0
'2013-01-09',8339200.0
'2013-01-10',7183800.0
'2013-01-11',6651300.0
'2013-01-14',5798200.0
'2013-01-15',6573900.0
'2013-01-16',4459500.0
'2013-01-17',4506500.0
'2013-01-18',6545800.0
'2013-01-22',5982500.0
'2013-01-23',5450400.0
'2013-01-24',11736800.0
'2013-01-25',15398600.0
'2013-01-28',6612400.0
'2013-01-29',6046300.0
'2013-01-30',6573800.0
'2013-01-31',5291500.0
'2013-02-01',4803100.0
'2013-02-04',3963200.0
'2013-02-05',4075700.0
'2013-02-06',3724500.0
'2013-02-07',4561800.0
'2013-02-08',3573200.0
'2013-02-11',2728700.0
'2013-02-12',4332800.0
'2013-02-13',3511400.0
'2013-02-14',4449700.0
'2013-02-15',9097900.0
'2013-02-19',5880500.0
'2013-02-20',6236500.0
'2013-02-21',6948700.0
'2013-02-22',5743700.0
'2013-02-25',6167000.0
'2013-02-26',5305700.0
'2013-02-27',6028200.0
'2013-02-28',5218200.0
'2013-03-01',4225900.0
'2013-03-04',5097500.0
'2013-03-05',6466000.0
'2013-03-06',7462600.0
'2013-03-07',9118600.0
'2013-03-08',7108900.0
'2013-03-11',4949000.0
'2013-03-12',5835100.0
'2013-03-13',3717700.0
'2013-03-14',7361600.0
'2013-03-15',7551500.0
'2013-03-18',5260600.0
'2013-03-19',6668700.0
'2013-03-20',4811300.0
'2013-03-21',4153700.0
'2013-03-22',4373800.0
'2013-03-25',5290700.0
'2013-03-26',3064300.0
'2013-03-27',3728500.0
'2013-03-28',3810200.0
'2013-04-01',3504900.0
'2013-04-02',6747900.0
'2013-04-03',5636400.0
'2013-04-04',3784300.0
'2013-04-05',4496800.0
'2013-04-08',3672000.0
'2013-04-09',4180600.0
'2013-04-10',4288700.0
'2013-04-11',5208500.0
'2013-04-12',5209200.0
'2013-04-15',5350200.0
'2013-04-16',4424700.0
'2013-04-17',3603700.0
'2013-04-18',4460300.0
'2013-04-19',4302800.0
'2013-04-22',2773700.0
'2013-04-23',5662000.0
'2013-04-24',5206700.0
'2013-04-25',8304500.0
'2013-04-26',7485500.0
'2013-04-29',3700600.0
'2013-04-30',4020600.0
'2013-05-01',3147300.0
'2013-05-02',3119100.0
'2013-05-03',4917900.0
'2013-05-06',3498600.0
'2013-05-07',3747900.0
'2013-05-08',2754100.0
'2013-05-09',4138500.0
'2013-05-10',3740500.0
'2013-05-13',2953500.0
'2013-05-14',3755300.0
'2013-05-15',4827300.0
'2013-05-16',3330700.0
'2013-05-17',3467200.0
'2013-05-20',3605900.0
'2013-05-21',3294500.0
'2013-05-22',5507000.0
'2013-05-23',4129200.0
'2013-05-24',3253700.0
'2013-05-28',3719300.0
'2013-05-29',3781200.0
'2013-05-30',4399500.0
'2013-05-31',5102900.0
'2013-06-03',5708800.0
'2013-06-04',4311300.0
'2013-06-05',4204300.0
'2013-06-06',4312700.0
'2013-06-07',6876500.0
'2013-06-10',6206200.0
'2013-06-11',3948800.0
'2013-06-12',5035000.0
'2013-06-13',5954900.0
'2013-06-14',4927300.0
'2013-06-17',4057900.0
'2013-06-18',3726800.0
'2013-06-19',5323600.0
'2013-06-20',5803300.0
'2013-06-21',7354800.0
'2013-06-24',4956600.0
'2013-06-25',4928500.0
'2013-06-26',4772900.0
'2013-06-27',3148000.0
'2013-06-28',5418300.0
'2013-07-01',3346100.0
'2013-07-02',3382800.0
'2013-07-03',2808200.0
'2013-07-05',2594700.0
'2013-07-08',4015000.0
'2013-07-09',3730000.0
'2013-07-10',4045400.0
'2013-07-11',4192900.0
'2013-07-12',4853300.0
'2013-07-15',3090300.0
'2013-07-16',3034100.0
'2013-07-17',6073700.0
'2013-07-18',4268900.0
'2013-07-19',3598500.0
'2013-07-22',3279900.0
'2013-07-23',4233100.0
'2013-07-24',7017100.0
'2013-07-25',7989200.0
'2013-07-26',16146700.0
'2013-07-29',6400400.0
'2013-07-30',4904400.0
'2013-07-31',5624200.0
'2013-08-01',6427300.0
'2013-08-02',4708400.0
'2013-08-05',3803100.0
'2013-08-06',3978000.0
'2013-08-07',3533000.0
'2013-08-08',2961900.0
'2013-08-09',2683200.0
'2013-08-12',2736200.0
'2013-08-13',2688900.0
'2013-08-14',2466000.0
'2013-08-15',3599400.0
'2013-08-16',3464900.0
'2013-08-19',3174600.0
'2013-08-20',3022500.0
'2013-08-21',3458500.0
'2013-08-22',2699800.0
'2013-08-23',2934900.0
'2013-08-26',2464700.0
'2013-08-27',4012600.0
'2013-08-28',3124900.0
'2013-08-29',2755000.0
'2013-08-30',2832500.0
'2013-09-03',3624700.0
'2013-09-04',3251100.0
'2013-09-05',2465600.0
'2013-09-06',3178300.0
'2013-09-09',2468400.0
'2013-09-10',5889500.0
'2013-09-11',4991200.0
'2013-09-12',3814300.0
'2013-09-13',2883700.0
'2013-09-16',4354200.0
'2013-09-17',3330300.0
'2013-09-18',4743500.0
'2013-09-19',4020800.0
'2013-09-20',4817700.0
'2013-09-23',3391900.0
'2013-09-24',3868000.0
'2013-09-25',3625900.0
'2013-09-26',2494400.0
'2013-09-27',3100100.0
'2013-09-30',4430600.0
'2013-10-01',2602600.0
'2013-10-02',3044200.0
'2013-10-03',4133200.0
'2013-10-04',2613300.0
'2013-10-07',2553400.0
'2013-10-08',6318900.0
'2013-10-09',4741000.0
'2013-10-10',3312900.0
'2013-10-11',2765200.0
'2013-10-14',2993300.0
'2013-10-15',4067600.0
'2013-10-16',5052000.0
'2013-10-17',3275500.0
'2013-10-18',4525000.0
'2013-10-21',3385100.0
'2013-10-22',4209800.0
'2013-10-23',3946100.0
'2013-10-24',6752300.0
'2013-10-25',3625900.0
'2013-10-28',5621400.0
'2013-10-29',3949200.0
'2013-10-30',8759400.0
'2013-10-31',10245800.0
'2013-11-01',6002600.0
'2013-11-04',4141900.0
'2013-11-05',5045100.0
'2013-11-06',4281100.0
'2013-11-07',6641600.0
'2013-11-08',5743900.0
'2013-11-11',2566800.0
'2013-11-12',3306500.0
'2013-11-13',6259500.0
'2013-11-14',3823800.0
'2013-11-15',3222700.0
'2013-11-18',4158200.0
'2013-11-19',4363000.0
'2013-11-20',4366900.0
'2013-11-21',6565900.0
'2013-11-22',3959600.0
'2013-11-25',4500600.0
'2013-11-26',4383900.0
'2013-11-27',2376000.0
'2013-11-29',2193600.0
'2013-12-02',2886600.0
'2013-12-03',3946600.0
'2013-12-04',5102300.0
'2013-12-05',3284600.0
'2013-12-06',3360600.0
'2013-12-09',3960300.0
'2013-12-10',13160300.0
'2013-12-11',7876000.0
'2013-12-12',4825500.0
'2013-12-13',4020500.0
'2013-12-16',4672700.0
'2013-12-17',3501800.0
'2013-12-18',5126000.0
'2013-12-19',5701100.0
'2013-12-20',6353700.0
'2013-12-23',3810800.0
'2013-12-24',1948300.0
'2013-12-26',2195700.0
'2013-12-27',2252500.0
'2013-12-30',2366700.0
'2013-12-31',3008100.0
'2014-01-02',4243600.0
'2014-01-03',3272500.0
'2014-01-06',5292700.0
'2014-01-07',4081100.0
'2014-01-08',5089400.0
'2014-01-09',4180600.0
'2014-01-10',3233500.0
'2014-01-13',7322400.0
'2014-01-14',9326600.0
'2014-01-15',4330100.0
'2014-01-16',4536300.0
'2014-01-17',6468700.0
'2014-01-21',9387300.0
'2014-01-22',6984700.0
'2014-01-23',14968000.0
'2014-01-24',16524500.0
'2014-01-27',9103600.0
'2014-01-28',5545800.0
'2014-01-29',7979900.0
'2014-01-30',7589900.0
'2014-01-31',6128300.0
'2014-02-03',10155500.0
'2014-02-04',10220400.0
'2014-02-05',5478000.0
'2014-02-06',6909200.0
'2014-02-07',7328800.0
'2014-02-10',6472300.0
'2014-02-11',8062000.0
'2014-02-12',4978300.0
'2014-02-13',4223900.0
'2014-02-14',4120500.0
'2014-02-18',5461700.0
'2014-02-19',4885300.0
'2014-02-20',4276300.0
'2014-02-21',5644100.0
'2014-02-24',5966900.0
'2014-02-25',9309200.0
'2014-02-26',9564600.0
'2014-02-27',5644100.0
'2014-02-28',11232400.0
'2014-03-03',6124200.0
'2014-03-04',6113100.0
'2014-03-05',4857800.0
'2014-03-06',6881300.0
'2014-03-07',4193000.0
'2014-03-10',4316900.0
'2014-03-11',9172200.0
'2014-03-12',5197300.0
'2014-03-13',5690400.0
'2014-03-14',4481300.0
'2014-03-17',5509900.0
'2014-03-18',2998800.0
'2014-03-19',12491600.0
'2014-03-20',6925700.0
'2014-03-21',9017200.0
'2014-03-24',5009400.0
'2014-03-25',5284100.0
'2014-03-26',4185600.0
'2014-03-27',6337800.0
'2014-03-28',3291400.0
'2014-03-31',3860900.0
'2014-04-01',4370400.0
'2014-04-02',4152200.0
'2014-04-03',3582700.0
'2014-04-04',5854300.0
'2014-04-07',5544900.0
'2014-04-08',5330400.0
'2014-04-09',4527800.0
'2014-04-10',6687700.0
'2014-04-11',8183600.0
'2014-04-14',6087700.0
'2014-04-15',7730900.0
'2014-04-16',5638700.0
'2014-04-17',4622900.0
'2014-04-21',3047800.0
'2014-04-22',4431300.0
'2014-04-23',4440800.0
'2014-04-24',7788500.0
'2014-04-25',9055700.0
'2014-04-28',5366800.0
'2014-04-29',4913600.0
'2014-04-30',3641200.0
'2014-05-01',3959200.0
'2014-05-02',4153200.0
'2014-05-05',2743200.0
'2014-05-06',5463400.0
'2014-05-07',5479900.0
'2014-05-08',3765700.0
'2014-05-09',3311600.0
'2014-05-12',3613600.0
'2014-05-13',2901500.0
'2014-05-14',4292500.0
'2014-05-15',4562300.0
'2014-05-16',4647400.0
'2014-05-19',3372500.0
'2014-05-20',4349900.0
'2014-05-21',3044600.0
'2014-05-22',3679800.0
'2014-05-23',3583200.0
'2014-05-27',5050200.0
'2014-05-28',4105000.0
'2014-05-29',3224000.0
'2014-05-30',3439600.0
'2014-06-02',2963100.0
'2014-06-03',3382200.0
'2014-06-04',3247900.0
'2014-06-05',2593700.0
'2014-06-06',3102400.0
'2014-06-09',2850500.0
'2014-06-10',3320500.0
'2014-06-11',3755400.0
'2014-06-12',3596900.0
'2014-06-13',3854400.0
'2014-06-16',3379800.0
'2014-06-17',2889300.0
'2014-06-18',2893300.0
'2014-06-19',6277500.0
'2014-06-20',6218000.0
'2014-06-23',2389900.0
'2014-06-24',5456200.0
'2014-06-25',3906900.0
'2014-06-26',3491600.0
'2014-06-27',4334600.0
'2014-06-30',4805000.0
'2014-07-01',4030700.0
'2014-07-02',2392600.0
'2014-07-03',3331300.0
'2014-07-07',3721800.0
'2014-07-08',3901000.0
'2014-07-09',3891300.0
'2014-07-10',2360000.0
'2014-07-11',2119700.0
'2014-07-14',2281000.0
'2014-07-15',4152800.0
'2014-07-16',4367100.0
'2014-07-17',4223200.0
'2014-07-18',3372300.0
'2014-07-21',2510500.0
'2014-07-22',3228500.0
'2014-07-23',3219900.0
'2014-07-24',8064600.0
'2014-07-25',9487300.0
'2014-07-28',4006500.0
'2014-07-29',3968000.0
'2014-07-30',4455500.0
'2014-07-31',4073000.0
'2014-08-01',3898900.0
'2014-08-04',3141300.0
'2014-08-05',3347300.0
'2014-08-06',2967600.0
'2014-08-07',2714000.0
'2014-08-08',2978600.0
'2014-08-11',2256700.0
'2014-08-12',2361800.0
'2014-08-13',3467600.0
'2014-08-14',5445000.0
'2014-08-15',4045000.0
'2014-08-18',3415400.0
'2014-08-19',2453500.0
'2014-08-20',2334400.0
'2014-08-21',2394700.0
'2014-08-22',2269400.0
'2014-08-25',2837900.0
'2014-08-26',2750800.0
'2014-08-27',2451800.0
'2014-08-28',1978400.0
'2014-08-29',2328700.0
'2014-09-02',3098100.0
'2014-09-03',3388100.0
'2014-09-04',2870500.0
'2014-09-05',4002500.0
'2014-09-08',2246400.0
'2014-09-09',2544800.0
'2014-09-10',2959300.0
'2014-09-11',4676700.0
'2014-09-12',7307400.0
'2014-09-15',5412800.0
'2014-09-16',4020100.0
'2014-09-17',3737900.0
'2014-09-18',4013800.0
'2014-09-19',6020400.0
'2014-09-22',3899900.0
'2014-09-23',3869500.0
'2014-09-24',4288850.0
'2014-09-25',4000419.0
'2014-09-26',3829897.0
'2014-09-29',3188263.0
'2014-09-30',3900452.0
'2014-10-01',4059532.0
'2014-10-02',4286760.0
'2014-10-03',4114584.0
'2014-10-06',2610874.0
'2014-10-07',3191716.0
'2014-10-08',3358154.0
'2014-10-09',4671914.0
'2014-10-10',5247970.0
'2014-10-13',6215707.0
'2014-10-14',5497511.0
'2014-10-15',6811004.0
'2014-10-16',4869416.0
'2014-10-17',4790530.0
'2014-10-20',3978514.0
'2014-10-21',6156465.0
'2014-10-22',3234835.0
'2014-10-23',3418865.0
'2014-10-24',3679517.0
'2014-10-27',2898138.0
'2014-10-28',4075494.0
'2014-10-29',4397451.0
'2014-10-30',6694485.0
'2014-10-31',17944954.0
'2014-11-03',5303468.0
'2014-11-04',5210382.0
'2014-11-05',3701698.0
'2014-11-06',3083638.0
'2014-11-07',4124497.0
'2014-11-10',3277685.0
'2014-11-11',2600719.0
'2014-11-12',2656097.0
'2014-11-13',3421124.0
'2014-11-14',3019641.0
'2014-11-17',2949510.0
'2014-11-18',2877908.0
'2014-11-19',2615593.0
'2014-11-20',3143548.0
'2014-11-21',7013859.0
'2014-11-24',4713100.0
'2014-11-25',4059193.0
'2014-11-26',3098376.0
'2014-11-28',3383337.0
'2014-12-01',4313739.0
'2014-12-02',3828199.0
'2014-12-03',5600698.0
'2014-12-04',7035455.0
'2014-12-05',7394084.0
'2014-12-08',5885326.0
'2014-12-09',4362810.0
'2014-12-10',5048160.0
'2014-12-11',5029148.0
'2014-12-12',4582115.0
'2014-12-15',8143493.0
'2014-12-16',6990937.0
'2014-12-17',5080812.0
'2014-12-18',8791471.0
'2014-12-19',8722106.0
'2014-12-22',3791928.0
'2014-12-23',4073861.0
'2014-12-24',1301199.0
'2014-12-26',2275182.0
'2014-12-29',2398331.0
'2014-12-30',2626727.0
'2014-12-31',3814386.0
'2015-01-02',3453049.0
'2015-01-05',5811898.0
'2015-01-06',3832170.0
'2015-01-07',4866277.0
'2015-01-08',6585274.0
'2015-01-09',13687530.0
'2015-01-12',5010743.0
'2015-01-13',5520351.0
'2015-01-14',4647542.0
'2015-01-15',4063301.0
'2015-01-16',4507751.0
'2015-01-20',5369152.0
'2015-01-21',5422091.0
'2015-01-22',11956528.0
'2015-01-23',19053597.0
'2015-01-26',7049287.0
'2015-01-27',5497904.0
'2015-01-28',5981601.0
'2015-01-29',6237930.0
'2015-01-30',5035228.0
'2015-02-02',6819416.0
'2015-02-03',4626213.0
'2015-02-04',5748349.0
'2015-02-05',3799336.0
'2015-02-06',3917666.0
'2015-02-09',3455807.0
'2015-02-10',6234750.0
'2015-02-11',3233455.0
'2015-02-12',3598779.0
'2015-02-13',3054761.0
'2015-02-17',3193450.0
'2015-02-18',3270993.0
'2015-02-19',3054588.0
'2015-02-20',3231331.0
'2015-02-23',2927286.0
'2015-02-24',3168944.0
'2015-02-25',4060330.0
'2015-02-26',3408176.0
'2015-02-27',4329202.0
'2015-03-02',3973509.0
'2015-03-03',3789187.0
'2015-03-04',3887267.0
'2015-03-05',2924375.0
'2015-03-06',3407207.0
'2015-03-09',2992440.0
'2015-03-10',3038492.0
'2015-03-11',4092947.0
'2015-03-12',3647672.0
'2015-03-13',2917626.0
'2015-03-16',3386303.0
'2015-03-17',2754398.0
'2015-03-18',7714964.0
'2015-03-19',11010309.0
'2015-03-20',8680306.0
'2015-03-23',3992993.0
'2015-03-24',3859244.0
'2015-03-25',4953585.0
'2015-03-26',5172152.0
'2015-03-27',3996675.0
'2015-03-30',3415135.0
'2015-03-31',4358877.0
'2015-04-01',7062675.0
'2015-04-02',4431509.0
'2015-04-06',3029447.0
'2015-04-07',2677335.0
'2015-04-08',3413944.0
'2015-04-09',7109621.0
'2015-04-10',6643106.0
'2015-04-13',8171030.0
'2015-04-14',5952424.0
'2015-04-15',5162169.0
'2015-04-16',5312499.0
'2015-04-17',7539865.0
'2015-04-20',4868425.0
'2015-04-21',6213360.0
'2015-04-22',7248119.0
'2015-04-23',15866051.0
'2015-04-24',22284881.0
'2015-04-27',11222608.0
'2015-04-28',8882901.0
'2015-04-29',7161992.0
'2015-04-30',8492048.0
'2015-05-01',5916509.0
'2015-05-04',7493420.0
'2015-05-05',10691207.0
'2015-05-06',8033489.0
'2015-05-07',5681417.0
'2015-05-08',6039840.0
'2015-05-11',5047180.0
'2015-05-12',5868552.0
'2015-05-13',4927094.0
'2015-05-14',7339742.0
'2015-05-15',6016694.0
'2015-05-18',8999761.0
'2015-05-19',6976052.0
'2015-05-20',5644662.0
'2015-05-21',5084042.0
'2015-05-22',5857672.0
'2015-05-26',7369923.0
'2015-05-27',6213573.0
'2015-05-28',5874382.0
'2015-05-29',9399112.0
'2015-06-01',7075082.0
'2015-06-02',7877799.0
'2015-06-03',5522702.0
'2015-06-04',6230805.0
'2015-06-05',7123248.0
'2015-06-08',6320181.0
'2015-06-09',5034038.0
'2015-06-10',8003611.0
'2015-06-11',6030167.0
'2015-06-12',5236747.0
'2015-06-15',5554964.0
'2015-06-16',6106529.0
'2015-06-17',6735294.0
'2015-06-18',10712142.0
'2015-06-19',10609714.0
'2015-06-22',7100665.0
'2015-06-23',5679984.0
'2015-06-24',5524969.0
'2015-06-25',5389863.0
'2015-06-26',6637183.0
'2015-06-29',6534077.0
'2015-06-30',9793969.0
'2015-07-01',6107698.0
'2015-07-02',5684667.0
'2015-07-06',5396439.0
'2015-07-07',9462256.0
'2015-07-08',8139303.0
'2015-07-09',7681013.0
'2015-07-10',8087800.0
'2015-07-13',7477170.0
'2015-07-14',7028025.0
'2015-07-15',8212573.0
'2015-07-16',7305520.0
'2015-07-17',8715431.0
'2015-07-20',8029646.0
'2015-07-21',6717452.0
'2015-07-22',6876059.0
'2015-07-23',12439229.0
'2015-07-24',14559687.0
'2015-07-27',8993523.0
'2015-07-28',8689215.0
'2015-07-29',8470512.0
'2015-07-30',7337948.0
'2015-07-31',6519528.0
'2015-08-03',7664002.0
'2015-08-04',9113083.0
'2015-08-05',7299159.0
'2015-08-06',11064470.0
'2015-08-07',7781995.0
'2015-08-10',12029150.0
'2015-08-11',8062553.0
'2015-08-12',10075571.0
'2015-08-13',6731474.0
'2015-08-14',4803903.0
'2015-08-17',5768362.0
'2015-08-18',5575441.0
'2015-08-19',6044193.0
'2015-08-20',7470885.0
'2015-08-21',20211503.0
'2015-08-24',27158813.0
'2015-08-25',19659002.0
'2015-08-26',15517591.0
'2015-08-27',15987923.0
'2015-08-28',7584826.0
'2015-08-31',7971204.0
'2015-09-01',13424932.0
'2015-09-02',9891071.0
'2015-09-03',7968868.0
'2015-09-04',6994267.0
'2015-09-08',8051710.0
'2015-09-09',8406656.0
'2015-09-10',8924778.0
'2015-09-11',8363110.0
'2015-09-14',5464463.0
'2015-09-15',6741341.0
'2015-09-16',6593362.0
'2015-09-17',7525349.0
'2015-09-18',16268035.0
'2015-09-21',6220131.0
'2015-09-22',8585093.0
'2015-09-23',6829205.0
'2015-09-24',10027330.0
'2015-09-25',10627026.0
'2015-09-28',11447003.0
'2015-09-29',9392065.0
'2015-09-30',9562446.0
'2015-10-01',8497124.0
'2015-10-02',9036765.0
'2015-10-05',8198998.0
'2015-10-06',5642949.0
'2015-10-07',8138313.0
'2015-10-08',6834836.0
'2015-10-09',7969884.0
'2015-10-12',6430301.0
'2015-10-13',6262774.0
'2015-10-14',8365604.0
'2015-10-15',9745919.0
'2015-10-16',12860812.0
'2015-10-19',8117213.0
'2015-10-20',6089097.0
'2015-10-21',6063923.0
'2015-10-22',9182031.0
'2015-10-23',8205994.0
'2015-10-26',9751716.0
'2015-10-27',8973243.0
'2015-10-28',9627260.0
'2015-10-29',14839093.0
'2015-10-30',16822302.0
'2015-11-02',8547237.0
'2015-11-03',8847718.0
'2015-11-04',9085091.0
'2015-11-05',6144979.0
'2015-11-06',6616305.0
'2015-11-09',6838326.0
'2015-11-10',6689040.0
'2015-11-11',4437315.0
'2015-11-12',6793779.0
'2015-11-13',8821593.0
'2015-11-16',8096603.0
'2015-11-17',6649191.0
'2015-11-18',7215255.0
'2015-11-19',5154366.0
'2015-11-20',8302476.0
'2015-11-23',8493485.0
'2015-11-24',7908223.0
'2015-11-25',4549913.0
'2015-11-27',2447902.0
'2015-11-30',9863771.0
'2015-12-01',10910838.0
'2015-12-02',6587454.0
'2015-12-03',12056103.0
'2015-12-04',9100588.0
'2015-12-07',5967809.0
'2015-12-08',6664947.0
'2015-12-09',8541573.0
'2015-12-10',6623896.0
'2015-12-11',11489255.0
'2015-12-14',13453719.0
'2015-12-15',7842073.0
'2015-12-16',9281835.0
'2015-12-17',9079430.0
'2015-12-18',18099462.0
'2015-12-21',7187470.0
'2015-12-22',6501424.0
'2015-12-23',4510229.0
'2015-12-24',2215418.0
'2015-12-28',4437236.0
'2015-12-29',5477335.0
'2015-12-30',3973912.0
'2015-12-31',4960875.0
'2016-01-04',13521544.0
'2016-01-05',9617778.0
'2016-01-06',8266322.0
'2016-01-07',11140877.0
'2016-01-08',10427021.0
'2016-01-11',10757313.0
'2016-01-12',12375826.0
'2016-01-13',11303603.0
'2016-01-14',11444106.0
'2016-01-15',15246127.0
'2016-01-19',12288950.0
'2016-01-20',22786359.0
'2016-01-21',20888519.0
'2016-01-22',32820193.0
'2016-01-25',13554262.0
'2016-01-26',8898100.0
'2016-01-27',12491252.0
'2016-01-28',11832368.0
'2016-01-29',13224438.0
'2016-02-01',9529094.0
'2016-02-02',9407352.0
'2016-02-03',12254460.0
'2016-02-04',13944926.0
'2016-02-05',24529008.0
'2016-02-08',21457492.0
'2016-02-09',11605059.0
'2016-02-10',11663942.0
'2016-02-11',12106062.0
'2016-02-12',8680205.0
'2016-02-16',11594766.0
'2016-02-17',11955188.0
'2016-02-18',8493953.0
'2016-02-19',9033620.0
'2016-02-22',8390689.0
'2016-02-23',7064095.0
'2016-02-24',10780882.0
'2016-02-25',6262127.0
'2016-02-26',7473374.0
'2016-02-29',7645081.0
'2016-03-01',9183562.0
'2016-03-02',8856392.0
'2016-03-03',8262455.0
'2016-03-04',8344773.0
'2016-03-07',9204624.0
'2016-03-08',8032442.0
'2016-03-09',9734589.0
'2016-03-10',7023785.0
'2016-03-11',15497560.0
'2016-03-14',9053250.0
'2016-03-15',7428469.0
'2016-03-16',8069427.0
'2016-03-17',7734658.0
'2016-03-18',14313578.0
'2016-03-21',6487185.0
'2016-03-22',8246837.0
'2016-03-23',5794495.0
'2016-03-24',5948307.0
'2016-03-28',5791603.0
'2016-03-29',6031947.0
'2016-03-30',5723499.0
'2016-03-31',5622834.0
'2016-04-01',9401126.0
'2016-04-04',5799864.0
'2016-04-05',4994792.0
'2016-04-06',5667253.0
'2016-04-07',8239174.0
'2016-04-08',5064894.0
'2016-04-11',6103358.0
'2016-04-12',17565750.0
'2016-04-13',9898527.0
'2016-04-14',5157368.0
'2016-04-15',5965310.0
'2016-04-18',7228573.0
'2016-04-19',7283570.0
'2016-04-20',5558770.0
'2016-04-21',12799083.0
'2016-04-22',29836693.0
'2016-04-25',8428038.0
'2016-04-26',8839067.0
'2016-04-27',12390767.0
'2016-04-28',9196560.0
'2016-04-29',12133364.0
'2016-05-02',8616189.0
'2016-05-03',7854260.0
'2016-05-04',6508507.0
'2016-05-05',6215367.0
'2016-05-06',6378690.0
'2016-05-09',5976229.0
'2016-05-10',7931185.0
'2016-05-11',8118920.0
'2016-05-12',6870281.0
'2016-05-13',5466041.0
'2016-05-16',9536192.0
'2016-05-17',10530018.0
'2016-05-18',7468496.0
'2016-05-19',7582848.0
'2016-05-20',8430783.0
'2016-05-23',7352054.0
'2016-05-24',7748697.0
'2016-05-25',8126058.0
'2016-05-26',9451708.0
'2016-05-27',6631120.0
'2016-05-31',12043976.0
'2016-06-01',8761577.0
'2016-06-02',8307488.0
'2016-06-03',6649224.0
'2016-06-06',9900917.0
'2016-06-07',7173072.0
'2016-06-08',7623851.0
'2016-06-09',5927854.0
'2016-06-10',8118651.0
'2016-06-13',7928722.0
'2016-06-14',8036517.0
'2016-06-15',7447317.0
'2016-06-16',7968033.0
'2016-06-17',9503017.0
'2016-06-20',7286681.0
'2016-06-21',7445109.0
'2016-06-22',7215411.0
'2016-06-23',5569431.0
'2016-06-24',14654672.0
'2016-06-27',11650798.0
'2016-06-28',8416950.0
'2016-06-29',11103787.0
'2016-06-30',10215193.0
'2016-07-01',8330308.0
'2016-07-05',7274208.0
'2016-07-06',8474188.0
'2016-07-07',6813347.0
'2016-07-08',12655500.0
'2016-07-11',10394366.0
'2016-07-12',10998486.0
'2016-07-13',12183638.0
'2016-07-14',11353599.0
'2016-07-15',8494000.0
'2016-07-18',7614635.0
'2016-07-19',8719772.0
'2016-07-20',9446396.0
'2016-07-21',16151699.0
'2016-07-22',23899275.0
'2016-07-25',10486019.0
'2016-07-26',10106663.0
'2016-07-27',6551777.0
'2016-07-28',6830059.0
'2016-07-29',6914907.0
'2016-08-01',7997576.0
'2016-08-02',7574622.0
'2016-08-03',11484792.0
'2016-08-04',11193748.0
'2016-08-05',9206197.0
'2016-08-08',9129307.0
'2016-08-09',7136683.0
'2016-08-10',6991077.0
'2016-08-11',6191412.0
'2016-08-12',5039757.0
'2016-08-15',5968728.0
'2016-08-16',5751178.0
'2016-08-17',7410631.0
'2016-08-18',5390990.0
'2016-08-19',8981214.0
'2016-08-22',8837808.0
'2016-08-23',7827873.0
'2016-08-24',13200460.0
'2016-08-25',6686589.0
'2016-08-26',6940511.0
'2016-08-29',7026700.0
'2016-08-30',6377668.0
'2016-08-31',6996894.0
'2016-09-01',6230148.0
'2016-09-02',7441463.0
'2016-09-06',6472907.0
'2016-09-07',11428644.0
'2016-09-08',12673626.0
'2016-09-09',10658120.0
'2016-09-12',11002544.0
'2016-09-13',10050215.0
'2016-09-14',6707850.0
'2016-09-15',8080426.0
'2016-09-16',10207750.0
'2016-09-19',9231628.0
'2016-09-20',8731499.0
'2016-09-21',9213637.0
'2016-09-22',9096709.0
'2016-09-23',6945147.0
'2016-09-26',7755629.0
'2016-09-27',6463747.0
'2016-09-28',8593496.0
'2016-09-29',11993517.0
'2016-09-30',13767754.0
'2016-10-03',5479037.0
'2016-10-04',6176358.0
'2016-10-05',7451916.0
'2016-10-06',6130270.0
'2016-10-07',7279723.0
'2016-10-10',7224335.0
'2016-10-11',9720407.0
'2016-10-12',6320462.0
'2016-10-13',6958128.0
'2016-10-14',6430136.0
'2016-10-17',5223526.0
'2016-10-18',6550399.0
'2016-10-19',9095261.0
'2016-10-20',9286800.0
'2016-10-21',6767204.0
'2016-10-24',6919714.0
'2016-10-25',6052830.0
'2016-10-26',5817798.0
'2016-10-27',7899957.0
'2016-10-28',6620333.0
'2016-10-31',9142509.0
'2016-11-01',15425819.0
'2016-11-02',10851658.0
'2016-11-03',21847292.0
'2016-11-04',21956848.0
'2016-11-07',14916848.0
'2016-11-08',9351994.0
'2016-11-09',13727777.0
'2016-11-10',13621701.0
'2016-11-11',8436435.0
'2016-11-14',10489826.0
'2016-11-15',9588036.0
'2016-11-16',10779155.0
'2016-11-17',8744504.0
'2016-11-18',8740953.0
'2016-11-21',8004000.0
'2016-11-22',10268720.0
'2016-11-23',8183628.0
'2016-11-25',3228848.0
'2016-11-28',8750925.0
'2016-11-29',10582850.0
'2016-11-30',9527959.0
'2016-12-01',12381607.0
'2016-12-02',16869957.0
'2016-12-05',7701167.0
'2016-12-06',7035674.0
'2016-12-07',9094812.0
'2016-12-08',7972498.0
'2016-12-09',7091577.0
'2016-12-12',7736198.0
'2016-12-13',8878080.0
'2016-12-14',9022867.0
'2016-12-15',11837756.0
'2016-12-16',10611461.0
'2016-12-19',6433824.0
'2016-12-20',4888284.0
'2016-12-21',5380537.0
'2016-12-22',6777656.0
'2016-12-23',4298476.0
'2016-12-27',4186157.0
'2016-12-28',5548726.0
'2016-12-29',3781721.0
'2016-12-30',8344508.0
'2017-01-03',7809307.0
'2017-01-04',7796290.0
'2017-01-05',7602321.0
'2017-01-06',8587812.0
'2017-01-09',12640515.0
'2017-01-10',6672024.0
'2017-01-11',6027960.0
'2017-01-12',4733015.0
'2017-01-13',4745840.0
'2017-01-17',5734666.0
'2017-01-18',7375725.0
'2017-01-19',7850480.0
'2017-01-20',7651562.0
'2017-01-23',6814368.0
'2017-01-24',10704103.0
'2017-01-25',7124547.0
'2017-01-26',12382416.0
'2017-01-27',28884899.0
'2017-01-30',13322010.0
'2017-01-31',14307985.0
'2017-02-01',18796871.0
'2017-02-02',15289650.0
'2017-02-03',14161693.0
'2017-02-06',13029829.0
'2017-02-07',9910498.0
'2017-02-08',11681938.0
'2017-02-09',11106757.0
'2017-02-10',11178950.0
'2017-02-13',8027939.0
'2017-02-14',8865947.0
'2017-02-15',6967179.0
'2017-02-16',8524519.0
'2017-02-17',11008366.0
'2017-02-21',8289185.0
'2017-02-22',7876599.0
'2017-02-23',7178627.0
'2017-02-24',7806190.0
'2017-02-27',7702400.0
'2017-02-28',8750655.0
'2017-03-01',7197973.0
'2017-03-02',6595418.0
'2017-03-03',7738064.0
'2017-03-06',9159983.0
'2017-03-07',10890313.0
'2017-03-08',13061632.0
'2017-03-09',17844248.0
'2017-03-10',13886431.0
'2017-03-13',9090230.0
'2017-03-14',7892888.0
'2017-03-15',8712006.0
'2017-03-16',8074278.0
'2017-03-17',15822141.0
'2017-03-20',7948425.0
'2017-03-21',8030642.0
'2017-03-22',8452070.0
'2017-03-23',7357207.0
'2017-03-24',15763000.0
'2017-03-27',8861799.0
'2017-03-28',8331644.0
'2017-03-29',7001635.0
'2017-03-30',8677916.0
'2017-03-31',9156707.0
'2017-04-03',8989831.0
'2017-04-04',6474781.0
'2017-04-05',13656221.0
'2017-04-06',9112533.0
'2017-04-07',6773750.0
'2017-04-10',5266312.0
'2017-04-11',5855091.0
'2017-04-12',5450298.0
'2017-04-13',4871717.0
'2017-04-17',5626042.0
'2017-04-18',5449699.0
'2017-04-19',12000639.0
'2017-04-20',12445862.0
'2017-04-21',8799985.0
'2017-04-24',10719785.0
'2017-04-25',10898830.0
'2017-04-26',8401279.0
'2017-04-27',11269113.0
'2017-04-28',24815725.0
'2017-05-01',10814864.0
'2017-05-02',8924431.0
'2017-05-03',7607320.0
'2017-05-04',6777689.0
'2017-05-05',6383999.0
'2017-05-08',5575430.0
'2017-05-09',5739596.0
'2017-05-10',7170293.0
'2017-05-11',5493696.0
'2017-05-12',5591995.0
'2017-05-15',5770519.0
'2017-05-16',6280300.0
'2017-05-17',7397193.0
'2017-05-18',8556793.0
'2017-05-19',12369022.0
'2017-05-22',6361589.0
'2017-05-23',5560428.0
'2017-05-24',7196112.0
'2017-05-25',8890483.0
'2017-05-26',6050648.0
'2017-05-30',7044647.0
'2017-05-31',6846764.0
'2017-06-01',5982167.0
'2017-06-02',7807382.0
'2017-06-05',6704398.0
'2017-06-06',5391829.0
'2017-06-07',8279632.0
'2017-06-08',11142502.0
'2017-06-09',11168298.0
'2017-06-12',10992631.0
'2017-06-13',9270672.0
'2017-06-14',9594560.0
'2017-06-15',7449256.0
'2017-06-16',11177768.0