'2009-02-23',86.95
'2009-02-24',90.25
'2009-02-25',91.16
'2009-02-26',89.19
'2009-02-27',89.31
'2009-03-02',87.94
'2009-03-03',88.37
'2009-03-04',91.17
'2009-03-05',88.84
'2009-03-06',85.3
'2009-03-09',83.11
'2009-03-10',88.6275
'2009-03-11',92.68
'2009-03-12',96.35
'2009-03-13',95.93
'2009-03-16',95.42
'2009-03-17',99.66
'2009-03-18',101.52
'2009-03-19',101.62
'2009-03-20',101.59
'2009-03-23',107.66
'2009-03-24',106.83
'2009-03-25',106.49
'2009-03-26',109.87
'2009-03-27',106.85
'2009-03-30',104.49
'2009-03-31',105.12
'2009-04-01',108.69
'2009-04-02',112.71
'2009-04-03',115.99
'2009-04-06',118.45
'2009-04-07',115.0
'2009-04-08',116.32
'2009-04-09',119.57
'2009-04-13',120.22
'2009-04-14',118.31
'2009-04-15',117.64
'2009-04-16',121.45
'2009-04-17',123.42
'2009-04-20',120.5
'2009-04-21',121.76
'2009-04-22',121.51
'2009-04-23',125.4
'2009-04-24',123.9
'2009-04-27',124.73
'2009-04-28',123.902
'2009-04-29',125.14
'2009-04-30',125.83
'2009-05-01',127.24
'2009-05-04',132.07
'2009-05-05',132.71
'2009-05-06',132.5
'2009-05-07',129.06
'2009-05-08',129.19
'2009-05-11',129.57
'2009-05-12',124.42
'2009-05-13',119.49
'2009-05-14',122.95
'2009-05-15',122.42
'2009-05-18',126.65
'2009-05-19',127.45
'2009-05-20',125.87
'2009-05-21',124.18
'2009-05-22',122.5
'2009-05-26',130.78
'2009-05-27',133.05
'2009-05-28',135.07
'2009-05-29',135.81
'2009-06-01',139.35
'2009-06-02',139.49
'2009-06-03',140.95
'2009-06-04',143.74
'2009-06-05',144.67
'2009-06-08',143.85
'2009-06-09',142.72
'2009-06-10',140.25
'2009-06-11',139.95
'2009-06-12',136.97
'2009-06-15',136.09
'2009-06-16',136.35
'2009-06-17',135.58
'2009-06-18',135.88
'2009-06-19',139.48
'2009-06-22',137.37
'2009-06-23',134.01
'2009-06-24',136.22
'2009-06-25',139.86
'2009-06-26',142.44
'2009-06-29',141.97
'2009-06-30',142.43
'2009-07-01',142.83
'2009-07-02',140.02
'2009-07-06',138.61
'2009-07-07',135.4
'2009-07-08',137.22
'2009-07-09',136.36
'2009-07-10',138.52
'2009-07-13',142.34
'2009-07-14',142.27
'2009-07-15',146.88
'2009-07-16',147.52
'2009-07-17',151.75
'2009-07-20',152.909
'2009-07-21',151.51
'2009-07-22',156.74
'2009-07-23',157.82
'2009-07-24',159.986
'2009-07-27',160.1
'2009-07-28',160.0
'2009-07-29',160.03
'2009-07-30',162.79
'2009-07-31',163.39
'2009-08-03',166.43
'2009-08-04',165.55
'2009-08-05',165.11
'2009-08-06',163.91
'2009-08-07',165.51
'2009-08-10',164.72
'2009-08-11',162.83
'2009-08-12',165.31
'2009-08-13',168.42
'2009-08-14',166.78
'2009-08-17',159.59
'2009-08-18',164.0
'2009-08-19',164.6
'2009-08-20',166.33
'2009-08-21',169.22
'2009-08-24',169.06
'2009-08-25',169.4
'2009-08-26',167.41
'2009-08-27',169.45
'2009-08-28',170.05
'2009-08-31',168.21
'2009-09-01',165.298
'2009-09-02',165.180
'2009-09-03',166.550
'2009-09-04',170.310
'2009-09-08',172.930
'2009-09-09',171.1400
'2009-09-10',172.5600
'2009-09-11',172.1600
'2009-09-14',173.7200
'2009-09-15',175.1600
'2009-09-16',181.8700
'2009-09-17',184.5500
'2009-09-18',185.0200
'2009-09-21',184.0200
'2009-09-22',184.4800
'2009-09-23',185.5000
'2009-09-24',183.8200
'2009-09-25',182.3700
'2009-09-28',186.1519
'2009-09-29',185.3800
'2009-09-30',185.3500
'2009-10-01',180.8599
'2009-10-02',184.9000
'2009-10-05',186.0240
'2009-10-06',190.0100
'2009-10-07',190.2500
'2009-10-08',189.2700
'2009-10-09',190.4700
'2009-10-12',190.8100
'2009-10-13',190.0200
'2009-10-14',191.2900
'2009-10-15',190.5600
'2009-10-16',188.0500
'2009-10-19',189.8600
'2009-10-20',198.7600
'2009-10-21',204.9200
'2009-10-22',205.2000
'2009-10-23',203.9400
'2009-10-26',202.4800
'2009-10-27',197.3700
'2009-10-28',192.4000
'2009-10-29',196.3500
'2009-10-30',188.5000
'2009-11-02',189.3100
'2009-11-03',188.7500
'2009-11-04',190.8100
'2009-11-05',194.0301
'2009-11-06',194.3400
'2009-11-09',201.4600
'2009-11-10',202.9800
'2009-11-11',203.2500
'2009-11-12',201.9900
'2009-11-13',204.4500
'2009-11-16',206.6300
'2009-11-17',207.0000
'2009-11-18',205.960
'2009-11-19',200.510
'2009-11-20',199.920
'2009-11-23',205.880
'2009-11-24',204.440
'2009-11-25',204.190
'2009-11-27',200.590
'2009-11-30',199.910
'2009-12-01',196.970
'2009-12-02',196.230
'2009-12-03',196.480
'2009-12-04',193.320
'2009-12-07',188.950
'2009-12-08',189.870
'2009-12-09',197.800
'2009-12-10',196.430
'2009-12-11',194.670
'2009-12-14',196.980
'2009-12-15',194.170
'2009-12-16',195.030
'2009-12-17',191.860
'2009-12-18',195.430
'2009-12-21',198.230
'2009-12-22',200.360
'2009-12-23',202.100
'2009-12-24',209.040
'2009-12-28',211.610
'2009-12-29',209.100
'2009-12-30',211.640
'2009-12-31',210.732
'2010-01-04',214.010
'2010-01-05',214.380
'2010-01-06',210.970
'2010-01-07',210.580
'2010-01-08',211.980
'2010-01-11',210.110
'2010-01-12',207.720
'2010-01-13',210.650
'2010-01-14',209.430
'2010-01-15',205.930
'2010-01-19',215.040
'2010-01-20',211.725
'2010-01-21',208.072
'2010-01-22',197.750
'2010-01-25',203.075
'2010-01-26',205.940
'2010-01-27',207.884
'2010-01-28',199.290
'2010-01-29',192.063
'2010-02-01',194.730
'2010-02-02',195.8600
'2010-02-03',199.2300
'2010-02-04',192.0500
'2010-02-05',195.4600
'2010-02-08',194.1200
'2010-02-09',196.1900
'2010-02-10',195.1160
'2010-02-11',198.6700
'2010-02-12',200.3800
'2010-02-16',203.4000
'2010-02-17',202.5500
'2010-02-18',202.9280
'2010-02-19',201.6700
'2010-02-22',200.4160
'2010-02-23',197.0590
'2010-02-24',200.6560
'2010-02-25',202.0000
'2010-02-26',204.6200
'2010-03-01',208.9900
'2010-03-02',208.8500
'2010-03-03',209.3300
'2010-03-04',210.7100
'2010-03-05',218.9500
'2010-03-08',219.0800
'2010-03-09',223.0200
'2010-03-10',224.8400
'2010-03-11',225.5000
'2010-03-12',226.6000
'2010-03-15',223.8400
'2010-03-16',224.4500
'2010-03-17',224.1200
'2010-03-18',224.6500
'2010-03-19',222.2499
'2010-03-22',224.7500
'2010-03-23',228.3600
'2010-03-24',229.3700
'2010-03-25',226.6500
'2010-03-26',230.9000
'2010-03-29',232.3900
'2010-03-30',235.8450
'2010-03-31',235.0000
'2010-04-01',235.9700
'2010-04-05',238.4900
'2010-04-06',239.5400
'2010-04-07',240.6000
'2010-04-08',239.9500
'2010-04-09',241.7900
'2010-04-12',242.2900
'2010-04-13',242.4300
'2010-04-14',245.6900
'2010-04-15',248.9200
'2010-04-16',247.4000
'2010-04-19',247.0700
'2010-04-20',244.5900
'2010-04-21',259.2200
'2010-04-22',266.4695
'2010-04-23',270.8300
'2010-04-26',269.5000
'2010-04-27',262.0400
'2010-04-28',261.6000
'2010-04-29',268.6400
'2010-04-30',261.0900
'2010-05-03',266.3500
'2010-05-04',258.6800
'2010-05-05',255.9850
'2010-05-06',246.2500
'2010-05-07',235.8600
'2010-05-10',253.9900
'2010-05-11',256.5200
'2010-05-12',262.0900
'2010-05-13',258.3600
'2010-05-14',253.8200
'2010-05-17',254.2200
'2010-05-18',252.3600
'2010-05-19',248.3400
'2010-05-20',237.7600
'2010-05-21',242.3200
'2010-05-24',246.7600
'2010-05-25',245.2200
'2010-05-26',244.1090
'2010-05-27',253.3500
'2010-05-28',256.8800
'2010-06-01',260.8300
'2010-06-02',263.9500
'2010-06-03',263.1200
'2010-06-04',255.9650
'2010-06-07',250.9400
'2010-06-08',249.3300
'2010-06-09',243.2000
'2010-06-10',250.5100
'2010-06-11',253.5100
'2010-06-14',254.2800
'2010-06-15',259.6900
'2010-06-16',267.2500
'2010-06-17',271.8700
'2010-06-18',274.0740
'2010-06-21',270.1700
'2010-06-22',273.8500
'2010-06-23',270.9700
'2010-06-24',269.0000
'2010-06-25',266.700
'2010-06-28',268.300
'2010-06-29',256.170
'2010-06-30',251.530
'2010-07-01',248.480
'2010-07-02',246.940
'2010-07-06',248.630
'2010-07-07',258.665
'2010-07-08',258.090
'2010-07-09',259.620
'2010-07-12',257.285
'2010-07-13',251.798
'2010-07-14',252.727
'2010-07-15',251.450
'2010-07-16',249.900
'2010-07-19',245.580
'2010-07-20',251.890
'2010-07-21',254.240
'2010-07-22',259.024
'2010-07-23',259.940
'2010-07-26',259.280
'2010-07-27',264.080
'2010-07-28',260.960
'2010-07-29',258.110
'2010-07-30',257.250
'2010-08-02',261.850
'2010-08-03',261.930
'2010-08-04',262.980
'2010-08-05',261.700
'2010-08-06',260.091
'2010-08-09',261.750
'2010-08-10',259.410
'2010-08-11',250.190
'2010-08-12',251.790
'2010-08-13',249.100
'2010-08-16',247.640
'2010-08-17',251.970
'2010-08-18',253.070
'2010-08-19',249.880
'2010-08-20',249.640
'2010-08-23',245.800
'2010-08-24',239.930
'2010-08-25',242.890
'2010-08-26',240.280
'2010-08-27',241.620
'2010-08-30',242.500
'2010-08-31',243.100
'2010-09-01',250.330
'2010-09-02',252.170
'2010-09-03',258.770
'2010-09-07',257.810
'2010-09-08',262.920
'2010-09-09',263.070
'2010-09-10',263.410
'2010-09-13',267.040
'2010-09-14',268.060
'2010-09-15',270.220
'2010-09-16',276.570
'2010-09-17',275.370
'2010-09-20',283.230
'2010-09-21',283.770
'2010-09-22',287.750
'2010-09-23',288.920
'2010-09-24',292.320
'2010-09-27',291.164
'2010-09-28',286.860
'2010-09-29',287.370
'2010-09-30',283.750
'2010-10-01',282.520
'2010-10-04',278.640
'2010-10-05',288.940
'2010-10-06',289.190
'2010-10-07',289.220
'2010-10-08',294.070
'2010-10-11',295.360
'2010-10-12',298.540
'2010-10-13',300.140
'2010-10-14',302.310
'2010-10-15',314.740
'2010-10-18',318.000
'2010-10-19',309.490
'2010-10-20',310.530
'2010-10-21',309.520
'2010-10-22',307.470
'2010-10-25',308.840
'2010-10-26',308.050
'2010-10-27',307.830
'2010-10-28',305.240
'2010-10-29',300.980
'2010-11-01',304.180
'2010-11-02',309.360
'2010-11-03',312.800
'2010-11-04',318.270
'2010-11-05',317.130
'2010-11-08',318.620
'2010-11-09',316.080
'2010-11-10',318.030
'2010-11-11',316.655
'2010-11-12',308.030
'2010-11-15',307.035
'2010-11-16',301.5900
'2010-11-17',300.5000
'2010-11-18',308.4300
'2010-11-19',306.7300
'2010-11-22',313.3600
'2010-11-23',308.7300
'2010-11-24',314.7950
'2010-11-26',315.0000
'2010-11-29',316.8700
'2010-11-30',311.1500
'2010-12-01',316.4000
'2010-12-02',318.1500
'2010-12-03',317.4400
'2010-12-06',320.1500
'2010-12-07',318.2100
'2010-12-08',321.0100
'2010-12-09',319.7575
'2010-12-10',320.5600
'2010-12-13',321.6700
'2010-12-14',320.2900
'2010-12-15',320.3600
'2010-12-16',321.2500
'2010-12-17',320.6100
'2010-12-20',322.2100
'2010-12-21',324.2050
'2010-12-22',325.1600
'2010-12-23',323.6000
'2010-12-27',324.6800
'2010-12-28',325.4700
'2010-12-29',325.2900
'2010-12-30',323.6600
'2010-12-31',322.5600
'2011-01-03',329.5700
'2011-01-04',331.2900
'2011-01-05',334.0000
'2011-01-06',333.7300
'2011-01-07',336.1200
'2011-01-10',342.4550
'2011-01-11',341.6400
'2011-01-12',344.4200
'2011-01-13',345.6800
'2011-01-14',348.4800
'2011-01-18',340.6500
'2011-01-19',338.8400
'2011-01-20',332.6800
'2011-01-21',326.7200
'2011-01-24',337.4500
'2011-01-25',341.4000
'2011-01-26',343.8500
'2011-01-27',343.2100
'2011-01-28',336.1000
'2011-01-31',339.3200
'2011-02-01',345.0300
'2011-02-02',344.3200
'2011-02-03',343.4400
'2011-02-04',346.5000
'2011-02-07',351.8800
'2011-02-08',355.2000
'2011-02-09',358.1600
'2011-02-10',354.5400
'2011-02-11',356.8500
'2011-02-14',359.1800
'2011-02-15',359.9000
'2011-02-16',363.1300
'2011-02-17',358.3000
'2011-02-18',350.5600
'2011-02-22',338.6100
'2011-02-23',342.6200
'2011-02-24',342.8800
'2011-02-25',348.1600
'2011-02-28',353.2100
'2011-03-01',349.3100
'2011-03-02',352.1200
'2011-03-03',359.5600
'2011-03-04',360.0000
'2011-03-07',355.3600
'2011-03-08',355.7600
'2011-03-09',352.4700
'2011-03-10',346.6700
'2011-03-11',351.9900
'2011-03-14',353.5600
'2011-03-15',345.4300
'2011-03-16',330.0100
'2011-03-17',334.6400
'2011-03-18',330.6700
'2011-03-21',339.3000
'2011-03-22',341.2000
'2011-03-23',339.1900
'2011-03-24',344.9700
'2011-03-25',351.5400
'2011-03-28',350.4400
'2011-03-29',350.9600
'2011-03-30',348.6300
'2011-03-31',348.5075
'2011-04-01',344.5600
'2011-04-04',341.1900
'2011-04-05',338.8900
'2011-04-06',338.0400
'2011-04-07',338.0800
'2011-04-08',335.0600
'2011-04-11',330.800
'2011-04-12',332.400
'2011-04-13',336.130
'2011-04-14',332.420
'2011-04-15',327.460
'2011-04-18',331.850
'2011-04-19',337.860
'2011-04-20',342.410
'2011-04-21',350.696
'2011-04-25',353.009
'2011-04-26',350.420
'2011-04-27',350.150
'2011-04-28',346.750
'2011-04-29',350.130
'2011-05-02',346.280
'2011-05-03',348.200
'2011-05-04',349.570
'2011-05-05',346.750
'2011-05-06',346.660
'2011-05-09',347.600
'2011-05-10',349.450
'2011-05-11',347.230
'2011-05-12',346.570
'2011-05-13',340.500
'2011-05-16',333.300
'2011-05-17',336.140
'2011-05-18',339.870
'2011-05-19',340.530
'2011-05-20',335.220
'2011-05-23',334.400
'2011-05-24',332.190
'2011-05-25',336.780
'2011-05-26',335.000
'2011-05-27',337.410
'2011-05-31',347.830
'2011-06-01',345.510
'2011-06-02',346.102
'2011-06-03',343.440
'2011-06-06',338.040
'2011-06-07',332.040
'2011-06-08',332.240
'2011-06-09',331.490
'2011-06-10',325.900
'2011-06-13',326.600
'2011-06-14',332.440
'2011-06-15',326.750
'2011-06-16',325.160
'2011-06-17',320.260
'2011-06-20',315.320
'2011-06-21',325.300
'2011-06-22',322.61
'2011-06-23',331.23
'2011-06-24',326.35
'2011-06-27',332.04
'2011-06-28',335.26
'2011-06-29',334.04
'2011-06-30',335.67
'2011-07-01',343.26
'2011-07-05',349.43
'2011-07-06',351.76
'2011-07-07',357.20
'2011-07-08',359.71
'2011-07-11',354.00
'2011-07-12',353.75
'2011-07-13',358.02
'2011-07-14',357.77
'2011-07-15',364.92
'2011-07-18',373.80
'2011-07-19',376.85
'2011-07-20',386.90
'2011-07-21',387.29
'2011-07-22',393.30
'2011-07-25',398.50
'2011-07-26',403.41
'2011-07-27',392.59
'2011-07-28',391.82
'2011-07-29',390.48
'2011-08-01',396.75
'2011-08-02',388.91
'2011-08-03',392.57
'2011-08-04',377.37
'2011-08-05',373.62
'2011-08-08',353.21
'2011-08-09',374.01
'2011-08-10',363.69
'2011-08-11',373.70
'2011-08-12',376.99
'2011-08-15',383.41
'2011-08-16',380.48
'2011-08-17',380.44
'2011-08-18',366.05
'2011-08-19',356.03
'2011-08-22',356.44
'2011-08-23',373.60
'2011-08-24',376.18
'2011-08-25',373.72
'2011-08-26',383.58
'2011-08-29',389.97
'2011-08-30',389.99
'2011-08-31',384.83
'2011-09-01',381.03
'2011-09-02',374.05
'2011-09-06',379.74
'2011-09-07',383.93
'2011-09-08',384.14
'2011-09-09',377.48
'2011-09-12',379.94
'2011-09-13',384.62
'2011-09-14',389.30
'2011-09-15',392.96
'2011-09-16',400.50
'2011-09-19',411.63
'2011-09-20',413.45
'2011-09-21',412.14
'2011-09-22',401.82
'2011-09-23',404.30
'2011-09-26',403.17
'2011-09-27',399.26
'2011-09-28',397.01
'2011-09-29',390.57
'2011-09-30',381.32
'2011-10-03',374.60
'2011-10-04',372.50
'2011-10-05',378.25
'2011-10-06',377.37
'2011-10-07',369.80
'2011-10-10',388.81
'2011-10-11',400.29
'2011-10-12',402.19
'2011-10-13',408.43
'2011-10-14',422.00
'2011-10-17',419.99
'2011-10-18',422.24
'2011-10-19',398.62
'2011-10-20',395.31
'2011-10-21',392.87
'2011-10-24',405.77
'2011-10-25',397.77
'2011-10-26',400.60
'2011-10-27',404.69
'2011-10-28',404.95
'2011-10-31',404.78
'2011-11-01',396.51
'2011-11-02',397.41
'2011-11-03',403.07
'2011-11-04',400.24
'2011-11-07',399.73
'2011-11-08',406.23
'2011-11-09',395.28
'2011-11-10',385.22
'2011-11-11',384.620
'2011-11-14',379.260
'2011-11-15',388.830
'2011-11-16',384.770
'2011-11-17',377.410
'2011-11-18',374.940
'2011-11-21',369.010
'2011-11-22',376.510
'2011-11-23',366.990
'2011-11-25',363.570
'2011-11-28',376.120
'2011-11-29',373.200
'2011-11-30',382.200
'2011-12-01',387.930
'2011-12-02',389.700
'2011-12-05',393.010
'2011-12-06',390.950
'2011-12-07',389.090
'2011-12-08',390.660
'2011-12-09',393.620
'2011-12-12',391.840
'2011-12-13',388.810
'2011-12-14',380.190
'2011-12-15',378.940
'2011-12-16',381.020
'2011-12-19',382.210
'2011-12-20',395.950
'2011-12-21',396.445
'2011-12-22',398.550
'2011-12-23',403.330
'2011-12-27',406.530
'2011-12-28',402.640
'2011-12-29',405.120
'2011-12-30',405.000
'2012-01-03',411.230
'2012-01-04',413.440
'2012-01-05',418.030
'2012-01-06',422.400
'2012-01-09',421.730
'2012-01-10',423.240
'2012-01-11',422.550
'2012-01-12',421.390
'2012-01-13',419.810
'2012-01-17',424.700
'2012-01-18',429.110
'2012-01-19',427.750
'2012-01-20',420.300
'2012-01-23',427.409
'2012-01-24',420.410
'2012-01-25',446.660
'2012-01-26',444.63
'2012-01-27',447.28
'2012-01-30',453.01
'2012-01-31',456.48
'2012-02-01',456.19
'2012-02-02',455.12
'2012-02-03',459.68
'2012-02-06',463.97
'2012-02-07',468.83
'2012-02-08',476.68
'2012-02-09',493.17
'2012-02-10',493.42
'2012-02-13',502.60
'2012-02-14',509.46
'2012-02-15',497.67
'2012-02-16',502.21
'2012-02-17',502.12
'2012-02-21',514.85
'2012-02-22',513.04
'2012-02-23',516.39
'2012-02-24',522.41
'2012-02-27',525.76
'2012-02-28',535.41
'2012-02-29',542.44
'2012-03-01',544.47
'2012-03-02',545.18
'2012-03-05',533.16
'2012-03-06',530.26
'2012-03-07',530.69
'2012-03-08',541.99
'2012-03-09',545.17
'2012-03-12',552.00
'2012-03-13',568.10
'2012-03-14',589.58
'2012-03-15',585.56
'2012-03-16',585.57
'2012-03-19',601.10
'2012-03-20',605.96
'2012-03-21',602.50
'2012-03-22',599.34
'2012-03-23',596.05
'2012-03-26',606.98
'2012-03-27',614.48
'2012-03-28',617.62
'2012-03-29',609.86
'2012-03-30',599.55
'2012-04-02',618.63
'2012-04-03',629.32
'2012-04-04',624.31
'2012-04-05',633.68
'2012-04-09',636.230
'2012-04-10',628.440
'2012-04-11',626.200
'2012-04-12',622.770
'2012-04-13',605.230
'2012-04-16',580.130
'2012-04-17',609.700
'2012-04-18',608.340
'2012-04-19',587.440
'2012-04-20',572.980
'2012-04-23',571.700
'2012-04-24',560.280
'2012-04-25',610.000
'2012-04-26',607.700
'2012-04-27',603.000
'2012-04-30',583.980
'2012-05-01',582.130
'2012-05-02',585.980
'2012-05-03',581.820
'2012-05-04',565.250
'2012-05-07',569.480
'2012-05-08',568.180
'2012-05-09',569.180
'2012-05-10',570.520
'2012-05-11',566.710
'2012-05-14',558.220
'2012-05-15',553.170
'2012-05-16',546.075
'2012-05-17',530.120
'2012-05-18',530.380
'2012-05-21',561.280
'2012-05-22',556.970
'2012-05-23',570.560
'2012-05-24',565.320
'2012-05-25',562.290
'2012-05-29',572.270
'2012-05-30',579.170
'2012-05-31',577.730
'2012-06-01',560.990
'2012-06-04',564.290
'2012-06-05',562.830
'2012-06-06',571.460
'2012-06-07',571.720
'2012-06-08',580.320
'2012-06-11',571.170
'2012-06-12',576.160
'2012-06-13',572.160
'2012-06-14',571.530
'2012-06-15',574.130
'2012-06-18',585.780
'2012-06-19',587.410
'2012-06-20',585.741
'2012-06-21',577.670
'2012-06-22',582.100
'2012-06-25',570.765
'2012-06-26',572.025
'2012-06-27',574.500
'2012-06-28',569.050
'2012-06-29',584.000
'2012-07-02',592.520
'2012-07-03',599.410
'2012-07-05',609.940
'2012-07-06',605.880
'2012-07-09',613.890
'2012-07-10',608.210
'2012-07-11',604.430
'2012-07-12',598.900
'2012-07-13',604.970
'2012-07-16',606.910
'2012-07-17',606.940
'2012-07-18',606.260
'2012-07-19',614.320
'2012-07-20',604.300
'2012-07-23',603.830
'2012-07-24',600.920
'2012-07-25',574.970
'2012-07-26',574.880
'2012-07-27',585.160
'2012-07-30',595.030
'2012-07-31',610.760
'2012-08-01',606.810
'2012-08-02',607.790
'2012-08-03',615.700
'2012-08-06',622.550
'2012-08-07',620.914
'2012-08-08',619.860
'2012-08-09',620.730
'2012-08-10',621.700
'2012-08-13',630.000
'2012-08-14',631.690
'2012-08-15',630.830
'2012-08-16',636.340
'2012-08-17',648.110
'2012-08-20',665.150
'2012-08-21',656.062
'2012-08-22',668.870
'2012-08-23',662.630
'2012-08-24',663.222
'2012-08-27',675.680
'2012-08-28',674.800
'2012-08-29',673.4660
'2012-08-30',663.8680
'2012-08-31',665.2400
'2012-09-04',674.9700
'2012-09-05',670.2300
'2012-09-06',676.2700
'2012-09-07',680.4400
'2012-09-10',662.7400
'2012-09-11',660.5900
'2012-09-12',669.7900
'2012-09-13',682.9800
'2012-09-14',691.2800
'2012-09-17',699.7810
'2012-09-18',701.9100
'2012-09-19',702.1000
'2012-09-20',698.7000
'2012-09-21',700.0950
'2012-09-24',690.7900
'2012-09-25',673.5400
'2012-09-26',665.1800
'2012-09-27',681.3200
'2012-09-28',667.1050
'2012-10-01',659.3900
'2012-10-02',661.3100
'2012-10-03',671.4500
'2012-10-04',666.8000
'2012-10-05',652.5900
'2012-10-08',638.1700
'2012-10-09',635.8500
'2012-10-10',640.9100
'2012-10-11',628.1000
'2012-10-12',629.7140
'2012-10-15',634.7600
'2012-10-16',649.7925
'2012-10-17',644.6136
'2012-10-18',632.6400
'2012-10-19',609.8400
'2012-10-22',634.0300
'2012-10-23',613.3554
'2012-10-24',616.8300
'2012-10-25',609.5380
'2012-10-26',604.0000
'2012-10-31',595.3200
'2012-11-01',596.5399
'2012-11-02',576.8000
'2012-11-05',584.6211
'2012-11-06',582.8495
'2012-11-07',558.0019
'2012-11-08',537.7500
'2012-11-09',547.0600
'2012-11-12',542.8300
'2012-11-13',542.8980
'2012-11-14',536.8800
'2012-11-15',525.6200
'2012-11-16',527.6780
'2012-11-19',565.7300
'2012-11-20',560.9134
'2012-11-21',561.7000
'2012-11-23',571.5000
'2012-11-26',589.5300
'2012-11-27',584.7800
'2012-11-28',582.9400
'2012-11-29',589.3600
'2012-11-30',585.2800
'2012-12-03',586.1900
'2012-12-04',575.8454
'2012-12-05',538.7923
'2012-12-06',547.2445
'2012-12-07',533.2500
'2012-12-10',529.8209
'2012-12-11',541.3880
'2012-12-12',539.0000
'2012-12-13',529.6900
'2012-12-14',509.7940
'2012-12-17',518.8300
'2012-12-18',533.9000
'2012-12-19',526.3100
'2012-12-20',521.7302
'2012-12-21',519.3300
'2012-12-24',520.1680
'2012-12-26',512.9995
'2012-12-27',515.0600
'2012-12-28',509.5892
'2012-12-31',532.1729
'2013-01-02',549.0300
'2013-01-03',542.0959
'2013-01-04',527.0000
'2013-01-07',523.9000
'2013-01-08',525.3100
'2013-01-09',517.1000
'2013-01-10',523.5100
'2013-01-11',520.3000
'2013-01-14',501.7500
'2013-01-15',485.9200
'2013-01-16',506.0900
'2013-01-17',502.6800
'2013-01-18',500.0000
'2013-01-22',504.7700
'2013-01-23',514.0050
'2013-01-24',450.5000
'2013-01-25',439.880
'2013-01-28',449.830
'2013-01-29',458.270
'2013-01-30',456.830
'2013-01-31',455.490
'2013-02-01',453.620
'2013-02-04',442.316
'2013-02-05',457.844
'2013-02-06',457.350
'2013-02-07',468.220
'2013-02-08',474.980
'2013-02-11',479.930
'2013-02-12',467.900
'2013-02-13',467.010
'2013-02-14',466.590
'2013-02-15',460.160
'2013-02-19',459.990
'2013-02-20',448.850
'2013-02-21',446.060
'2013-02-22',450.810
'2013-02-25',442.800
'2013-02-26',448.970
'2013-02-27',444.570
'2013-02-28',441.400
'2013-03-01',430.470
'2013-03-04',420.050
'2013-03-05',431.144
'2013-03-06',425.662
'2013-03-07',430.582
'2013-03-08',431.720
'2013-03-11',437.870
'2013-03-12',428.430
'2013-03-13',428.350
'2013-03-14',432.500
'2013-03-15',443.660
'2013-03-18',455.720
'2013-03-19',454.490
'2013-03-20',452.080
'2013-03-21',452.730
'2013-03-22',461.910
'2013-03-25',463.580
'2013-03-26',461.136
'2013-03-27',452.080
'2013-03-28',442.660
'2013-04-01',428.910
'2013-04-02',429.792
'2013-04-03',431.990
'2013-04-04',427.720
'2013-04-05',423.200
'2013-04-08',426.210
'2013-04-09',426.980
'2013-04-10',435.690
'2013-04-11',434.330
'2013-04-12',429.800
'2013-04-15',419.850
'2013-04-16',426.240
'2013-04-17',402.800
'2013-04-18',392.050
'2013-04-19',390.530
'2013-04-22',398.670
'2013-04-23',406.130
'2013-04-24',405.462
'2013-04-25',408.380
'2013-04-26',417.205
'2013-04-29',430.120
'2013-04-30',442.780
'2013-05-01',439.290
'2013-05-02',445.520
'2013-05-03',449.980
'2013-05-06',460.710
'2013-05-07',458.658
'2013-05-08',463.840
'2013-05-09',456.770
'2013-05-10',452.970
'2013-05-13',454.740
'2013-05-14',443.860
'2013-05-15',428.850
'2013-05-16',434.578
'2013-05-17',433.260
'2013-05-20',442.930
'2013-05-21',439.660
'2013-05-22',441.354
'2013-05-23',442.140
'2013-05-24',445.150
'2013-05-28',441.439
'2013-05-29',444.950
'2013-05-30',451.580
'2013-05-31',449.735
'2013-06-03',450.720
'2013-06-04',449.310
'2013-06-05',445.110
'2013-06-06',438.460
'2013-06-07',441.811
'2013-06-10',438.890
'2013-06-11',437.600
'2013-06-12',432.190
'2013-06-13',435.965
'2013-06-14',430.050
'2013-06-17',432.000
'2013-06-18',431.770
'2013-06-19',423.000
'2013-06-20',416.838
'2013-06-21',413.500
'2013-06-24',402.540
'2013-06-25',402.630
'2013-06-26',398.070
'2013-06-27',393.780
'2013-06-28',396.530
'2013-07-01',409.220
'2013-07-02',418.490
'2013-07-03',420.800
'2013-07-05',417.420
'2013-07-08',415.050
'2013-07-09',422.350
'2013-07-10',420.730
'2013-07-11',427.288
'2013-07-12',426.510
'2013-07-15',427.440
'2013-07-16',430.195
'2013-07-17',430.310
'2013-07-18',431.758
'2013-07-19',424.950
'2013-07-22',426.310
'2013-07-23',418.990
'2013-07-24',440.510
'2013-07-25',438.500
'2013-07-26',440.990
'2013-07-29',447.790
'2013-07-30',453.320
'2013-07-31',452.530
'2013-08-01',456.676
'2013-08-02',462.540
'2013-08-05',469.450
'2013-08-06',465.250
'2013-08-07',464.980
'2013-08-08',461.010
'2013-08-09',454.450
'2013-08-12',467.360
'2013-08-13',489.570
'2013-08-14',498.500
'2013-08-15',497.910
'2013-08-16',502.330
'2013-08-19',507.740
'2013-08-20',501.070
'2013-08-21',502.360
'2013-08-22',502.960
'2013-08-23',501.020
'2013-08-26',502.970
'2013-08-27',488.590
'2013-08-28',490.896
'2013-08-29',491.7000
'2013-08-30',487.2160
'2013-09-03',488.5800
'2013-09-04',498.6910
'2013-09-05',495.2700
'2013-09-06',498.2200
'2013-09-09',506.1700
'2013-09-10',494.6400
'2013-09-11',467.7100
'2013-09-12',472.6900
'2013-09-13',464.9000
'2013-09-16',450.1200
'2013-09-17',455.3200
'2013-09-18',464.6800
'2013-09-19',472.3000
'2013-09-20',467.4100
'2013-09-23',490.6400
'2013-09-24',489.1000
'2013-09-25',481.5300
'2013-09-26',486.2200
'2013-09-27',482.7500
'2013-09-30',476.7500
'2013-10-01',487.9600
'2013-10-02',489.5600
'2013-10-03',483.4100
'2013-10-04',483.0300
'2013-10-07',487.7500
'2013-10-08',480.9400
'2013-10-09',486.5880
'2013-10-10',489.6380
'2013-10-11',492.8120
'2013-10-14',496.0400
'2013-10-15',498.6800
'2013-10-16',501.1140
'2013-10-17',504.5000
'2013-10-18',508.8900
'2013-10-21',521.3620
'2013-10-22',519.8675
'2013-10-23',524.9600
'2013-10-24',531.9100
'2013-10-25',525.9580
'2013-10-28',529.8760
'2013-10-29',516.6780
'2013-10-30',524.8960
'2013-10-31',522.7020
'2013-11-01',520.0300
'2013-11-04',526.7500
'2013-11-05',525.4490
'2013-11-06',520.9200
'2013-11-07',512.4920
'2013-11-08',520.5600
'2013-11-11',519.0480
'2013-11-12',520.0100
'2013-11-13',520.6340
'2013-11-14',528.1600
'2013-11-15',524.9910
'2013-11-18',518.6290
'2013-11-19',519.5500
'2013-11-20',515.0000
'2013-11-21',521.1360
'2013-11-22',519.8000
'2013-11-25',523.7400
'2013-11-26',533.4000
'2013-11-27',545.9600
'2013-11-29',556.0700
'2013-12-02',551.2300
'2013-12-03',566.3220
'2013-12-04',565.0000
'2013-12-05',567.9010
'2013-12-06',560.0200
'2013-12-09',566.4300
'2013-12-10',565.5500
'2013-12-11',561.3600
'2013-12-12',560.5400
'2013-12-13',554.4300
'2013-12-16',557.5000
'2013-12-17',554.9900
'2013-12-18',550.7700
'2013-12-19',544.4600
'2013-12-20',549.0200
'2013-12-23',570.0900
'2013-12-24',567.6700
'2013-12-26',563.9000
'2013-12-27',560.0900
'2013-12-30',554.5200
'2013-12-31',561.0200
'2014-01-02',553.1300
'2014-01-03',540.9800
'2014-01-06',543.9300
'2014-01-07',540.0375
'2014-01-08',543.4600
'2014-01-09',536.5190
'2014-01-10',532.9400
'2014-01-13',535.7300
'2014-01-14',546.3900
'2014-01-15',557.3600
'2014-01-16',554.2500
'2014-01-17',540.6700
'2014-01-21',549.0700
'2014-01-22',551.5100
'2014-01-23',556.180
'2014-01-24',546.070
'2014-01-27',550.500
'2014-01-28',506.500
'2014-01-29',500.750
'2014-01-30',499.782
'2014-01-31',500.600
'2014-02-03',501.530
'2014-02-04',508.790
'2014-02-05',512.590
'2014-02-06',512.510
'2014-02-07',519.680
'2014-02-10',528.990
'2014-02-11',535.960
'2014-02-12',535.920
'2014-02-13',544.430
'2014-02-14',543.990
'2014-02-18',545.990
'2014-02-19',537.370
'2014-02-20',531.150
'2014-02-21',525.250
'2014-02-24',527.550
'2014-02-25',522.060
'2014-02-26',517.350
'2014-02-27',527.670
'2014-02-28',526.240
'2014-03-03',527.760
'2014-03-04',531.240
'2014-03-05',532.360
'2014-03-06',530.750
'2014-03-07',530.440
'2014-03-10',530.920
'2014-03-11',536.090
'2014-03-12',536.610
'2014-03-13',530.650
'2014-03-14',524.690
'2014-03-17',526.740
'2014-03-18',531.400
'2014-03-19',531.260
'2014-03-20',528.700
'2014-03-21',532.870
'2014-03-24',539.190
'2014-03-25',544.990
'2014-03-26',539.780
'2014-03-27',537.460
'2014-03-28',536.860
'2014-03-31',536.740
'2014-04-01',541.650
'2014-04-02',542.550
'2014-04-03',538.790
'2014-04-04',531.8200
'2014-04-07',523.4700
'2014-04-08',523.4400
'2014-04-09',530.3200
'2014-04-10',523.4800
'2014-04-11',519.6100
'2014-04-14',521.6800
'2014-04-15',517.9599
'2014-04-16',519.0100
'2014-04-17',524.9400
'2014-04-21',531.1700
'2014-04-22',531.6990
'2014-04-23',524.7500
'2014-04-24',567.7700
'2014-04-25',571.9400
'2014-04-28',594.0900
'2014-04-29',592.3300
'2014-04-30',590.0900
'2014-05-01',591.4800
'2014-05-02',592.5800
'2014-05-05',600.9600
'2014-05-06',594.4100
'2014-05-07',592.3300
'2014-05-08',587.9900
'2014-05-09',585.5425
'2014-05-12',592.8300
'2014-05-13',593.7600
'2014-05-14',593.8700
'2014-05-15',588.8200
'2014-05-16',597.5100
'2014-05-19',604.5900
'2014-05-20',604.7100
'2014-05-21',606.3100
'2014-05-22',607.2700
'2014-05-23',614.1300
'2014-05-27',625.6300
'2014-05-28',624.0100
'2014-05-29',635.3800
'2014-05-30',633.0000
'2014-06-02',628.6500
'2014-06-03',637.5400
'2014-06-04',644.8200
'2014-06-05',647.3500
'2014-06-06',645.5700
'2014-06-09',93.7000
'2014-06-10',94.2500
'2014-06-11',93.8600
'2014-06-12',92.2900
'2014-06-13',91.2800
'2014-06-16',92.2000
'2014-06-17',92.0800
'2014-06-18',92.1800
'2014-06-19',91.8600
'2014-06-20',90.9100
'2014-06-23',90.8300
'2014-06-24',90.2800
'2014-06-25',90.3600
'2014-06-26',90.9000
'2014-06-27',91.9800
'2014-06-30',92.9300
'2014-07-01',93.5200
'2014-07-02',93.4800
'2014-07-03',94.0300
'2014-07-07',95.9680
'2014-07-08',95.3500
'2014-07-09',95.3900
'2014-07-10',95.0350
'2014-07-11',95.2200
'2014-07-14',96.4500
'2014-07-15',95.3200
'2014-07-16',94.7800
'2014-07-17',93.0899
'2014-07-18',94.4300
'2014-07-21',93.9390
'2014-07-22',94.7200
'2014-07-23',97.1900
'2014-07-24',97.0300
'2014-07-25',97.6710
'2014-07-28',99.0200
'2014-07-29',98.3800
'2014-07-30',98.1500
'2014-07-31',95.6000
'2014-08-01',96.1300
'2014-08-04',95.5900
'2014-08-05',95.1200
'2014-08-06',94.9600
'2014-08-07',94.4800
'2014-08-08',94.7400
'2014-08-11',95.9900
'2014-08-12',95.9700
'2014-08-13',97.2400
'2014-08-14',97.5000
'2014-08-15',97.9800
'2014-08-18',99.1600
'2014-08-19',100.5300
'2014-08-20',100.5700
'2014-08-21',100.5800
'2014-08-22',101.3200
'2014-08-25',101.5400
'2014-08-26',100.8890
'2014-08-27',102.13
'2014-08-28',102.25
'2014-08-29',102.50
'2014-09-02',103.30
'2014-09-03',98.94
'2014-09-04',98.12
'2014-09-05',98.97
'2014-09-08',98.36
'2014-09-09',97.99
'2014-09-10',101.00
'2014-09-11',101.43
'2014-09-12',101.66
'2014-09-15',101.63
'2014-09-16',100.86
'2014-09-17',101.58
'2014-09-18',101.79
'2014-09-19',100.96
'2014-09-22',101.06
'2014-09-23',102.64
'2014-09-24',101.75
'2014-09-25',97.87
'2014-09-26',100.75
'2014-09-29',100.11
'2014-09-30',100.75
'2014-10-01',99.18
'2014-10-02',99.90
'2014-10-03',99.62
'2014-10-06',99.62
'2014-10-07',98.75
'2014-10-08',100.80
'2014-10-09',101.02
'2014-10-10',100.73
'2014-10-13',99.81
'2014-10-14',98.75
'2014-10-15',97.54
'2014-10-16',96.26
'2014-10-17',97.67
'2014-10-20',99.76
'2014-10-21',102.47
'2014-10-22',102.99
'2014-10-23',104.83
'2014-10-24',105.22
'2014-10-27',105.11
'2014-10-28',106.74
'2014-10-29',107.34
'2014-10-30',106.98
'2014-10-31',108.00
'2014-11-03',109.40
'2014-11-04',108.60
'2014-11-05',108.86
'2014-11-06',108.700
'2014-11-07',109.010
'2014-11-10',108.830
'2014-11-11',109.700
'2014-11-12',111.250
'2014-11-13',112.820
'2014-11-14',114.180
'2014-11-17',113.990
'2014-11-18',115.470
'2014-11-19',114.670
'2014-11-20',116.310
'2014-11-21',116.470
'2014-11-24',118.625
'2014-11-25',117.600
'2014-11-26',119.000
'2014-11-28',118.930
'2014-12-01',115.070
'2014-12-02',114.630
'2014-12-03',115.930
'2014-12-04',115.490
'2014-12-05',115.000
'2014-12-08',112.400
'2014-12-09',114.120
'2014-12-10',111.950
'2014-12-11',111.620
'2014-12-12',109.730
'2014-12-15',108.225
'2014-12-16',106.745
'2014-12-17',109.410
'2014-12-18',112.650
'2014-12-19',111.780
'2014-12-22',112.940
'2014-12-23',112.540
'2014-12-24',112.010
'2014-12-26',113.990
'2014-12-29',113.910
'2014-12-30',112.520
'2014-12-31',110.380
'2015-01-02',109.330
'2015-01-05',106.250
'2015-01-06',106.260
'2015-01-07',107.750
'2015-01-08',111.890
'2015-01-09',112.010
'2015-01-12',109.250
'2015-01-13',110.220
'2015-01-14',109.800
'2015-01-15',106.820
'2015-01-16',105.990
'2015-01-20',108.720
'2015-01-21',109.550
'2015-01-22',112.400
'2015-01-23',112.980
'2015-01-26',113.100
'2015-01-27',109.140
'2015-01-28',115.310
'2015-01-29',118.900
'2015-01-30',117.160
'2015-02-02',118.630
'2015-02-03',118.650
'2015-02-04',119.560
'2015-02-05',119.940
'2015-02-06',118.930
'2015-02-09',119.720
'2015-02-10',122.020
'2015-02-11',124.880
'2015-02-12',126.460
'2015-02-13',127.080
'2015-02-17',127.830
'2015-02-18',128.715
'2015-02-19',128.450
'2015-02-20',129.495
'2015-02-23',133.000
'2015-02-24',132.170
'2015-02-25',128.790
'2015-02-26',130.415
'2015-02-27',128.460
'2015-03-02',129.090
'2015-03-03',129.360
'2015-03-04',128.540
'2015-03-05',126.410
'2015-03-06',126.600
'2015-03-09',127.140
'2015-03-10',124.510
'2015-03-11',122.240
'2015-03-12',124.450
'2015-03-13',123.590
'2015-03-16',124.950
'2015-03-17',127.040
'2015-03-18',128.470
'2015-03-19',127.495
'2015-03-20',125.900
'2015-03-23',127.210
'2015-03-24',126.690
'2015-03-25',123.380
'2015-03-26',124.240
'2015-03-27',123.250
'2015-03-30',126.370
'2015-03-31',124.430
'2015-04-01',124.250
'2015-04-02',125.320
'2015-04-06',127.350
'2015-04-07',126.010
'2015-04-08',125.600
'2015-04-09',126.560
'2015-04-10',127.100
'2015-04-13',126.850
'2015-04-14',126.300
'2015-04-15',126.780
'2015-04-16',126.170
'2015-04-17',124.750
'2015-04-20',127.600
'2015-04-21',126.910
'2015-04-22',128.620
'2015-04-23',129.670
'2015-04-24',130.280
'2015-04-27',132.650
'2015-04-28',130.560
'2015-04-29',128.640
'2015-04-30',125.150
'2015-05-01',128.950
'2015-05-04',128.700
'2015-05-05',125.800
'2015-05-06',125.010
'2015-05-07',125.260
'2015-05-08',127.620
'2015-05-11',126.320
'2015-05-12',125.865
'2015-05-13',126.010
'2015-05-14',128.950
'2015-05-15',128.770
'2015-05-18',130.190
'2015-05-19',130.070
'2015-05-20',130.060
'2015-05-21',131.390
'2015-05-22',132.540
'2015-05-26',129.620
'2015-05-27',132.045
'2015-05-28',131.780
'2015-05-29',130.280
'2015-06-01',130.535
'2015-06-02',129.960
'2015-06-03',130.120
'2015-06-04',129.360
'2015-06-05',128.650
'2015-06-08',127.800
'2015-06-09',127.420
'2015-06-10',128.880
'2015-06-11',128.590
'2015-06-12',127.170
'2015-06-15',126.920
'2015-06-16',127.600
'2015-06-17',127.300
'2015-06-18',127.880
'2015-06-19',126.600
'2015-06-22',127.610
'2015-06-23',127.030
'2015-06-24',128.110
'2015-06-25',127.500
'2015-06-26',126.750
'2015-06-29',124.530
'2015-06-30',125.425
'2015-07-01',126.600
'2015-07-02',126.440
'2015-07-06',126.000
'2015-07-07',125.690
'2015-07-08',122.570
'2015-07-09',120.070
'2015-07-10',123.280
'2015-07-13',125.660
'2015-07-14',125.610
'2015-07-15',126.820
'2015-07-16',128.510
'2015-07-17',129.620
'2015-07-20',132.070
'2015-07-21',130.750
'2015-07-22',125.220
'2015-07-23',125.160
'2015-07-24',124.500
'2015-07-27',122.770
'2015-07-28',123.380
'2015-07-29',122.990
'2015-07-30',122.370
'2015-07-31',121.300
'2015-08-03',118.440
'2015-08-04',114.640
'2015-08-05',115.400
'2015-08-06',115.130
'2015-08-07',115.520
'2015-08-10',119.720
'2015-08-11',113.490
'2015-08-12',115.240
'2015-08-13',115.150
'2015-08-14',115.960
'2015-08-17',117.160
'2015-08-18',116.500
'2015-08-19',115.010
'2015-08-20',112.650
'2015-08-21',105.760
'2015-08-24',103.120
'2015-08-25',103.74
'2015-08-26',109.69
'2015-08-27',112.92
'2015-08-28',113.29
'2015-08-31',112.76
'2015-09-01',107.72
'2015-09-02',112.34
'2015-09-03',110.37
'2015-09-04',109.27
'2015-09-08',112.31
'2015-09-09',110.15
'2015-09-10',112.57
'2015-09-11',114.21
'2015-09-14',115.31
'2015-09-15',116.28
'2015-09-16',116.41
'2015-09-17',113.92
'2015-09-18',113.45
'2015-09-21',115.21
'2015-09-22',113.40
'2015-09-23',114.32
'2015-09-24',115.00
'2015-09-25',114.71
'2015-09-28',112.44
'2015-09-29',109.06
'2015-09-30',109.95
'2015-10-01',109.58
'2015-10-02',110.38
'2015-10-05',110.78
'2015-10-06',111.31
'2015-10-07',110.78
'2015-10-08',109.50
'2015-10-09',112.12
'2015-10-12',111.60
'2015-10-13',111.79
'2015-10-14',110.21
'2015-10-15',111.86
'2015-10-16',111.04
'2015-10-19',111.73
'2015-10-20',113.77
'2015-10-21',113.76
'2015-10-22',115.50
'2015-10-23',119.08
'2015-10-26',115.28
'2015-10-27',114.55
'2015-10-28',119.27
'2015-10-29',120.53
'2015-10-30',119.50
'2015-11-02',121.18
'2015-11-03',122.57
'2015-11-04',122.000
'2015-11-05',120.920
'2015-11-06',121.060
'2015-11-09',120.570
'2015-11-10',116.770
'2015-11-11',116.110
'2015-11-12',115.720
'2015-11-13',112.340
'2015-11-16',114.175
'2015-11-17',113.690
'2015-11-18',117.290
'2015-11-19',118.780
'2015-11-20',119.300
'2015-11-23',117.750
'2015-11-24',118.880
'2015-11-25',118.030
'2015-11-27',117.810
'2015-11-30',118.300
'2015-12-01',117.340
'2015-12-02',116.280
'2015-12-03',115.200
'2015-12-04',119.030
'2015-12-07',118.280
'2015-12-08',118.230
'2015-12-09',115.620
'2015-12-10',116.170
'2015-12-11',113.180
'2015-12-14',112.480
'2015-12-15',110.490
'2015-12-16',111.340
'2015-12-17',108.980
'2015-12-18',106.030
'2015-12-21',107.330
'2015-12-22',107.230
'2015-12-23',108.610
'2015-12-24',108.030
'2015-12-28',106.820
'2015-12-29',108.740
'2015-12-30',107.320
'2015-12-31',105.260
'2016-01-04',105.350
'2016-01-05',102.710
'2016-01-06',100.700
'2016-01-07',96.450
'2016-01-08',96.960
'2016-01-11',98.530
'2016-01-12',99.960
'2016-01-13',97.390
'2016-01-14',99.520
'2016-01-15',97.130
'2016-01-19',96.66
'2016-01-20',96.79
'2016-01-21',96.30
'2016-01-22',101.42
'2016-01-25',99.44
'2016-01-26',99.99
'2016-01-27',93.42
'2016-01-28',94.09
'2016-01-29',97.34
'2016-02-01',96.43
'2016-02-02',94.48
'2016-02-03',96.35
'2016-02-04',96.60
'2016-02-05',94.02
'2016-02-08',95.01
'2016-02-09',94.99
'2016-02-10',94.27
'2016-02-11',93.70
'2016-02-12',93.99
'2016-02-16',96.64
'2016-02-17',98.12
'2016-02-18',96.26
'2016-02-19',96.04
'2016-02-22',96.88
'2016-02-23',94.69
'2016-02-24',96.10
'2016-02-25',96.76
'2016-02-26',96.91
'2016-02-29',96.69
'2016-03-01',100.53
'2016-03-02',100.75
'2016-03-03',101.50
'2016-03-04',103.01
'2016-03-07',101.87
'2016-03-08',101.03
'2016-03-09',101.12
'2016-03-10',101.17
'2016-03-11',102.26
'2016-03-14',102.52
'2016-03-15',104.58
'2016-03-16',105.97
'2016-03-17',105.80
'2016-03-18',105.92
'2016-03-21',105.91
'2016-03-22',106.72
'2016-03-23',106.13
'2016-03-24',105.67
'2016-03-28',105.19
'2016-03-29',107.68
'2016-03-30',109.56
'2016-03-31',108.99
'2016-04-01',109.99
'2016-04-04',111.12
'2016-04-05',109.81
'2016-04-06',110.96
'2016-04-07',108.54
'2016-04-08',108.66
'2016-04-11',109.02
'2016-04-12',110.44
'2016-04-13',112.04
'2016-04-14',112.10
'2016-04-15',109.85
'2016-04-18',107.48
'2016-04-19',106.91
'2016-04-20',107.13
'2016-04-21',105.97
'2016-04-22',105.68
'2016-04-25',105.08
'2016-04-26',104.35
'2016-04-27',97.82
'2016-04-28',94.83
'2016-04-29',93.74
'2016-05-02',93.64
'2016-05-03',95.18
'2016-05-04',94.19
'2016-05-05',93.24
'2016-05-06',92.72
'2016-05-09',92.79
'2016-05-10',93.42
'2016-05-11',92.51
'2016-05-12',90.34
'2016-05-13',90.52
'2016-05-16',93.88
'2016-05-17',93.49
'2016-05-18',94.56
'2016-05-19',94.20
'2016-05-20',95.22
'2016-05-23',96.43
'2016-05-24',97.90
'2016-05-25',99.62
'2016-05-26',100.41
'2016-05-27',100.35
'2016-05-31',99.86
'2016-06-01',98.46
'2016-06-02',97.72
'2016-06-03',97.92
'2016-06-06',98.63
'2016-06-07',99.03
'2016-06-08',98.94
'2016-06-09',99.65
'2016-06-10',98.83
'2016-06-13',97.34
'2016-06-14',97.46
'2016-06-15',97.14
'2016-06-16',97.55
'2016-06-17',95.33
'2016-06-20',95.10
'2016-06-21',95.91
'2016-06-22',95.55
'2016-06-23',96.10
'2016-06-24',93.40
'2016-06-27',92.04
'2016-06-28',93.59
'2016-06-29',94.40
'2016-06-30',95.60
'2016-07-01',95.89
'2016-07-05',94.99
'2016-07-06',95.53
'2016-07-07',95.94
'2016-07-08',96.68
'2016-07-11',96.98
'2016-07-12',97.42
'2016-07-13',96.87
'2016-07-14',98.79
'2016-07-15',98.78
'2016-07-18',99.83
'2016-07-19',99.87
'2016-07-20',99.96
'2016-07-21',99.43
'2016-07-22',98.66
'2016-07-25',97.34
'2016-07-26',96.67
'2016-07-27',102.95
'2016-07-28',104.34
'2016-07-29',104.21
'2016-08-01',106.05
'2016-08-02',104.48
'2016-08-03',105.79
'2016-08-04',105.87
'2016-08-05',107.48
'2016-08-08',108.37
'2016-08-09',108.81
'2016-08-10',108.00
'2016-08-11',107.93
'2016-08-12',108.18
'2016-08-15',109.48
'2016-08-16',109.38
'2016-08-17',109.22
'2016-08-18',109.08
'2016-08-19',109.36
'2016-08-22',108.51
'2016-08-23',108.85
'2016-08-24',108.03
'2016-08-25',107.57
'2016-08-26',106.94
'2016-08-29',106.82
'2016-08-30',106.00
'2016-08-31',106.10
'2016-09-01',106.73
'2016-09-02',107.73
'2016-09-06',107.70
'2016-09-07',108.36
'2016-09-08',105.52
'2016-09-09',103.13
'2016-09-12',105.44
'2016-09-13',107.95
'2016-09-14',111.77
'2016-09-15',115.57
'2016-09-16',114.92
'2016-09-19',113.58
'2016-09-20',113.57
'2016-09-21',113.55
'2016-09-22',114.62
'2016-09-23',112.71
'2016-09-26',112.88
'2016-09-27',113.09
'2016-09-28',113.95
'2016-09-29',112.18
'2016-09-30',113.05
'2016-10-03',112.52
'2016-10-04',113.00
'2016-10-05',113.05
'2016-10-06',113.89
'2016-10-07',114.06
'2016-10-10',116.05
'2016-10-11',116.30
'2016-10-12',117.34
'2016-10-13',116.98
'2016-10-14',117.63
'2016-10-17',117.55
'2016-10-18',117.47
'2016-10-19',117.12
'2016-10-20',117.06
'2016-10-21',116.60
'2016-10-24',117.65
'2016-10-25',118.25
'2016-10-26',115.59
'2016-10-27',114.48
'2016-10-28',113.72
'2016-10-31',113.54
'2016-11-01',111.49
'2016-11-02',111.59
'2016-11-03',109.83
'2016-11-04',108.84
'2016-11-07',110.41
'2016-11-08',111.06
'2016-11-09',110.88
'2016-11-10',107.79
'2016-11-11',108.43
'2016-11-14',105.71
'2016-11-15',107.11
'2016-11-16',109.99
'2016-11-17',109.95
'2016-11-18',110.06
'2016-11-21',111.73
'2016-11-22',111.80
'2016-11-23',111.23
'2016-11-25',111.79
'2016-11-28',111.57
'2016-11-29',111.46
'2016-11-30',110.52
'2016-12-01',109.49
'2016-12-02',109.90
'2016-12-05',109.11
'2016-12-06',109.95
'2016-12-07',111.03
'2016-12-08',112.12
'2016-12-09',113.95
'2016-12-12',113.30
'2016-12-13',115.19
'2016-12-14',115.19
'2016-12-15',115.82
'2016-12-16',115.97
'2016-12-19',116.64
'2016-12-20',116.95
'2016-12-21',117.06
'2016-12-22',116.29
'2016-12-23',116.52
'2016-12-27',117.26
'2016-12-28',116.76
'2016-12-29',116.73
'2016-12-30',115.82
'2017-01-03',116.15
'2017-01-04',116.02
'2017-01-05',116.61
'2017-01-06',117.91
'2017-01-09',118.99
'2017-01-10',119.11
'2017-01-11',119.75
'2017-01-12',119.25
'2017-01-13',119.040
'2017-01-17',120.000
'2017-01-18',119.990
'2017-01-19',119.780
'2017-01-20',120.000
'2017-01-23',120.080
'2017-01-24',119.970
'2017-01-25',121.880
'2017-01-26',121.940
'2017-01-27',121.950
'2017-01-30',121.630
'2017-01-31',121.350
'2017-02-01',128.750
'2017-02-02',128.530
'2017-02-03',129.080
'2017-02-06',130.290
'2017-02-07',131.530
'2017-02-08',132.040
'2017-02-09',132.420
'2017-02-10',132.120
'2017-02-13',133.290
'2017-02-14',135.020
'2017-02-15',135.510
'2017-02-16',135.345
'2017-02-17',135.720
'2017-02-21',136.700
'2017-02-22',137.110
'2017-02-23',136.530
'2017-02-24',136.660
'2017-02-27',136.930
'2017-02-28',136.990
'2017-03-01',139.790
'2017-03-02',138.960
'2017-03-03',139.780
'2017-03-06',139.340
'2017-03-07',139.520
'2017-03-08',139.000
'2017-03-09',138.680
'2017-03-10',139.140
'2017-03-13',139.200
'2017-03-14',138.990
'2017-03-15',140.460
'2017-03-16',140.690
'2017-03-17',139.990
'2017-03-20',141.460
'2017-03-21',139.840
'2017-03-22',141.420
'2017-03-23',140.920
'2017-03-24',140.640
'2017-03-27',140.880
'2017-03-28',143.8000
'2017-03-29',144.1200
'2017-03-30',143.9300
'2017-03-31',143.6600
'2017-04-03',143.7000
'2017-04-04',144.7700
'2017-04-05',144.0200
'2017-04-06',143.6600
'2017-04-07',143.3400
'2017-04-10',143.1700
'2017-04-11',141.6300
'2017-04-12',141.8000
'2017-04-13',141.0500
'2017-04-17',141.8300
'2017-04-18',141.2000
'2017-04-19',140.6800
'2017-04-20',142.4400
'2017-04-21',142.2700
'2017-04-24',143.6400
'2017-04-25',144.5400
'2017-04-26',143.6508
'2017-04-27',143.7900
'2017-04-28',143.6500
'2017-05-01',146.6000
'2017-05-02',147.5100
'2017-05-03',147.0600
'2017-05-04',146.5300
'2017-05-05',148.9600
'2017-05-08',153.0000
'2017-05-09',153.9600
'2017-05-10',153.2600
'2017-05-11',153.9500
'2017-05-12',156.1000
'2017-05-15',155.7000
'2017-05-16',155.4700
'2017-05-17',150.2500
'2017-05-18',152.5400
'2017-05-19',152.9600
'2017-05-22',153.9900
'2017-05-23',153.8000
'2017-05-24',153.3400
'2017-05-25',153.8700
'2017-05-26',153.6100
'2017-05-30',153.6700
'2017-05-31',152.7600
'2017-06-01',153.1800
'2017-06-02',155.4500
'2017-06-05',153.9300
'2017-06-06',154.4500
'2017-06-07',155.3700
'2017-06-08',154.99
'2017-06-09',148.98
'2017-06-12',145.32
'2017-06-13',146.59
'2017-06-14',145.16