'2009-02-23',80.07
'2009-02-24',92.98
'2009-02-25',89.92
'2009-02-26',92.15
'2009-02-27',91.08
'2009-03-02',86.27
'2009-03-03',82.37
'2009-03-04',85.47
'2009-03-05',81.72
'2009-03-06',75.65
'2009-03-09',73.95
'2009-03-10',85.28
'2009-03-11',92.39
'2009-03-12',97.25
'2009-03-13',98.8
'2009-03-16',93.9
'2009-03-17',98.99
'2009-03-18',105.25
'2009-03-19',99.3
'2009-03-20',97.32
'2009-03-23',111.93
'2009-03-24',110.63
'2009-03-25',112.95
'2009-03-26',111.99
'2009-03-27',108.08
'2009-03-30',100.46
'2009-03-31',106.02
'2009-04-01',110.29
'2009-04-02',114.22
'2009-04-03',119.4
'2009-04-06',116.65
'2009-04-07',116.08
'2009-04-08',114.75
'2009-04-09',124.33
'2009-04-13',130.15
'2009-04-14',115.11
'2009-04-15',121.19
'2009-04-16',121.19
'2009-04-17',120.6
'2009-04-20',115.01
'2009-04-21',120.36
'2009-04-22',120.49
'2009-04-23',122.81
'2009-04-24',121.3
'2009-04-27',120.9
'2009-04-28',120.67
'2009-04-29',127.18
'2009-04-30',128.5
'2009-05-01',127.08
'2009-05-04',134.16
'2009-05-05',135.2
'2009-05-06',139.22
'2009-05-07',133.73
'2009-05-08',139.59
'2009-05-11',135.78
'2009-05-12',135.41
'2009-05-13',129.26
'2009-05-14',133.6
'2009-05-15',134.4
'2009-05-18',143.15
'2009-05-19',141.15
'2009-05-20',136.44
'2009-05-21',137.16
'2009-05-22',136.35
'2009-05-26',142.05
'2009-05-27',140.01
'2009-05-28',144.65
'2009-05-29',144.57
'2009-06-01',144.33
'2009-06-02',143.13
'2009-06-03',142.15
'2009-06-04',149.47
'2009-06-05',149.01
'2009-06-08',148.35
'2009-06-09',149.31
'2009-06-10',146.68
'2009-06-11',145.15
'2009-06-12',145.64
'2009-06-15',143.01
'2009-06-16',144.16
'2009-06-17',139.73
'2009-06-18',143.09
'2009-06-19',143.13
'2009-06-22',137.01
'2009-06-23',141.19
'2009-06-24',142.65
'2009-06-25',144.43
'2009-06-26',146.74
'2009-06-29',149.36
'2009-06-30',147.44
'2009-07-01',147.32
'2009-07-02',143.72
'2009-07-06',146.46
'2009-07-07',142.54
'2009-07-08',138.55
'2009-07-09',143.21
'2009-07-10',141.87
'2009-07-13',149.44
'2009-07-14',149.66
'2009-07-15',155.26
'2009-07-16',156.84
'2009-07-17',156.84
'2009-07-20',160.03
'2009-07-21',159.8
'2009-07-22',160.46
'2009-07-23',165.45
'2009-07-24',164.72
'2009-07-27',163.87
'2009-07-28',160.54
'2009-07-29',159.44
'2009-07-30',162.42
'2009-07-31',163.3
'2009-08-03',164.1
'2009-08-04',165.17
'2009-08-05',168.64
'2009-08-06',166.75
'2009-08-07',163.65
'2009-08-10',160.36
'2009-08-11',159.22
'2009-08-12',163.76
'2009-08-13',164.48
'2009-08-14',162.73
'2009-08-17',157.25
'2009-08-18',160.48
'2009-08-19',159.93
'2009-08-20',161.98
'2009-08-21',163.51
'2009-08-24',162.58
'2009-08-25',164.94
'2009-08-26',165.95
'2009-08-27',165.02
'2009-08-28',164.42
'2009-08-31',165.46
'2009-09-01',160.17
'2009-09-02',158.54
'2009-09-03',161.66
'2009-09-04',162.97
'2009-09-08',167.22
'2009-09-09',170.27
'2009-09-10',174.87
'2009-09-11',174.70
'2009-09-14',177.71
'2009-09-15',176.66
'2009-09-16',179.87
'2009-09-17',181.46
'2009-09-18',183.18
'2009-09-21',182.39
'2009-09-22',185.52
'2009-09-23',183.64
'2009-09-24',183.06
'2009-09-25',179.50
'2009-09-28',182.50
'2009-09-29',183.58
'2009-09-30',184.35
'2009-10-01',178.99
'2009-10-02',179.61
'2009-10-05',186.47
'2009-10-06',186.98
'2009-10-07',190.48
'2009-10-08',188.17
'2009-10-09',189.30
'2009-10-12',190.15
'2009-10-13',187.23
'2009-10-14',192.28
'2009-10-15',188.63
'2009-10-16',184.37
'2009-10-19',185.50
'2009-10-20',184.96
'2009-10-21',179.26
'2009-10-22',183.69
'2009-10-23',180.36
'2009-10-26',179.37
'2009-10-27',178.61
'2009-10-28',172.16
'2009-10-29',178.58
'2009-10-30',170.17
'2009-11-02',170.68
'2009-11-03',171.61
'2009-11-04',169.50
'2009-11-05',173.40
'2009-11-06',171.78
'2009-11-09',176.57
'2009-11-10',176.51
'2009-11-11',179.85
'2009-11-12',178.48
'2009-11-13',176.76
'2009-11-16',177.25
'2009-11-17',176.60
'2009-11-18',176.90
'2009-11-19',172.83
'2009-11-20',170.01
'2009-11-23',172.00
'2009-11-24',171.13
'2009-11-25',164.16
'2009-11-27',163.81
'2009-11-30',169.66
'2009-12-01',167.63
'2009-12-02',166.66
'2009-12-03',164.30
'2009-12-04',167.24
'2009-12-07',163.85
'2009-12-08',161.84
'2009-12-09',166.44
'2009-12-10',166.73
'2009-12-11',166.00
'2009-12-14',166.10
'2009-12-15',162.74
'2009-12-16',164.99
'2009-12-17',160.93
'2009-12-18',163.19
'2009-12-21',165.45
'2009-12-22',164.60
'2009-12-23',163.63
'2009-12-24',163.97
'2009-12-28',163.76
'2009-12-29',164.12
'2009-12-30',166.70
'2009-12-31',168.84
'2010-01-04',173.08
'2010-01-05',176.14
'2010-01-06',174.26
'2010-01-07',177.67
'2010-01-08',174.31
'2010-01-11',171.56
'2010-01-12',167.82
'2010-01-13',169.07
'2010-01-14',168.53
'2010-01-15',165.21
'2010-01-19',166.86
'2010-01-20',167.79
'2010-01-21',160.87
'2010-01-22',154.12
'2010-01-25',154.98
'2010-01-26',150.88
'2010-01-27',151.50
'2010-01-28',153.29
'2010-01-29',148.72
'2010-02-01',153.13
'2010-02-02',156.94
'2010-02-03',157.23
'2010-02-04',150.68
'2010-02-05',154.16
'2010-02-08',151.10
'2010-02-09',152.49
'2010-02-10',153.63
'2010-02-11',154.0500
'2010-02-12',153.9300
'2010-02-16',157.4000
'2010-02-17',157.2600
'2010-02-18',155.7300
'2010-02-19',156.1800
'2010-02-22',156.7100
'2010-02-23',156.7000
'2010-02-24',158.3300
'2010-02-25',156.0900
'2010-02-26',156.3500
'2010-03-01',156.5400
'2010-03-02',158.7500
'2010-03-03',157.7200
'2010-03-04',163.6100
'2010-03-05',167.1800
'2010-03-08',169.8400
'2010-03-09',168.8500
'2010-03-10',171.9400
'2010-03-11',173.5100
'2010-03-12',174.9600
'2010-03-15',173.5300
'2010-03-16',176.1900
'2010-03-17',176.6400
'2010-03-18',177.4500
'2010-03-19',177.9000
'2010-03-22',176.1575
'2010-03-23',174.8300
'2010-03-24',174.4100
'2010-03-25',174.9000
'2010-03-26',172.8700
'2010-03-29',174.0500
'2010-03-30',171.3800
'2010-03-31',170.6300
'2010-04-01',170.2200
'2010-04-05',173.1600
'2010-04-06',172.9000
'2010-04-07',176.3600
'2010-04-08',179.5000
'2010-04-09',179.1200
'2010-04-12',177.8400
'2010-04-13',179.2500
'2010-04-14',184.9200
'2010-04-15',184.2700
'2010-04-16',160.7000
'2010-04-19',163.3200
'2010-04-20',159.9800
'2010-04-21',158.9300
'2010-04-22',159.0500
'2010-04-23',157.4000
'2010-04-26',152.03
'2010-04-27',153.04
'2010-04-28',157.01
'2010-04-29',160.24
'2010-04-30',145.20
'2010-05-03',149.50
'2010-05-04',149.45
'2010-05-05',148.19
'2010-05-06',142.32
'2010-05-07',142.99
'2010-05-10',143.83
'2010-05-11',141.97
'2010-05-12',147.20
'2010-05-13',144.65
'2010-05-14',143.23
'2010-05-17',142.64
'2010-05-18',137.36
'2010-05-19',140.10
'2010-05-20',136.10
'2010-05-21',140.62
'2010-05-24',136.69
'2010-05-25',142.56
'2010-05-26',140.30
'2010-05-27',144.95
'2010-05-28',144.26
'2010-06-01',141.86
'2010-06-02',144.83
'2010-06-03',144.04
'2010-06-04',142.25
'2010-06-07',138.68
'2010-06-08',137.78
'2010-06-09',136.80
'2010-06-10',133.77
'2010-06-11',135.64
'2010-06-14',133.44
'2010-06-15',136.90
'2010-06-16',137.06
'2010-06-17',137.32
'2010-06-18',138.18
'2010-06-21',137.74
'2010-06-22',134.79
'2010-06-23',135.07
'2010-06-24',134.98
'2010-06-25',139.66
'2010-06-28',136.66
'2010-06-29',133.76
'2010-06-30',131.27
'2010-07-01',131.14
'2010-07-02',131.08
'2010-07-06',132.26
'2010-07-07',135.83
'2010-07-08',135.46
'2010-07-09',138.06
'2010-07-12',137.25
'2010-07-13',140.25
'2010-07-14',139.06
'2010-07-15',145.22
'2010-07-16',146.17
'2010-07-19',145.68
'2010-07-20',148.91
'2010-07-21',146.99
'2010-07-22',146.55
'2010-07-23',147.38
'2010-07-26',148.20
'2010-07-27',147.23
'2010-07-28',147.20
'2010-07-29',152.58
'2010-07-30',150.82
'2010-08-02',152.74
'2010-08-03',153.19
'2010-08-04',156.41
'2010-08-05',155.92
'2010-08-06',155.18
'2010-08-09',155.40
'2010-08-10',153.90
'2010-08-11',149.25
'2010-08-12',149.42
'2010-08-13',148.08
'2010-08-16',147.76
'2010-08-17',148.59
'2010-08-18',149.20
'2010-08-19',147.05
'2010-08-20',148.24
'2010-08-23',146.74
'2010-08-24',143.95
'2010-08-25',144.68
'2010-08-26',141.81
'2010-08-27',139.75
'2010-08-30',136.66
'2010-08-31',136.93
'2010-09-01',139.74
'2010-09-02',139.78
'2010-09-03',147.29
'2010-09-07',145.21
'2010-09-08',147.54
'2010-09-09',149.14
'2010-09-10',150.39
'2010-09-13',154.37
'2010-09-14',152.53
'2010-09-15',152.56
'2010-09-16',152.23
'2010-09-17',150.98
'2010-09-20',151.90
'2010-09-21',151.40
'2010-09-22',148.07
'2010-09-23',144.91
'2010-09-24',147.28
'2010-09-27',146.00
'2010-09-28',145.01
'2010-09-29',144.42
'2010-09-30',144.58
'2010-10-01',147.70
'2010-10-04',146.57
'2010-10-05',149.57
'2010-10-06',150.84
'2010-10-07',151.11
'2010-10-08',152.66
'2010-10-11',152.20
'2010-10-12',155.21
'2010-10-13',154.73
'2010-10-14',151.59
'2010-10-15',150.69
'2010-10-18',153.70
'2010-10-19',156.72
'2010-10-20',159.60
'2010-10-21',159.30
'2010-10-22',157.76
'2010-10-25',157.39
'2010-10-26',158.29
'2010-10-27',160.15
'2010-10-28',163.24
'2010-10-29',161.13
'2010-11-01',161.57
'2010-11-02',162.82
'2010-11-03',162.63
'2010-11-04',166.39
'2010-11-05',171.07
'2010-11-08',169.20
'2010-11-09',166.55
'2010-11-10',167.22
'2010-11-11',167.71
'2010-11-12',165.83
'2010-11-15',167.22
'2010-11-16',165.10
'2010-11-17',164.89
'2010-11-18',167.35
'2010-11-19',166.67
'2010-11-22',161.05
'2010-11-23',157.78
'2010-11-24',160.26
'2010-11-26',158.22
'2010-11-29',159.28
'2010-11-30',156.14
'2010-12-01',158.45
'2010-12-02',162.50
'2010-12-03',162.31
'2010-12-06',162.65
'2010-12-07',161.59
'2010-12-08',166.14
'2010-12-09',166.45
'2010-12-10',168.47
'2010-12-13',169.48
'2010-12-14',167.33
'2010-12-15',165.21
'2010-12-16',164.46
'2010-12-17',164.04
'2010-12-20',166.05
'2010-12-21',168.23
'2010-12-22',169.60
'2010-12-23',167.60
'2010-12-27',169.83
'2010-12-28',169.19
'2010-12-29',167.63
'2010-12-30',167.64
'2010-12-31',168.16
'2011-01-03',173.05
'2011-01-04',173.08
'2011-01-05',174.00
'2011-01-06',172.21
'2011-01-07',170.69
'2011-01-10',169.76
'2011-01-11',169.36
'2011-01-12',171.67
'2011-01-13',171.57
'2011-01-14',175.00
'2011-01-18',174.68
'2011-01-19',166.49
'2011-01-20',165.69
'2011-01-21',166.20
'2011-01-24',166.30
'2011-01-25',161.98
'2011-01-26',161.31
'2011-01-27',164.03
'2011-01-28',161.77
'2011-01-31',163.62
'2011-02-01',165.33
'2011-02-02',165.05
'2011-02-03',164.64
'2011-02-04',164.83
'2011-02-07',167.13
'2011-02-08',168.55
'2011-02-09',166.01
'2011-02-10',165.34
'2011-02-11',166.66
'2011-02-14',167.52
'2011-02-15',167.91
'2011-02-16',168.81
'2011-02-17',167.16
'2011-02-18',168.04
'2011-02-22',162.94
'2011-02-23',163.09
'2011-02-24',163.44
'2011-02-25',165.12
'2011-02-28',163.78
'2011-03-01',161.31
'2011-03-02',161.69
'2011-03-03',164.49
'2011-03-04',161.00
'2011-03-07',159.15
'2011-03-08',161.30
'2011-03-09',162.35
'2011-03-10',160.27
'2011-03-11',160.68
'2011-03-14',158.43
'2011-03-15',157.25
'2011-03-16',154.38
'2011-03-17',155.75
'2011-03-18',159.96
'2011-03-21',160.21
'2011-03-22',160.79
'2011-03-23',159.53
'2011-03-24',159.91
'2011-03-25',157.97
'2011-03-28',156.47
'2011-03-29',158.47
'2011-03-30',159.07
'2011-03-31',158.60
'2011-04-01',160.23
'2011-04-04',158.90
'2011-04-05',158.91
'2011-04-06',161.89
'2011-04-07',162.40
'2011-04-08',160.96
'2011-04-11',161.47
'2011-04-12',160.42
'2011-04-13',160.17
'2011-04-14',155.79
'2011-04-15',155.13
'2011-04-18',153.78
'2011-04-19',151.86
'2011-04-20',152.70
'2011-04-21',153.51
'2011-04-25',152.19
'2011-04-26',153.27
'2011-04-27',152.86
'2011-04-28',150.60
'2011-04-29',151.01
'2011-05-02',151.30
'2011-05-03',151.87
'2011-05-04',151.52
'2011-05-05',150.41
'2011-05-06',150.10
'2011-05-09',149.12
'2011-05-10',150.40
'2011-05-11',147.88
'2011-05-12',142.75
'2011-05-13',141.46
'2011-05-16',140.60
'2011-05-17',140.81
'2011-05-18',140.84
'2011-05-19',139.34
'2011-05-20',134.99
'2011-05-23',135.84
'2011-05-24',136.34
'2011-05-25',136.24
'2011-05-26',136.26
'2011-05-27',138.66
'2011-05-31',140.73
'2011-06-01',136.17
'2011-06-02',134.38
'2011-06-03',135.33
'2011-06-06',133.90
'2011-06-07',132.99
'2011-06-08',131.59
'2011-06-09',133.53
'2011-06-10',135.92
'2011-06-13',137.53
'2011-06-14',137.10
'2011-06-15',134.85
'2011-06-16',136.09
'2011-06-17',137.23
'2011-06-20',135.14
'2011-06-21',135.96
'2011-06-22',134.52
'2011-06-23',132.36
'2011-06-24',130.91
'2011-06-27',130.71
'2011-06-28',129.26
'2011-06-29',132.53
'2011-06-30',133.09
'2011-07-01',136.65
'2011-07-05',134.50
'2011-07-06',133.89
'2011-07-07',135.01
'2011-07-08',134.08
'2011-07-11',132.02
'2011-07-12',130.31
'2011-07-13',129.92
'2011-07-14',129.89
'2011-07-15',130.16
'2011-07-18',129.33
'2011-07-19',128.49
'2011-07-20',132.75
'2011-07-21',135.58
'2011-07-22',135.49
'2011-07-25',136.85
'2011-07-26',137.60
'2011-07-27',134.72
'2011-07-28',135.84
'2011-07-29',134.97
'2011-08-01',134.15
'2011-08-02',131.23
'2011-08-03',132.08
'2011-08-04',126.23
'2011-08-05',125.18
'2011-08-08',117.66
'2011-08-09',122.73
'2011-08-10',110.34
'2011-08-11',118.10
'2011-08-12',116.47
'2011-08-15',119.13
'2011-08-16',116.87
'2011-08-17',117.25
'2011-08-18',113.14
'2011-08-19',111.76
'2011-08-22',106.51
'2011-08-23',106.86
'2011-08-24',110.31
'2011-08-25',109.84
'2011-08-26',111.75
'2011-08-29',116.07
'2011-08-30',115.18
'2011-08-31',116.22
'2011-09-01',112.16
'2011-09-02',107.06
'2011-09-06',104.56
'2011-09-07',108.34
'2011-09-08',104.79
'2011-09-09',102.25
'2011-09-12',102.92
'2011-09-13',104.09
'2011-09-14',104.54
'2011-09-15',107.97
'2011-09-16',107.49
'2011-09-19',104.81
'2011-09-20',102.61
'2011-09-21',97.86
'2011-09-22',93.98
'2011-09-23',95.18
'2011-09-26',99.14
'2011-09-27',99.55
'2011-09-28',96.32
'2011-09-29',99.87
'2011-09-30',94.55
'2011-10-03',90.08
'2011-10-04',94.58
'2011-10-05',94.29
'2011-10-06',97.93
'2011-10-07',92.69
'2011-10-10',96.14
'2011-10-11',96.70
'2011-10-12',99.11
'2011-10-13',96.15
'2011-10-14',96.73
'2011-10-17',96.90
'2011-10-18',102.25
'2011-10-19',100.79
'2011-10-20',100.86
'2011-10-21',102.09
'2011-10-24',103.98
'2011-10-25',100.44
'2011-10-26',106.33
'2011-10-27',114.91
'2011-10-28',115.86
'2011-10-31',109.55
'2011-11-01',103.54
'2011-11-02',106.13
'2011-11-03',107.68
'2011-11-04',105.04
'2011-11-07',105.57
'2011-11-08',108.58
'2011-11-09',99.67
'2011-11-10',99.50
'2011-11-11',101.66
'2011-11-14',99.29
'2011-11-15',99.75
'2011-11-16',95.60
'2011-11-17',92.35
'2011-11-18',91.91
'2011-11-21',91.30
'2011-11-22',89.40
'2011-11-23',87.89
'2011-11-25',88.75
'2011-11-28',90.78
'2011-11-29',88.81
'2011-11-30',95.86
'2011-12-01',94.43
'2011-12-02',97.25
'2011-12-05',99.82
'2011-12-06',101.16
'2011-12-07',105.13
'2011-12-08',99.92
'2011-12-09',101.45
'2011-12-12',98.03
'2011-12-13',95.04
'2011-12-14',93.25
'2011-12-15',91.90
'2011-12-16',90.10
'2011-12-19',87.70
'2011-12-20',90.98
'2011-12-21',92.00
'2011-12-22',94.42
'2011-12-23',93.79
'2011-12-27',91.90
'2011-12-28',90.12
'2011-12-29',91.01
'2011-12-30',90.43
'2012-01-03',95.36
'2012-01-04',94.74
'2012-01-05',94.58
'2012-01-06',93.42
'2012-01-09',94.69
'2012-01-10',98.33
'2012-01-11',99.76
'2012-01-12',101.21
'2012-01-13',98.96
'2012-01-17',97.68
'2012-01-18',104.31
'2012-01-19',107.68
'2012-01-20',108.74
'2012-01-23',108.19
'2012-01-24',108.87
'2012-01-25',108.27
'2012-01-26',108.56
'2012-01-27',111.77
'2012-01-30',109.73
'2012-01-31',111.47
'2012-02-01',113.45
'2012-02-02',113.39
'2012-02-03',117.53
'2012-02-06',117.39
'2012-02-07',115.98
'2012-02-08',116.15
'2012-02-09',115.88
'2012-02-10',114.12
'2012-02-13',114.53
'2012-02-14',112.87
'2012-02-15',113.17
'2012-02-16',114.74
'2012-02-17',115.91
'2012-02-21',116.63
'2012-02-22',114.36
'2012-02-23',115.80
'2012-02-24',115.87
'2012-02-27',116.23
'2012-02-28',117.11
'2012-02-29',115.14
'2012-03-01',121.13
'2012-03-02',119.96
'2012-03-05',118.63
'2012-03-06',113.67
'2012-03-07',116.40
'2012-03-08',117.17
'2012-03-09',117.29
'2012-03-12',116.99
'2012-03-13',124.54
'2012-03-14',120.37
'2012-03-15',123.06
'2012-03-16',122.93
'2012-03-19',124.30
'2012-03-20',126.02
'2012-03-21',125.99
'2012-03-22',124.74
'2012-03-23',126.18
'2012-03-26',128.07
'2012-03-27',126.33
'2012-03-28',126.36
'2012-03-29',123.76
'2012-03-30',124.37
'2012-04-02',124.90
'2012-04-03',122.71
'2012-04-04',119.96
'2012-04-05',118.00
'2012-04-09',117.02
'2012-04-10',114.56
'2012-04-11',115.93
'2012-04-12',120.39
'2012-04-13',115.09
'2012-04-16',117.73
'2012-04-17',116.86
'2012-04-18',115.33
'2012-04-19',113.60
'2012-04-20',112.44
'2012-04-23',111.75
'2012-04-24',114.11
'2012-04-25',113.98
'2012-04-26',114.56
'2012-04-27',114.41
'2012-04-30',115.15
'2012-05-01',115.33
'2012-05-02',113.77
'2012-05-03',111.53
'2012-05-04',108.99
'2012-05-07',110.04
'2012-05-08',109.37
'2012-05-09',107.29
'2012-05-10',106.32
'2012-05-11',102.13
'2012-05-14',99.77
'2012-05-15',99.87
'2012-05-16',98.20
'2012-05-17',97.08
'2012-05-18',95.49
'2012-05-21',96.51
'2012-05-22',97.53
'2012-05-23',98.04
'2012-05-24',96.86
'2012-05-25',96.70
'2012-05-29',97.86
'2012-05-30',94.61
'2012-05-31',95.70
'2012-06-01',92.64
'2012-06-04',91.00
'2012-06-05',92.21
'2012-06-06',94.96
'2012-06-07',94.00
'2012-06-08',94.54
'2012-06-11',92.80
'2012-06-12',94.04
'2012-06-13',92.72
'2012-06-14',93.82
'2012-06-15',95.66
'2012-06-18',93.63
'2012-06-19',96.37
'2012-06-20',96.55
'2012-06-21',93.90
'2012-06-22',93.63
'2012-06-25',91.22
'2012-06-26',91.03
'2012-06-27',93.27
'2012-06-28',93.49
'2012-06-29',95.86
'2012-07-02',97.13
'2012-07-03',98.60
'2012-07-05',95.92
'2012-07-06',95.47
'2012-07-09',94.47
'2012-07-10',94.25
'2012-07-11',95.13
'2012-07-12',94.02
'2012-07-13',97.43
'2012-07-16',97.68
'2012-07-17',97.98
'2012-07-18',96.51
'2012-07-19',95.00
'2012-07-20',94.16
'2012-07-23',93.16
'2012-07-24',94.47
'2012-07-25',95.96
'2012-07-26',98.06
'2012-07-27',101.64
'2012-07-30',100.88
'2012-07-31',100.90
'2012-08-01',100.09
'2012-08-02',97.81
'2012-08-03',100.98
'2012-08-06',102.02
'2012-08-07',103.24
'2012-08-08',102.50
'2012-08-09',103.60
'2012-08-10',103.02
'2012-08-13',103.61
'2012-08-14',103.26
'2012-08-15',103.13
'2012-08-16',103.49
'2012-08-17',103.60
'2012-08-20',105.28
'2012-08-21',105.32
'2012-08-22',104.67
'2012-08-23',104.08
'2012-08-24',104.96
'2012-08-27',105.12
'2012-08-28',105.03
'2012-08-29',105.53
'2012-08-30',104.72
'2012-08-31',105.72
'2012-09-04',106.41
'2012-09-05',109.94
'2012-09-06',113.54
'2012-09-07',116.33
'2012-09-10',114.68
'2012-09-11',116.69
'2012-09-12',118.24
'2012-09-13',120.67
'2012-09-14',121.36
'2012-09-17',119.90
'2012-09-18',119.88
'2012-09-19',119.02
'2012-09-20',117.63
'2012-09-21',116.72
'2012-09-24',116.60
'2012-09-25',113.50
'2012-09-26',113.08
'2012-09-27',115.23
'2012-09-28',113.68
'2012-10-01',116.86
'2012-10-02',117.25
'2012-10-03',117.91
'2012-10-04',119.90
'2012-10-05',119.31
'2012-10-08',119.46
'2012-10-09',119.63
'2012-10-10',120.08
'2012-10-11',121.99
'2012-10-12',120.20
'2012-10-15',124.50
'2012-10-16',123.22
'2012-10-17',124.92
'2012-10-18',125.15
'2012-10-19',123.62
'2012-10-22',122.77
'2012-10-23',119.00
'2012-10-24',119.77
'2012-10-25',119.72
'2012-10-26',119.44
'2012-10-31',122.39
'2012-11-01',124.85
'2012-11-02',123.25
'2012-11-05',124.08
'2012-11-06',126.25
'2012-11-07',117.98
'2012-11-08',115.27
'2012-11-09',116.15
'2012-11-12',117.24
'2012-11-13',116.47
'2012-11-14',114.24
'2012-11-15',115.44
'2012-11-16',115.84
'2012-11-19',118.30
'2012-11-20',118.09
'2012-11-21',117.7000
'2012-11-23',120.3100
'2012-11-26',120.9400
'2012-11-27',118.4100
'2012-11-28',119.3300
'2012-11-29',118.7300
'2012-11-30',117.7900
'2012-12-03',118.4000
'2012-12-04',116.5800
'2012-12-05',117.1300
'2012-12-06',117.2000
'2012-12-07',116.5700
'2012-12-10',117.0100
'2012-12-11',118.8600
'2012-12-12',118.0900
'2012-12-13',118.5000
'2012-12-14',119.3600
'2012-12-17',123.4900
'2012-12-18',127.7700
'2012-12-19',127.2481
'2012-12-20',129.7200
'2012-12-21',128.4400
'2012-12-24',127.5400
'2012-12-26',127.1600
'2012-12-27',126.6700
'2012-12-28',125.5200
'2012-12-31',127.5600
'2013-01-02',131.6600
'2013-01-03',130.9400
'2013-01-04',134.5100
'2013-01-07',134.2600
'2013-01-08',133.0500
'2013-01-09',134.3200
'2013-01-10',137.3700
'2013-01-11',137.1300
'2013-01-14',136.1300
'2013-01-15',135.5900
'2013-01-16',141.0900
'2013-01-17',141.0100
'2013-01-18',144.4500
'2013-01-22',145.9500
'2013-01-23',145.5600
'2013-01-24',144.9600
'2013-01-25',144.4600
'2013-01-28',144.1500
'2013-01-29',147.1000
'2013-01-30',147.1500
'2013-01-31',147.8600
'2013-02-01',149.9000
'2013-02-04',147.5200
'2013-02-05',150.45
'2013-02-06',151.12
'2013-02-07',150.26
'2013-02-08',151.60
'2013-02-11',152.24
'2013-02-12',154.11
'2013-02-13',154.52
'2013-02-14',155.93
'2013-02-15',154.99
'2013-02-19',158.65
'2013-02-20',155.18
'2013-02-21',150.88
'2013-02-22',154.09
'2013-02-25',147.65
'2013-02-26',148.00
'2013-02-27',151.65
'2013-02-28',149.76
'2013-03-01',150.53
'2013-03-04',152.18
'2013-03-05',152.96
'2013-03-06',154.13
'2013-03-07',156.62
'2013-03-08',152.98
'2013-03-11',153.30
'2013-03-12',151.85
'2013-03-13',151.91
'2013-03-14',154.02
'2013-03-15',154.84
'2013-03-18',151.95
'2013-03-19',148.84
'2013-03-20',150.13
'2013-03-21',145.38
'2013-03-22',146.60
'2013-03-25',146.11
'2013-03-26',146.54
'2013-03-27',147.84
'2013-03-28',147.15
'2013-04-01',146.04
'2013-04-02',146.68
'2013-04-03',143.41
'2013-04-04',142.99
'2013-04-05',143.69
'2013-04-08',143.82
'2013-04-09',146.52
'2013-04-10',149.46
'2013-04-11',149.07
'2013-04-12',149.12
'2013-04-15',146.46
'2013-04-16',144.10
'2013-04-17',140.60
'2013-04-18',138.60
'2013-04-19',138.72
'2013-04-22',139.52
'2013-04-23',142.94
'2013-04-24',143.93
'2013-04-25',144.76
'2013-04-26',144.11
'2013-04-29',145.11
'2013-04-30',146.07
'2013-05-01',142.61
'2013-05-02',143.67
'2013-05-03',145.37
'2013-05-06',148.45
'2013-05-07',149.32
'2013-05-08',150.26
'2013-05-09',148.54
'2013-05-10',149.10
'2013-05-13',149.63
'2013-05-14',154.52
'2013-05-15',155.61
'2013-05-16',154.47
'2013-05-17',158.18
'2013-05-20',158.90
'2013-05-21',160.73
'2013-05-22',159.34
'2013-05-23',157.41
'2013-05-24',158.72
'2013-05-28',160.70
'2013-05-29',162.87
'2013-05-30',164.35
'2013-05-31',162.08
'2013-06-03',163.56
'2013-06-04',161.68
'2013-06-05',158.30
'2013-06-06',159.68
'2013-06-07',166.01
'2013-06-10',167.49
'2013-06-11',163.31
'2013-06-12',161.86
'2013-06-13',165.82
'2013-06-14',162.92
'2013-06-17',164.11
'2013-06-18',164.15
'2013-06-19',161.56
'2013-06-20',155.41
'2013-06-21',154.25
'2013-06-24',150.78
'2013-06-25',153.06
'2013-06-26',151.66
'2013-06-27',153.51
'2013-06-28',151.25
'2013-07-01',151.75
'2013-07-02',150.92
'2013-07-03',150.43
'2013-07-05',153.24
'2013-07-08',153.81
'2013-07-09',156.94
'2013-07-10',155.83
'2013-07-11',157.71
'2013-07-12',160.11
'2013-07-15',163.00
'2013-07-16',160.24
'2013-07-17',161.50
'2013-07-18',164.06
'2013-07-19',164.36
'2013-07-22',166.25
'2013-07-23',166.26
'2013-07-24',165.04
'2013-07-25',165.91
'2013-07-26',165.26
'2013-07-29',163.17
'2013-07-30',162.43
'2013-07-31',164.03
'2013-08-01',167.49
'2013-08-02',167.62
'2013-08-05',168.32
'2013-08-06',164.78
'2013-08-07',163.45
'2013-08-08',162.84
'2013-08-09',162.13
'2013-08-12',161.69
'2013-08-13',163.71
'2013-08-14',163.34
'2013-08-15',160.75
'2013-08-16',160.66
'2013-08-19',158.63
'2013-08-20',159.56
'2013-08-21',157.11
'2013-08-22',159.41
'2013-08-23',158.65
'2013-08-26',157.90
'2013-08-27',153.23
'2013-08-28',152.97
'2013-08-29',153.63
'2013-08-30',152.13
'2013-09-03',154.76
'2013-09-04',155.74
'2013-09-05',156.17
'2013-09-06',156.66
'2013-09-09',159.49
'2013-09-10',165.14
'2013-09-11',165.06
'2013-09-12',163.35
'2013-09-13',164.00
'2013-09-16',167.03
'2013-09-17',167.42
'2013-09-18',168.06
'2013-09-19',167.78
'2013-09-20',169.75
'2013-09-23',165.25
'2013-09-24',162.97
'2013-09-25',162.31
'2013-09-26',162.29
'2013-09-27',159.85
'2013-09-30',158.21
'2013-10-01',159.00
'2013-10-02',158.67
'2013-10-03',156.85
'2013-10-04',156.55
'2013-10-07',154.25
'2013-10-08',153.05
'2013-10-09',154.44
'2013-10-10',158.01
'2013-10-11',160.00
'2013-10-14',159.46
'2013-10-15',157.63
'2013-10-16',162.25
'2013-10-17',158.32
'2013-10-18',158.69
'2013-10-21',159.77
'2013-10-22',159.25
'2013-10-23',157.74
'2013-10-24',159.96
'2013-10-25',162.09
'2013-10-28',161.45
'2013-10-29',162.11
'2013-10-30',162.05
'2013-10-31',160.86
'2013-11-01',162.05
'2013-11-04',163.16
'2013-11-05',161.95
'2013-11-06',163.52
'2013-11-07',159.64
'2013-11-08',163.17
'2013-11-11',163.84
'2013-11-12',162.89
'2013-11-13',162.94
'2013-11-14',163.20
'2013-11-15',164.40
'2013-11-18',165.68
'2013-11-19',166.60
'2013-11-20',165.00
'2013-11-21',167.07
'2013-11-22',168.10
'2013-11-25',169.48
'2013-11-26',168.04
'2013-11-27',168.22
'2013-11-29',168.94
'2013-12-02',169.72
'2013-12-03',168.05
'2013-12-04',168.70
'2013-12-05',165.56
'2013-12-06',167.21
'2013-12-09',167.67
'2013-12-10',169.73
'2013-12-11',167.60
'2013-12-12',168.33
'2013-12-13',168.39
'2013-12-16',170.95
'2013-12-17',170.49
'2013-12-18',174.84
'2013-12-19',174.77
'2013-12-20',175.16
'2013-12-23',176.47
'2013-12-24',176.16
'2013-12-26',176.45
'2013-12-27',176.35
'2013-12-30',175.73
'2013-12-31',177.26
'2014-01-02',176.89
'2014-01-03',178.15
'2014-01-06',179.37
'2014-01-07',178.29
'2014-01-08',178.44
'2014-01-09',177.40
'2014-01-10',178.39
'2014-01-13',175.88
'2014-01-14',176.60
'2014-01-15',178.75
'2014-01-16',175.17
'2014-01-17',176.28
'2014-01-21',173.20
'2014-01-22',173.68
'2014-01-23',170.75
'2014-01-24',167.64
'2014-01-27',164.69
'2014-01-28',166.25
'2014-01-29',163.90
'2014-01-30',165.84
'2014-01-31',164.12
'2014-02-03',159.82
'2014-02-04',161.76
'2014-02-05',160.42
'2014-02-06',161.75
'2014-02-07',161.93
'2014-02-10',161.00
'2014-02-11',164.39
'2014-02-12',163.50
'2014-02-13',164.06
'2014-02-14',163.72
'2014-02-18',164.65
'2014-02-19',163.26
'2014-02-20',164.50
'2014-02-21',164.50
'2014-02-24',166.54
'2014-02-25',163.48
'2014-02-26',162.80
'2014-02-27',165.38
'2014-02-28',166.45
'2014-03-03',164.74
'2014-03-04',168.73
'2014-03-05',171.90
'2014-03-06',172.60
'2014-03-07',174.26
'2014-03-10',173.51
'2014-03-11',169.89
'2014-03-12',169.72
'2014-03-13',166.70
'2014-03-14',165.35
'2014-03-17',166.84
'2014-03-18',168.09
'2014-03-19',168.18
'2014-03-20',169.22
'2014-03-21',166.95
'2014-03-24',165.72
'2014-03-25',163.25
'2014-03-26',161.73
'2014-03-27',162.29
'2014-03-28',162.30
'2014-03-31',163.85
'2014-04-01',165.92
'2014-04-02',167.27
'2014-04-03',166.09
'2014-04-04',163.24
'2014-04-07',158.56
'2014-04-08',156.56
'2014-04-09',158.16
'2014-04-10',155.98
'2014-04-11',152.72
'2014-04-14',154.74
'2014-04-15',154.92
'2014-04-16',157.22
'2014-04-17',157.44
'2014-04-21',157.80
'2014-04-22',160.46
'2014-04-23',160.45
'2014-04-24',160.85
'2014-04-25',158.24
'2014-04-28',156.54
'2014-04-29',158.24
'2014-04-30',159.82
'2014-05-01',160.37
'2014-05-02',158.88
'2014-05-05',156.35
'2014-05-06',154.54
'2014-05-07',155.52
'2014-05-08',157.40
'2014-05-09',157.20
'2014-05-12',159.55
'2014-05-13',160.28
'2014-05-14',159.45
'2014-05-15',156.64
'2014-05-16',156.43
'2014-05-19',157.67
'2014-05-20',156.35
'2014-05-21',159.35
'2014-05-22',159.85
'2014-05-23',160.16
'2014-05-27',161.77
'2014-05-28',161.19
'2014-05-29',160.74
'2014-05-30',159.81
'2014-06-02',160.03
'2014-06-03',161.80
'2014-06-04',162.39
'2014-06-05',162.58
'2014-06-06',166.19
'2014-06-09',166.00
'2014-06-10',166.36
'2014-06-11',165.43
'2014-06-12',165.96
'2014-06-13',165.89
'2014-06-16',165.85
'2014-06-17',168.22
'2014-06-18',169.86
'2014-06-19',169.73
'2014-06-20',169.84
'2014-06-23',170.24
'2014-06-24',168.23
'2014-06-25',168.38
'2014-06-26',168.01
'2014-06-27',166.78
'2014-06-30',167.44
'2014-07-01',166.81
'2014-07-02',166.89
'2014-07-03',169.46
'2014-07-07',167.78
'2014-07-08',164.91
'2014-07-09',164.67
'2014-07-10',163.42
'2014-07-11',164.80
'2014-07-14',167.00
'2014-07-15',169.17
'2014-07-16',170.47
'2014-07-17',170.14
'2014-07-18',171.47
'2014-07-21',171.72
'2014-07-22',175.02
'2014-07-23',176.82
'2014-07-24',176.26
'2014-07-25',179.60
'2014-07-28',175.95
'2014-07-29',175.54
'2014-07-30',175.76
'2014-07-31',172.87
'2014-08-01',170.25
'2014-08-04',171.69
'2014-08-05',169.42
'2014-08-06',169.74
'2014-08-07',169.10
'2014-08-08',172.26
'2014-08-11',172.46
'2014-08-12',172.33
'2014-08-13',172.37
'2014-08-14',172.73
'2014-08-15',171.90
'2014-08-18',174.55
'2014-08-19',173.96
'2014-08-20',174.03
'2014-08-21',175.15
'2014-08-22',175.47
'2014-08-25',177.87
'2014-08-26',177.90
'2014-08-27',177.81
'2014-08-28',177.65
'2014-08-29',179.11
'2014-09-02',179.77
'2014-09-03',179.60
'2014-09-04',180.08
'2014-09-05',179.75
'2014-09-08',180.11
'2014-09-09',177.40
'2014-09-10',179.87
'2014-09-11',181.00
'2014-09-12',183.17
'2014-09-15',183.98
'2014-09-16',184.04
'2014-09-17',184.82
'2014-09-18',187.89
'2014-09-19',186.20
'2014-09-22',185.29
'2014-09-23',185.09
'2014-09-24',187.81
'2014-09-25',184.09
'2014-09-26',185.12
'2014-09-29',183.83
'2014-09-30',183.57
'2014-10-01',180.70
'2014-10-02',182.88
'2014-10-03',188.07
'2014-10-06',187.48
'2014-10-07',183.80
'2014-10-08',186.64
'2014-10-09',181.27
'2014-10-10',180.38
'2014-10-13',178.77
'2014-10-14',178.70
'2014-10-15',177.24
'2014-10-16',172.58
'2014-10-17',176.91
'2014-10-20',177.84
'2014-10-21',180.18
'2014-10-22',176.83
'2014-10-23',180.06
'2014-10-24',183.35
'2014-10-27',183.91
'2014-10-28',186.32
'2014-10-29',186.08
'2014-10-30',186.97
'2014-10-31',189.99
'2014-11-03',190.83
'2014-11-04',190.27
'2014-11-05',189.84
'2014-11-06',191.00
'2014-11-07',190.71
'2014-11-10',191.80
'2014-11-11',191.88
'2014-11-12',190.18
'2014-11-13',190.24
'2014-11-14',189.98
'2014-11-17',189.93
'2014-11-18',189.64
'2014-11-19',189.19
'2014-11-20',189.75
'2014-11-21',189.59
'2014-11-24',190.07
'2014-11-25',188.86
'2014-11-26',188.52
'2014-11-28',188.41
'2014-12-01',188.20
'2014-12-02',190.19
'2014-12-03',190.95
'2014-12-04',191.95
'2014-12-05',195.45
'2014-12-08',196.62
'2014-12-09',196.89
'2014-12-10',192.00
'2014-12-11',193.54
'2014-12-12',188.82
'2014-12-15',185.54
'2014-12-16',183.31
'2014-12-17',185.03
'2014-12-18',191.61
'2014-12-19',193.28
'2014-12-22',194.44
'2014-12-23',195.50
'2014-12-24',195.89
'2014-12-26',195.45
'2014-12-29',196.19
'2014-12-30',195.71
'2014-12-31',193.83
'2015-01-02',194.41
'2015-01-05',188.34
'2015-01-06',184.53
'2015-01-07',187.28
'2015-01-08',190.27
'2015-01-09',187.35
'2015-01-12',185.07
'2015-01-13',184.93
'2015-01-14',180.23
'2015-01-15',178.49
'2015-01-16',177.23
'2015-01-20',175.63
'2015-01-21',177.15
'2015-01-22',182.04
'2015-01-23',180.49
'2015-01-26',180.42
'2015-01-27',176.49
'2015-01-28',173.05
'2015-01-29',175.99
'2015-01-30',172.41
'2015-02-02',175.49
'2015-02-03',180.24
'2015-02-04',178.78
'2015-02-05',180.77
'2015-02-06',183.43
'2015-02-09',182.22
'2015-02-10',184.56
'2015-02-11',187.65
'2015-02-12',189.78
'2015-02-13',189.00
'2015-02-17',190.02
'2015-02-18',188.67
'2015-02-19',189.11
'2015-02-20',191.51
'2015-02-23',190.31
'2015-02-24',192.22
'2015-02-25',191.72
'2015-02-26',192.20
'2015-02-27',189.79
'2015-03-02',191.79
'2015-03-03',191.27
'2015-03-04',189.67
'2015-03-05',190.08
'2015-03-06',186.91
'2015-03-09',187.93
'2015-03-10',182.71
'2015-03-11',184.18
'2015-03-12',189.95
'2015-03-13',189.34
'2015-03-16',191.90
'2015-03-17',190.57
'2015-03-18',192.32
'2015-03-19',189.97
'2015-03-20',193.13
'2015-03-23',191.96
'2015-03-24',191.28
'2015-03-25',187.35
'2015-03-26',187.24
'2015-03-27',188.06
'2015-03-30',191.02
'2015-03-31',187.97
'2015-04-01',192.23
'2015-04-02',191.55
'2015-04-06',192.05
'2015-04-07',192.39
'2015-04-08',192.56
'2015-04-09',194.89
'2015-04-10',195.64
'2015-04-13',195.58
'2015-04-14',197.72
'2015-04-15',201.10
'2015-04-16',200.21
'2015-04-17',197.35
'2015-04-20',198.10
'2015-04-21',196.84
'2015-04-22',198.32
'2015-04-23',199.31
'2015-04-24',197.99
'2015-04-27',196.52
'2015-04-28',197.49
'2015-04-29',198.56
'2015-04-30',196.42
'2015-05-01',197.53
'2015-05-04',199.30
'2015-05-05',197.29
'2015-05-06',196.25
'2015-05-07',197.39
'2015-05-08',200.50
'2015-05-11',201.73
'2015-05-12',200.53
'2015-05-13',201.43
'2015-05-14',202.62
'2015-05-15',202.97
'2015-05-18',204.66
'2015-05-19',205.40
'2015-05-20',205.08
'2015-05-21',204.95
'2015-05-22',207.80
'2015-05-26',206.38
'2015-05-27',209.06
'2015-05-28',208.48
'2015-05-29',206.19
'2015-06-01',207.81
'2015-06-02',206.43
'2015-06-03',208.29
'2015-06-04',208.87
'2015-06-05',210.45
'2015-06-08',209.79
'2015-06-09',209.02
'2015-06-10',213.13
'2015-06-11',213.94
'2015-06-12',213.06
'2015-06-15',211.76
'2015-06-16',213.56
'2015-06-17',212.93
'2015-06-18',214.60
'2015-06-19',213.19
'2015-06-22',216.51
'2015-06-23',218.40
'2015-06-24',214.43
'2015-06-25',212.82
'2015-06-26',213.17
'2015-06-29',207.65
'2015-06-30',208.79
'2015-07-01',209.94
'2015-07-02',209.20
'2015-07-06',208.04
'2015-07-07',208.21
'2015-07-08',204.06
'2015-07-09',204.81
'2015-07-10',207.19
'2015-07-13',210.12
'2015-07-14',212.16
'2015-07-15',212.96
'2015-07-16',211.18
'2015-07-17',212.46
'2015-07-20',212.39
'2015-07-21',211.50
'2015-07-22',213.25
'2015-07-23',211.05
'2015-07-24',207.35
'2015-07-27',205.02
'2015-07-28',206.24
'2015-07-29',206.84
'2015-07-30',207.20
'2015-07-31',205.07
'2015-08-03',204.69
'2015-08-04',205.17
'2015-08-05',205.70
'2015-08-06',205.09
'2015-08-07',203.44
'2015-08-10',205.97
'2015-08-11',201.70
'2015-08-12',201.13
'2015-08-13',200.74
'2015-08-14',202.02
'2015-08-17',202.57
'2015-08-18',201.18
'2015-08-19',200.95
'2015-08-20',196.75
'2015-08-21',187.74
'2015-08-24',179.46
'2015-08-25',178.22
'2015-08-26',184.40
'2015-08-27',189.21
'2015-08-28',187.75
'2015-08-31',188.60
'2015-09-01',182.12
'2015-09-02',184.51
'2015-09-03',185.06
'2015-09-04',180.38
'2015-09-08',185.88
'2015-09-09',185.68
'2015-09-10',185.91
'2015-09-11',185.27
'2015-09-14',183.94
'2015-09-15',187.45
'2015-09-16',188.64
'2015-09-17',186.45
'2015-09-18',180.94
'2015-09-21',183.35
'2015-09-22',179.72
'2015-09-23',179.41
'2015-09-24',176.91
'2015-09-25',179.83
'2015-09-28',173.02
'2015-09-29',171.86
'2015-09-30',173.76
'2015-10-01',176.02
'2015-10-02',177.01
'2015-10-05',180.70
'2015-10-06',180.32
'2015-10-07',182.23
'2015-10-08',181.07
'2015-10-09',179.19
'2015-10-12',180.23
'2015-10-13',180.97
'2015-10-14',179.51
'2015-10-15',184.96
'2015-10-16',185.18
'2015-10-19',185.74
'2015-10-20',185.51
'2015-10-21',179.70
'2015-10-22',183.56
'2015-10-23',185.50
'2015-10-26',187.01
'2015-10-27',186.31
'2015-10-28',191.32
'2015-10-29',189.89
'2015-10-30',187.50
'2015-11-02',189.68
'2015-11-03',190.69
'2015-11-04',191.65
'2015-11-05',192.02
'2015-11-06',199.17
'2015-11-09',196.76
'2015-11-10',197.81
'2015-11-11',197.39
'2015-11-12',192.77
'2015-11-13',190.39
'2015-11-16',192.16
'2015-11-17',190.57
'2015-11-18',193.66
'2015-11-19',193.03
'2015-11-20',191.47
'2015-11-23',189.19
'2015-11-24',188.67
'2015-11-25',189.15
'2015-11-27',190.47
'2015-11-30',190.02
'2015-12-01',193.07
'2015-12-02',190.26
'2015-12-03',185.20
'2015-12-04',189.99
'2015-12-07',185.49
'2015-12-08',182.92
'2015-12-09',180.71
'2015-12-10',182.11
'2015-12-11',176.56
'2015-12-14',176.40
'2015-12-15',182.01
'2015-12-16',186.21
'2015-12-17',182.61
'2015-12-18',175.49
'2015-12-21',177.75
'2015-12-22',180.05
'2015-12-23',182.95
'2015-12-24',182.47
'2015-12-28',181.62
'2015-12-29',183.53
'2015-12-30',182.01
'2015-12-31',180.23
'2016-01-04',177.14
'2016-01-05',174.09
'2016-01-06',169.84
'2016-01-07',164.62
'2016-01-08',163.94
'2016-01-11',165.73
'2016-01-12',165.71
'2016-01-13',158.99
'2016-01-14',161.39
'2016-01-15',155.61
'2016-01-19',156.82
'2016-01-20',153.75
'2016-01-21',151.65
'2016-01-22',156.86
'2016-01-25',151.12
'2016-01-26',154.45
'2016-01-27',153.72
'2016-01-28',157.06
'2016-01-29',161.56
'2016-02-01',159.65
'2016-02-02',151.70
'2016-02-03',152.68
'2016-02-04',156.49
'2016-02-05',156.47
'2016-02-08',149.25
'2016-02-09',148.25
'2016-02-10',147.23
'2016-02-11',140.69
'2016-02-12',146.13
'2016-02-16',149.02
'2016-02-17',150.94
'2016-02-18',147.73
'2016-02-19',146.91
'2016-02-22',148.79
'2016-02-23',144.91
'2016-02-24',145.56
'2016-02-25',148.25
'2016-02-26',150.25
'2016-02-29',149.53
'2016-03-01',154.65
'2016-03-02',154.20
'2016-03-03',155.33
'2016-03-04',156.84
'2016-03-07',155.35
'2016-03-08',151.60
'2016-03-09',149.91
'2016-03-10',151.02
'2016-03-11',153.94
'2016-03-14',153.49
'2016-03-15',152.03
'2016-03-16',150.54
'2016-03-17',152.91
'2016-03-18',157.60
'2016-03-21',156.29
'2016-03-22',154.20
'2016-03-23',154.08
'2016-03-24',153.00
'2016-03-28',153.84
'2016-03-29',155.03
'2016-03-30',156.50
'2016-03-31',156.98
'2016-04-01',159.82
'2016-04-04',157.77
'2016-04-05',155.35
'2016-04-06',155.19
'2016-04-07',150.41
'2016-04-08',150.28
'2016-04-11',152.20
'2016-04-12',154.31
'2016-04-13',159.85
'2016-04-14',160.91
'2016-04-15',158.52
'2016-04-18',159.02
'2016-04-19',162.65
'2016-04-20',166.98
'2016-04-21',165.32
'2016-04-22',166.75
'2016-04-25',165.09
'2016-04-26',165.84
'2016-04-27',166.92
'2016-04-28',164.29
'2016-04-29',164.11
'2016-05-02',166.18
'2016-05-03',163.14
'2016-05-04',160.07
'2016-05-05',159.53
'2016-05-06',158.85
'2016-05-09',157.51
'2016-05-10',161.42
'2016-05-11',159.42
'2016-05-12',158.07
'2016-05-13',155.34
'2016-05-16',155.38
'2016-05-17',154.65
'2016-05-18',159.94
'2016-05-19',154.70
'2016-05-20',154.51
'2016-05-23',155.45
'2016-05-24',157.59
'2016-05-25',161.25
'2016-05-26',159.22
'2016-05-27',159.53
'2016-05-31',159.48
'2016-06-01',159.97
'2016-06-02',159.28
'2016-06-03',155.67
'2016-06-06',157.06
'2016-06-07',155.17
'2016-06-08',154.64
'2016-06-09',153.17
'2016-06-10',149.89
'2016-06-13',148.63
'2016-06-14',146.19
'2016-06-15',146.16
'2016-06-16',146.63
'2016-06-17',145.64
'2016-06-20',147.75
'2016-06-21',148.35
'2016-06-22',148.14
'2016-06-23',152.66
'2016-06-24',141.86
'2016-06-27',139.51
'2016-06-28',142.41
'2016-06-29',145.50
'2016-06-30',148.58
'2016-07-01',148.25
'2016-07-05',144.45
'2016-07-06',145.58
'2016-07-07',147.00
'2016-07-08',150.38
'2016-07-11',152.19
'2016-07-12',156.92
'2016-07-13',157.92
'2016-07-14',162.54
'2016-07-15',161.64
'2016-07-18',163.33
'2016-07-19',161.41
'2016-07-20',161.77
'2016-07-21',160.05
'2016-07-22',160.41
'2016-07-25',160.51
'2016-07-26',161.16
'2016-07-27',160.99
'2016-07-28',160.53
'2016-07-29',158.81
'2016-08-01',158.18
'2016-08-02',156.06
'2016-08-03',158.34
'2016-08-04',158.05
'2016-08-05',162.09
'2016-08-08',162.83
'2016-08-09',163.44
'2016-08-10',162.19
'2016-08-11',163.86
'2016-08-12',163.25
'2016-08-15',165.55
'2016-08-16',165.65
'2016-08-17',165.67
'2016-08-18',166.06
'2016-08-19',166.23
'2016-08-22',166.26
'2016-08-23',166.08
'2016-08-24',165.30
'2016-08-25',165.90
'2016-08-26',165.97
'2016-08-29',166.87
'2016-08-30',169.37
'2016-08-31',169.46
'2016-09-01',168.51
'2016-09-02',169.18
'2016-09-06',169.33
'2016-09-07',169.67
'2016-09-08',171.66
'2016-09-09',168.57
'2016-09-12',171.06
'2016-09-13',167.00
'2016-09-14',166.16
'2016-09-15',168.08
'2016-09-16',166.00
'2016-09-19',166.21
'2016-09-20',166.47
'2016-09-21',167.03
'2016-09-22',168.02
'2016-09-23',165.13
'2016-09-26',161.48
'2016-09-27',162.89
'2016-09-28',163.45
'2016-09-29',158.95
'2016-09-30',161.27
'2016-10-03',161.07
'2016-10-04',162.27
'2016-10-05',166.40
'2016-10-06',167.15
'2016-10-07',169.83
'2016-10-10',171.04
'2016-10-11',169.04
'2016-10-12',169.30
'2016-10-13',167.42
'2016-10-14',170.52
'2016-10-17',169.00
'2016-10-18',172.63
'2016-10-19',174.51
'2016-10-20',174.51
'2016-10-21',174.67
'2016-10-24',175.12
'2016-10-25',175.55
'2016-10-26',177.07
'2016-10-27',177.75
'2016-10-28',177.14
'2016-10-31',178.24
'2016-11-01',178.06
'2016-11-02',176.58
'2016-11-03',176.21
'2016-11-04',175.92
'2016-11-07',181.48
'2016-11-08',181.92
'2016-11-09',192.63
'2016-11-10',200.87
'2016-11-11',203.94
'2016-11-14',209.18
'2016-11-15',211.19
'2016-11-16',206.26
'2016-11-17',209.63
'2016-11-18',210.35
'2016-11-21',211.08
'2016-11-22',211.11
'2016-11-23',212.31
'2016-11-25',211.38
'2016-11-28',210.35
'2016-11-29',211.75
'2016-11-30',219.29
'2016-12-01',226.63
'2016-12-02',223.36
'2016-12-05',228.55
'2016-12-06',231.38
'2016-12-07',235.56
'2016-12-08',241.45
'2016-12-09',241.85
'2016-12-12',237.17
'2016-12-13',238.55
'2016-12-14',239.93
'2016-12-15',243.00
'2016-12-16',238.90
'2016-12-19',239.07
'2016-12-20',243.09
'2016-12-21',241.44
'2016-12-22',240.12
'2016-12-23',240.97
'2016-12-27',241.56
'2016-12-28',240.65
'2016-12-29',238.18
'2016-12-30',239.45
'2017-01-03',241.57
'2017-01-04',243.13
'2017-01-05',241.32
'2017-01-06',244.90
'2017-01-09',242.89
'2017-01-10',242.57
'2017-01-11',245.76
'2017-01-12',243.84
'2017-01-13',244.30
'2017-01-17',235.74
'2017-01-18',234.29
'2017-01-19',231.41
'2017-01-20',232.20
'2017-01-23',232.67
'2017-01-24',233.68
'2017-01-25',237.25
'2017-01-26',239.58
'2017-01-27',236.95
'2017-01-30',233.90
'2017-01-31',229.32
'2017-02-01',230.67
'2017-02-02',230.41
'2017-02-03',240.95
'2017-02-06',239.98
'2017-02-07',239.62
'2017-02-08',237.73
'2017-02-09',241.55
'2017-02-10',242.72
'2017-02-13',246.27
'2017-02-14',249.46
'2017-02-15',250.54
'2017-02-16',249.44
'2017-02-17',250.38
'2017-02-21',251.76
'2017-02-22',251.73
'2017-02-23',251.19
'2017-02-24',247.35
'2017-02-27',249.33
'2017-02-28',248.06
'2017-03-01',252.71
'2017-03-02',251.06
'2017-03-03',252.89
'2017-03-06',252.01
'2017-03-07',250.90
'2017-03-08',250.24
'2017-03-09',250.18
'2017-03-10',248.38
'2017-03-13',248.16
'2017-03-14',247.72
'2017-03-15',246.78
'2017-03-16',248.22
'2017-03-17',243.94
'2017-03-20',242.14
'2017-03-21',233.00
'2017-03-22',231.07
'2017-03-23',231.90
'2017-03-24',228.41
'2017-03-27',225.48
'2017-03-28',229.33
'2017-03-29',228.45
'2017-03-30',231.22
'2017-03-31',229.72
'2017-04-03',228.96
'2017-04-04',229.26
'2017-04-05',227.66
'2017-04-06',228.64
'2017-04-07',227.88
'2017-04-10',228.89
'2017-04-11',227.74
'2017-04-12',225.75
'2017-04-13',223.32
'2017-04-17',226.26
'2017-04-18',215.59
'2017-04-19',214.09
'2017-04-20',218.06
'2017-04-21',216.86
'2017-04-24',223.22
'2017-04-25',226.63
'2017-04-26',226.20
'2017-04-27',225.81
'2017-04-28',223.80
'2017-05-01',224.85
'2017-05-02',225.12
'2017-05-03',226.31
'2017-05-04',226.59
'2017-05-05',226.87
'2017-05-08',225.03
'2017-05-09',223.76
'2017-05-10',224.88
'2017-05-11',224.76
'2017-05-12',222.82
'2017-05-15',225.12
'2017-05-16',225.60
'2017-05-17',213.72
'2017-05-18',215.16
'2017-05-19',215.39
'2017-05-22',216.02
'2017-05-23',219.64
'2017-05-24',223.83
'2017-05-25',222.47
'2017-05-26',223.53
'2017-05-30',218.42
'2017-05-31',211.26
'2017-06-01',215.01
'2017-06-02',213.31
'2017-06-05',213.99
'2017-06-06',214.53
'2017-06-07',215.78
'2017-06-08',218.76
'2017-06-09',222.44
'2017-06-12',221.91
'2017-06-13',224.20
'2017-06-14',226.51
'2017-06-15',223.23
'2017-06-16',221.81