'2009-02-24',40.23
'2009-02-25',40.07
'2009-02-26',40.68
'2009-02-27',41.63
'2009-03-02',37.88
'2009-03-03',38.7
'2009-03-04',38.79
'2009-03-05',40.44
'2009-03-06',38.9
'2009-03-09',37.79
'2009-03-10',35.03
'2009-03-11',36.66
'2009-03-12',37.56
'2009-03-13',38.54
'2009-03-16',37.47
'2009-03-17',36.61
'2009-03-18',40.14
'2009-03-19',42.9
'2009-03-20',44.19
'2009-03-23',44.67
'2009-03-24',43.86
'2009-03-25',45.86
'2009-03-26',46.9
'2009-03-27',45.65
'2009-03-30',45.3
'2009-03-31',44.76
'2009-04-01',47.4
'2009-04-02',46.24
'2009-04-03',43.89
'2009-04-06',42.8
'2009-04-07',42.62
'2009-04-08',41.9
'2009-04-09',41.78
'2009-04-13',42.08
'2009-04-14',41.85
'2009-04-15',42.3
'2009-04-16',39.8
'2009-04-17',38.14
'2009-04-20',39.06
'2009-04-21',38.87
'2009-04-22',38.37
'2009-04-23',38.73
'2009-04-24',41.29
'2009-04-27',41.68
'2009-04-28',40.02
'2009-04-29',40.71
'2009-04-30',40.24
'2009-05-01',38.73
'2009-05-04',40.95
'2009-05-05',41.14
'2009-05-06',42.67
'2009-05-07',42.75
'2009-05-08',43.78
'2009-05-11',42.71
'2009-05-12',44.32
'2009-05-13',42.96
'2009-05-14',43.67
'2009-05-15',42.64
'2009-05-18',42.39
'2009-05-19',43.57
'2009-05-20',45.55
'2009-05-21',46.62
'2009-05-22',47.04
'2009-05-26',47.19
'2009-05-27',45.87
'2009-05-28',47.35
'2009-05-29',48.87
'2009-06-01',47.99
'2009-06-02',48.52
'2009-06-03',46.42
'2009-06-04',47.44
'2009-06-05',44.84
'2009-06-08',44.66
'2009-06-09',44.89
'2009-06-10',44.45
'2009-06-11',44.11
'2009-06-12',42.71
'2009-06-15',41.58
'2009-06-16',41.88
'2009-06-17',41.98
'2009-06-18',41.41
'2009-06-19',41.88
'2009-06-22',39.87
'2009-06-23',41.32
'2009-06-24',42.02
'2009-06-25',43.08
'2009-06-26',42.5
'2009-06-29',42.33
'2009-06-30',40.87
'2009-07-01',42.18
'2009-07-02',40.26
'2009-07-06',39.46
'2009-07-07',39.37
'2009-07-08',37.95
'2009-07-09',38.04
'2009-07-10',37.89
'2009-07-13',38.45
'2009-07-14',39.11
'2009-07-15',40.45
'2009-07-16',40.86
'2009-07-17',41.14
'2009-07-20',42.14
'2009-07-21',42.25
'2009-07-22',41.98
'2009-07-23',41.76
'2009-07-24',41.76
'2009-07-27',41.58
'2009-07-28',40.34
'2009-07-29',39.37
'2009-07-30',39.81
'2009-07-31',41.35
'2009-08-03',41.84
'2009-08-04',42.05
'2009-08-05',41.91
'2009-08-06',42.32
'2009-08-07',41.54
'2009-08-10',40.74
'2009-08-11',40.2
'2009-08-12',40.47
'2009-08-13',41.47
'2009-08-14',40.63
'2009-08-17',38.77
'2009-08-18',39.23
'2009-08-19',39.68
'2009-08-20',40.04
'2009-08-21',40.84
'2009-08-24',39.94
'2009-08-25',40.3
'2009-08-26',39.88
'2009-08-27',40.57
'2009-08-28',41.42
'2009-08-31',40.19
'2009-09-01',40.18
'2009-09-02',43.80
'2009-09-03',45.77
'2009-09-04',46.23
'2009-09-08',45.70
'2009-09-09',44.88
'2009-09-10',46.12
'2009-09-11',46.53
'2009-09-14',45.76
'2009-09-15',46.73
'2009-09-16',47.12
'2009-09-17',45.83
'2009-09-18',44.96
'2009-09-21',44.41
'2009-09-22',45.22
'2009-09-23',43.59
'2009-09-24',43.28
'2009-09-25',42.83
'2009-09-28',42.67
'2009-09-29',43.73
'2009-09-30',44.02
'2009-10-01',42.40
'2009-10-02',42.12
'2009-10-05',43.20
'2009-10-06',46.21
'2009-10-07',46.58
'2009-10-08',47.01
'2009-10-09',46.50
'2009-10-12',46.48
'2009-10-13',47.68
'2009-10-14',47.35
'2009-10-15',46.56
'2009-10-16',46.64
'2009-10-19',46.97
'2009-10-20',45.99
'2009-10-21',45.57
'2009-10-22',45.52
'2009-10-23',44.91
'2009-10-26',43.34
'2009-10-27',43.28
'2009-10-28',41.50
'2009-10-29',43.00
'2009-10-30',43.46
'2009-11-02',43.57
'2009-11-03',46.48
'2009-11-04',47.37
'2009-11-05',47.25
'2009-11-06',49.04
'2009-11-09',50.56
'2009-11-10',50.46
'2009-11-11',51.24
'2009-11-12',49.64
'2009-11-13',50.99
'2009-11-16',52.39
'2009-11-17',52.82
'2009-11-18',52.70
'2009-11-19',52.66
'2009-11-20',52.26
'2009-11-23',53.34
'2009-11-24',53.35
'2009-11-25',54.90
'2009-11-27',53.35
'2009-11-30',53.64
'2009-12-01',55.66
'2009-12-02',55.83
'2009-12-03',54.58
'2009-12-04',52.05
'2009-12-07',51.83
'2009-12-08',50.33
'2009-12-09',51.74
'2009-12-10',51.69
'2009-12-11',51.18
'2009-12-14',51.57
'2009-12-15',50.59
'2009-12-16',50.71
'2009-12-17',47.63
'2009-12-18',48.26
'2009-12-21',46.98
'2009-12-22',46.75
'2009-12-23',48.04
'2009-12-24',47.98
'2009-12-28',47.81
'2009-12-29',47.76
'2009-12-30',47.59
'2009-12-31',47.31
'2010-01-04',48.45
'2010-01-05',48.58
'2010-01-06',49.61
'2010-01-07',49.29
'2010-01-08',49.62
'2010-01-11',50.18
'2010-01-12',48.52
'2010-01-13',48.75
'2010-01-14',48.42
'2010-01-15',47.61
'2010-01-19',48.44
'2010-01-20',46.41
'2010-01-21',44.44
'2010-01-22',44.43
'2010-01-25',44.13
'2010-01-26',44.24
'2010-01-27',44.19
'2010-01-28',43.99
'2010-01-29',42.86
'2010-02-01',45.54
'2010-02-02',45.27
'2010-02-03',45.87
'2010-02-04',43.54
'2010-02-05',46.23
'2010-02-08',44.41
'2010-02-09',45.82
'2010-02-10',45.33
'2010-02-11',46.76
'2010-02-12',46.53
'2010-02-16',47.42
'2010-02-17',47.24
'2010-02-18',48.41
'2010-02-19',48.54
'2010-02-22',47.73
'2010-02-23',46.58
'2010-02-24',46.48
'2010-02-25',49.02
'2010-02-26',49.28
'2010-03-01',50.28
'2010-03-02',51.70
'2010-03-03',51.94
'2010-03-04',50.86
'2010-03-05',51.55
'2010-03-08',51.06
'2010-03-09',51.17
'2010-03-10',50.27
'2010-03-11',50.42
'2010-03-12',50.04
'2010-03-15',49.73
'2010-03-16',51.34
'2010-03-17',51.23
'2010-03-18',51.27
'2010-03-19',50.76
'2010-03-22',51.40
'2010-03-23',51.45
'2010-03-24',49.72
'2010-03-25',48.35
'2010-03-26',49.38
'2010-03-29',50.37
'2010-03-30',50.74
'2010-03-31',50.93
'2010-04-01',52.91
'2010-04-05',53.81
'2010-04-06',53.27
'2010-04-07',54.09
'2010-04-08',53.90
'2010-04-09',54.21
'2010-04-12',53.55
'2010-04-13',53.78
'2010-04-14',53.55
'2010-04-15',53.03
'2010-04-16',52.15
'2010-04-19',52.22
'2010-04-20',51.53
'2010-04-21',51.91
'2010-04-22',52.44
'2010-04-23',53.10
'2010-04-26',53.190
'2010-04-27',53.260
'2010-04-28',54.770
'2010-04-29',55.800
'2010-04-30',56.080
'2010-05-03',54.930
'2010-05-04',54.280
'2010-05-05',53.520
'2010-05-06',54.640
'2010-05-07',53.390
'2010-05-10',55.490
'2010-05-11',58.200
'2010-05-12',58.710
'2010-05-13',57.130
'2010-05-14',57.680
'2010-05-17',57.040
'2010-05-18',56.060
'2010-05-19',54.510
'2010-05-20',52.070
'2010-05-21',52.340
'2010-05-24',52.340
'2010-05-25',53.540
'2010-05-26',53.160
'2010-05-27',54.930
'2010-05-28',53.820
'2010-06-01',54.640
'2010-06-02',55.710
'2010-06-03',54.320
'2010-06-04',53.715
'2010-06-07',55.160
'2010-06-08',56.450
'2010-06-09',55.700
'2010-06-10',56.110
'2010-06-11',56.250
'2010-06-14',54.940
'2010-06-15',56.330
'2010-06-16',58.330
'2010-06-17',59.680
'2010-06-18',61.250
'2010-06-21',59.480
'2010-06-22',59.520
'2010-06-23',59.080
'2010-06-24',58.950
'2010-06-25',61.670
'2010-06-28',61.460
'2010-06-29',61.150
'2010-06-30',61.740
'2010-07-01',58.990
'2010-07-02',58.760
'2010-07-06',58.620
'2010-07-07',59.99
'2010-07-08',60.34
'2010-07-09',61.93
'2010-07-12',61.58
'2010-07-13',61.68
'2010-07-14',61.72
'2010-07-15',60.70
'2010-07-16',58.90
'2010-07-19',58.02
'2010-07-20',58.99
'2010-07-21',58.17
'2010-07-22',59.01
'2010-07-23',59.05
'2010-07-26',58.10
'2010-07-27',55.78
'2010-07-28',55.40
'2010-07-29',55.72
'2010-07-30',55.90
'2010-08-02',55.60
'2010-08-03',55.47
'2010-08-04',56.25
'2010-08-05',56.71
'2010-08-06',57.04
'2010-08-09',57.24
'2010-08-10',57.40
'2010-08-11',56.04
'2010-08-12',57.75
'2010-08-13',56.72
'2010-08-16',57.71
'2010-08-17',58.38
'2010-08-18',59.49
'2010-08-19',58.44
'2010-08-20',58.02
'2010-08-23',57.58
'2010-08-24',57.12
'2010-08-25',58.74
'2010-08-26',59.44
'2010-08-27',59.95
'2010-08-30',59.92
'2010-08-31',61.32
'2010-09-01',60.32
'2010-09-02',61.53
'2010-09-03',60.87
'2010-09-07',62.07
'2010-09-08',61.57
'2010-09-09',60.22
'2010-09-10',60.68
'2010-09-13',60.42
'2010-09-14',62.85
'2010-09-15',62.90
'2010-09-16',63.18
'2010-09-17',63.01
'2010-09-20',63.27
'2010-09-21',64.13
'2010-09-22',64.94
'2010-09-23',63.85
'2010-09-24',63.40
'2010-09-27',62.65
'2010-09-28',64.23
'2010-09-29',63.90
'2010-09-30',62.81
'2010-10-01',63.68
'2010-10-04',62.74
'2010-10-05',63.67
'2010-10-06',64.72
'2010-10-07',63.03
'2010-10-08',62.89
'2010-10-11',62.54
'2010-10-12',62.00
'2010-10-13',63.18
'2010-10-14',62.54
'2010-10-15',61.88
'2010-10-18',62.49
'2010-10-19',59.93
'2010-10-20',60.48
'2010-10-21',59.22
'2010-10-22',59.37
'2010-10-25',59.37
'2010-10-26',59.46
'2010-10-27',58.40
'2010-10-28',59.81
'2010-10-29',60.86
'2010-11-01',61.23
'2010-11-02',59.89
'2010-11-03',59.11
'2010-11-04',61.52
'2010-11-05',61.62
'2010-11-08',62.63
'2010-11-09',60.51
'2010-11-10',62.31
'2010-11-11',63.02
'2010-11-12',61.55
'2010-11-15',60.66
'2010-11-16',59.39
'2010-11-17',59.59
'2010-11-18',60.35
'2010-11-19',60.34
'2010-11-22',60.94
'2010-11-23',60.59
'2010-11-24',59.94
'2010-11-26',58.54
'2010-11-29',58.09
'2010-11-30',58.83
'2010-12-01',59.65
'2010-12-02',60.51
'2010-12-03',62.36
'2010-12-06',63.45
'2010-12-07',62.52
'2010-12-08',60.83
'2010-12-09',60.26
'2010-12-10',61.42
'2010-12-13',61.87
'2010-12-14',61.74
'2010-12-15',60.57
'2010-12-16',59.90
'2010-12-17',59.40
'2010-12-20',60.19
'2010-12-21',60.04
'2010-12-22',59.31
'2010-12-23',60.08
'2010-12-27',60.09
'2010-12-28',61.55
'2010-12-29',61.19
'2010-12-30',61.08
'2010-12-31',61.43
'2011-01-03',61.09
'2011-01-04',59.08
'2011-01-05',58.16
'2011-01-06',56.94
'2011-01-07',56.89
'2011-01-10',57.75
'2011-01-11',58.21
'2011-01-12',57.79
'2011-01-13',56.81
'2011-01-14',55.72
'2011-01-18',56.56
'2011-01-19',55.46
'2011-01-20',55.71
'2011-01-21',55.84
'2011-01-24',55.17
'2011-01-25',55.88
'2011-01-26',57.05
'2011-01-27',55.37
'2011-01-28',55.00
'2011-01-31',55.07
'2011-02-01',56.51
'2011-02-02',55.65
'2011-02-03',57.33
'2011-02-04',56.97
'2011-02-07',57.15
'2011-02-08',58.27
'2011-02-09',57.88
'2011-02-10',56.98
'2011-02-11',56.88
'2011-02-14',57.19
'2011-02-15',58.04
'2011-02-16',57.97
'2011-02-17',58.96
'2011-02-18',58.50
'2011-02-22',58.16
'2011-02-23',59.11
'2011-02-24',54.76
'2011-02-25',54.46
'2011-02-28',55.27
'2011-03-01',56.09
'2011-03-02',54.73
'2011-03-03',53.60
'2011-03-04',54.27
'2011-03-07',53.68
'2011-03-08',53.00
'2011-03-09',52.58
'2011-03-10',51.49
'2011-03-11',52.12
'2011-03-14',52.33
'2011-03-15',52.10
'2011-03-16',50.39
'2011-03-17',50.82
'2011-03-18',50.89
'2011-03-21',51.70
'2011-03-22',53.17
'2011-03-23',54.83
'2011-03-24',54.52
'2011-03-25',53.96
'2011-03-28',53.27
'2011-03-29',53.49
'2011-03-30',54.12
'2011-03-31',54.58
'2011-04-01',54.37
'2011-04-04',54.59
'2011-04-05',56.98
'2011-04-06',56.45
'2011-04-07',58.29
'2011-04-08',57.99
'2011-04-11',56.95
'2011-04-12',57.24
'2011-04-13',56.32
'2011-04-14',57.53
'2011-04-15',57.75
'2011-04-18',57.87
'2011-04-19',58.63
'2011-04-20',58.85
'2011-04-21',59.23
'2011-04-25',57.79
'2011-04-26',57.85
'2011-04-27',58.95
'2011-04-28',58.79
'2011-04-29',58.61
'2011-05-02',57.57
'2011-05-03',56.22
'2011-05-04',56.43
'2011-05-05',54.69
'2011-05-06',53.72
'2011-05-09',54.68
'2011-05-10',54.65
'2011-05-11',53.41
'2011-05-12',53.26
'2011-05-13',52.78
'2011-05-16',52.94
'2011-05-17',53.53
'2011-05-18',53.80
'2011-05-19',54.06
'2011-05-20',54.08
'2011-05-23',54.27
'2011-05-24',55.21
'2011-05-25',55.61
'2011-05-26',55.83
'2011-05-27',56.39
'2011-05-31',56.57
'2011-06-01',55.67
'2011-06-02',55.14
'2011-06-03',54.75
'2011-06-06',53.44
'2011-06-07',52.94
'2011-06-08',52.34
'2011-06-09',52.92
'2011-06-10',52.10
'2011-06-13',51.90
'2011-06-14',52.31
'2011-06-15',52.31
'2011-06-16',51.69
'2011-06-17',51.59
'2011-06-20',51.82
'2011-06-21',53.30
'2011-06-22',54.09
'2011-06-23',53.98
'2011-06-24',52.27
'2011-06-27',52.32
'2011-06-28',52.76
'2011-06-29',53.52
'2011-06-30',53.97
'2011-07-01',53.74
'2011-07-05',54.37
'2011-07-06',54.55
'2011-07-07',54.97
'2011-07-08',54.76
'2011-07-11',54.25
'2011-07-12',55.32
'2011-07-13',56.77
'2011-07-14',56.75
'2011-07-15',57.38
'2011-07-18',58.09
'2011-07-19',57.75
'2011-07-20',58.02
'2011-07-21',58.51
'2011-07-22',58.66
'2011-07-25',58.41
'2011-07-26',58.38
'2011-07-27',57.32
'2011-07-28',57.73
'2011-07-29',55.61
'2011-08-01',55.33
'2011-08-02',56.13
'2011-08-03',57.12
'2011-08-04',54.44
'2011-08-05',54.41
'2011-08-08',54.13
'2011-08-09',55.40
'2011-08-10',55.81
'2011-08-11',58.30
'2011-08-12',57.44
'2011-08-15',59.02
'2011-08-16',58.72
'2011-08-17',59.06
'2011-08-18',58.42
'2011-08-19',60.08
'2011-08-22',62.86
'2011-08-23',61.25
'2011-08-24',60.26
'2011-08-25',60.83
'2011-08-26',62.17
'2011-08-29',62.15
'2011-08-30',63.13
'2011-08-31',62.62
'2011-09-01',62.47
'2011-09-02',64.47
'2011-09-06',64.51
'2011-09-07',63.81
'2011-09-08',65.66
'2011-09-09',65.26
'2011-09-12',64.07
'2011-09-13',64.27
'2011-09-14',64.17
'2011-09-15',64.29
'2011-09-16',65.72
'2011-09-19',66.27
'2011-09-20',69.90
'2011-09-21',67.68
'2011-09-22',65.24
'2011-09-23',62.86
'2011-09-26',64.39
'2011-09-27',63.45
'2011-09-28',61.53
'2011-09-29',62.52
'2011-09-30',62.95
'2011-10-03',63.27
'2011-10-04',61.28
'2011-10-05',63.01
'2011-10-06',64.06
'2011-10-07',63.09
'2011-10-10',65.27
'2011-10-11',64.44
'2011-10-12',64.07
'2011-10-13',63.75
'2011-10-14',66.86
'2011-10-17',66.20
'2011-10-18',65.50
'2011-10-19',62.32
'2011-10-20',61.64
'2011-10-21',62.63
'2011-10-24',63.82
'2011-10-25',64.84
'2011-10-26',65.79
'2011-10-27',66.06
'2011-10-28',68.49
'2011-10-31',66.83
'2011-11-01',65.63
'2011-11-02',66.62
'2011-11-03',69.33
'2011-11-04',69.38
'2011-11-07',72.13
'2011-11-08',71.61
'2011-11-09',69.28
'2011-11-10',68.83
'2011-11-11',70.49
'2011-11-14',69.48
'2011-11-15',69.64
'2011-11-16',67.99
'2011-11-17',66.24
'2011-11-18',65.46
'2011-11-21',65.29
'2011-11-22',65.79
'2011-11-23',64.21
'2011-11-25',63.77
'2011-11-28',65.24
'2011-11-29',65.29
'2011-11-30',68.88
'2011-12-01',68.81
'2011-12-02',67.03
'2011-12-05',66.34
'2011-12-06',67.15
'2011-12-07',67.71
'2011-12-08',66.06
'2011-12-09',66.94
'2011-12-12',65.27
'2011-12-13',63.15
'2011-12-14',61.62
'2011-12-15',61.76
'2011-12-16',62.18
'2011-12-19',61.05
'2011-12-20',62.61
'2011-12-21',62.88
'2011-12-22',61.01
'2011-12-23',61.88
'2011-12-27',61.37
'2011-12-28',59.42
'2011-12-29',60.36
'2011-12-30',60.01
'2012-01-03',62.08
'2012-01-04',61.89
'2012-01-05',62.10
'2012-01-06',61.97
'2012-01-09',61.48
'2012-01-10',62.65
'2012-01-11',63.34
'2012-01-12',64.04
'2012-01-13',63.39
'2012-01-17',60.94
'2012-01-18',60.35
'2012-01-19',59.60
'2012-01-20',59.27
'2012-01-23',59.26
'2012-01-24',57.48
'2012-01-25',60.25
'2012-01-26',60.45
'2012-01-27',61.51
'2012-01-30',61.22
'2012-01-31',61.48
'2012-02-01',61.12
'2012-02-02',62.29
'2012-02-03',61.01
'2012-02-06',60.890
'2012-02-07',60.860
'2012-02-08',60.700
'2012-02-09',60.640
'2012-02-10',59.620
'2012-02-13',59.410
'2012-02-14',58.770
'2012-02-15',59.600
'2012-02-16',60.430
'2012-02-17',59.450
'2012-02-21',61.540
'2012-02-22',62.780
'2012-02-23',63.800
'2012-02-24',62.510
'2012-02-27',61.520
'2012-02-28',62.000
'2012-02-29',59.425
'2012-03-01',59.670
'2012-03-02',58.960
'2012-03-05',57.900
'2012-03-06',57.170
'2012-03-07',56.680
'2012-03-08',56.950
'2012-03-09',56.880
'2012-03-12',55.750
'2012-03-13',54.860
'2012-03-14',54.300
'2012-03-15',53.840
'2012-03-16',53.750
'2012-03-19',53.530
'2012-03-20',53.680
'2012-03-21',53.170
'2012-03-22',52.410
'2012-03-23',53.320
'2012-03-26',53.450
'2012-03-27',52.490
'2012-03-28',51.500
'2012-03-29',51.340
'2012-03-30',51.270
'2012-04-02',52.110
'2012-04-03',50.340
'2012-04-04',48.530
'2012-04-05',47.730
'2012-04-09',48.000
'2012-04-10',48.970
'2012-04-11',48.000
'2012-04-12',49.550
'2012-04-13',48.680
'2012-04-16',48.170
'2012-04-17',48.330
'2012-04-18',47.890
'2012-04-19',47.810
'2012-04-20',47.250
'2012-04-23',46.300
'2012-04-24',46.370
'2012-04-25',47.470
'2012-04-26',47.730
'2012-04-27',47.860
'2012-04-30',47.650
'2012-05-01',48.050
'2012-05-02',47.100
'2012-05-03',45.590
'2012-05-04',46.160
'2012-05-07',46.140
'2012-05-08',44.760
'2012-05-09',46.540
'2012-05-10',46.200
'2012-05-11',45.360
'2012-05-14',44.670
'2012-05-15',43.390
'2012-05-16',43.510
'2012-05-17',45.260
'2012-05-18',45.580
'2012-05-21',47.370
'2012-05-22',47.190
'2012-05-23',48.570
'2012-05-24',48.630
'2012-05-25',48.820
'2012-05-29',48.180
'2012-05-30',47.840
'2012-05-31',47.160
'2012-06-01',50.300
'2012-06-04',51.550
'2012-06-05',51.350
'2012-06-06',51.700
'2012-06-07',50.690
'2012-06-08',50.280
'2012-06-11',49.480
'2012-06-12',50.520
'2012-06-13',50.720
'2012-06-14',50.690
'2012-06-15',50.280
'2012-06-18',50.850
'2012-06-19',50.700
'2012-06-20',50.360
'2012-06-21',47.800
'2012-06-22',47.960
'2012-06-25',48.790
'2012-06-26',47.935
'2012-06-27',48.150
'2012-06-28',47.120
'2012-06-29',48.510
'2012-07-02',48.490
'2012-07-03',49.730
'2012-07-05',49.040
'2012-07-06',47.910
'2012-07-09',47.720
'2012-07-10',46.420
'2012-07-11',45.980
'2012-07-12',45.460
'2012-07-13',46.160
'2012-07-16',45.500
'2012-07-17',45.070
'2012-07-18',44.660
'2012-07-19',45.150
'2012-07-20',45.150
'2012-07-23',44.500
'2012-07-24',44.330
'2012-07-25',45.800
'2012-07-26',46.090
'2012-07-27',44.525
'2012-07-30',45.260
'2012-07-31',44.470
'2012-08-01',44.410
'2012-08-02',43.620
'2012-08-03',44.670
'2012-08-06',46.120
'2012-08-07',46.630
'2012-08-08',46.920
'2012-08-09',47.200
'2012-08-10',47.480
'2012-08-13',46.920
'2012-08-14',46.340
'2012-08-15',46.630
'2012-08-16',47.590
'2012-08-17',47.160
'2012-08-20',47.930
'2012-08-21',48.250
'2012-08-22',49.300
'2012-08-23',49.040
'2012-08-24',49.230
'2012-08-27',49.040
'2012-08-28',48.840
'2012-08-29',48.470
'2012-08-30',48.550
'2012-08-31',50.680
'2012-09-04',49.470
'2012-09-05',49.620
'2012-09-06',50.900
'2012-09-07',51.690
'2012-09-10',51.3600
'2012-09-11',52.0000
'2012-09-12',52.5600
'2012-09-13',55.4500
'2012-09-14',57.2000
'2012-09-17',56.9600
'2012-09-18',56.7700
'2012-09-19',56.8500
'2012-09-20',56.6200
'2012-09-21',56.3100
'2012-09-24',55.2600
'2012-09-25',55.0650
'2012-09-26',55.2600
'2012-09-27',56.5400
'2012-09-28',56.0150
'2012-10-01',55.7000
'2012-10-02',55.6700
'2012-10-03',55.4700
'2012-10-04',56.2400
'2012-10-05',55.8500
'2012-10-08',55.7600
'2012-10-09',54.5000
'2012-10-10',54.8500
'2012-10-11',55.3500
'2012-10-12',54.9400
'2012-10-15',54.6000
'2012-10-16',55.8800
'2012-10-17',56.0600
'2012-10-18',54.9700
'2012-10-19',54.9000
'2012-10-22',55.4900
'2012-10-23',53.8300
'2012-10-24',52.5800
'2012-10-25',53.5600
'2012-10-26',53.3100
'2012-10-31',54.5800
'2012-11-01',53.2200
'2012-11-02',48.7400
'2012-11-05',48.3900
'2012-11-06',48.5000
'2012-11-07',48.7400
'2012-11-08',48.8086
'2012-11-09',48.0700
'2012-11-12',47.7100
'2012-11-13',47.1900
'2012-11-14',45.7918
'2012-11-15',45.5300
'2012-11-16',46.1200
'2012-11-19',46.7900
'2012-11-20',46.6200
'2012-11-21',47.0800
'2012-11-23',47.6900
'2012-11-26',47.3700
'2012-11-27',47.0000
'2012-11-28',47.3100
'2012-11-29',47.0500
'2012-11-30',47.0900
'2012-12-03',45.6800
'2012-12-04',45.0900
'2012-12-05',43.9600
'2012-12-06',44.2900
'2012-12-07',44.4200
'2012-12-10',45.1100
'2012-12-11',45.2300
'2012-12-12',45.5000
'2012-12-13',44.1700
'2012-12-14',44.2900
'2012-12-17',44.6600
'2012-12-18',44.3599
'2012-12-19',43.7500
'2012-12-20',44.1000
'2012-12-21',44.5800
'2012-12-24',44.2300
'2012-12-26',45.0800
'2012-12-27',45.4700
'2012-12-28',45.0300
'2012-12-31',46.4400
'2013-01-02',46.9000
'2013-01-03',45.6200
'2013-01-04',45.9400
'2013-01-07',45.0100
'2013-01-08',45.5600
'2013-01-09',44.9000
'2013-01-10',45.9500
'2013-01-11',45.7600
'2013-01-14',45.3000
'2013-01-15',45.1900
'2013-01-16',44.7500
'2013-01-17',44.4400
'2013-01-18',44.8900
'2013-01-22',45.5800
'2013-01-23',44.7600
'2013-01-24',44.0100
'2013-01-25',43.3600
'2013-01-28',42.8200
'2013-01-29',43.3900
'2013-01-30',43.1200
'2013-01-31',42.9600
'2013-02-01',43.7100
'2013-02-04',44.1000
'2013-02-05',44.33
'2013-02-06',45.04
'2013-02-07',45.25
'2013-02-08',44.93
'2013-02-11',44.49
'2013-02-12',45.28
'2013-02-13',44.85
'2013-02-14',44.55
'2013-02-15',43.27
'2013-02-19',42.90
'2013-02-20',40.56
'2013-02-21',40.55
'2013-02-22',40.82
'2013-02-25',40.96
'2013-02-26',41.44
'2013-02-27',40.62
'2013-02-28',40.29
'2013-03-01',39.62
'2013-03-04',39.00
'2013-03-05',38.60
'2013-03-06',40.01
'2013-03-07',39.93
'2013-03-08',39.25
'2013-03-11',38.89
'2013-03-12',39.66
'2013-03-13',38.99
'2013-03-14',39.59
'2013-03-15',39.68
'2013-03-18',40.03
'2013-03-19',40.37
'2013-03-20',40.38
'2013-03-21',41.45
'2013-03-22',41.61
'2013-03-25',41.09
'2013-03-26',41.08
'2013-03-27',41.74
'2013-03-28',41.89
'2013-04-01',41.39
'2013-04-02',39.83
'2013-04-03',38.47
'2013-04-04',39.12
'2013-04-05',39.37
'2013-04-08',39.01
'2013-04-09',40.03
'2013-04-10',38.99
'2013-04-11',38.65
'2013-04-12',36.37
'2013-04-15',33.92
'2013-04-16',33.78
'2013-04-17',32.36
'2013-04-18',32.77
'2013-04-19',32.98
'2013-04-22',33.40
'2013-04-23',32.43
'2013-04-24',34.33
'2013-04-25',34.33
'2013-04-26',33.47
'2013-04-29',33.97
'2013-04-30',32.40
'2013-05-01',32.59
'2013-05-02',32.66
'2013-05-03',33.00
'2013-05-06',33.07
'2013-05-07',32.45
'2013-05-08',33.91
'2013-05-09',33.16
'2013-05-10',33.12
'2013-05-13',32.62
'2013-05-14',32.51
'2013-05-15',31.57
'2013-05-16',31.43
'2013-05-17',30.63
'2013-05-20',32.28
'2013-05-21',31.94
'2013-05-22',31.96
'2013-05-23',32.22
'2013-05-24',31.97
'2013-05-28',32.05
'2013-05-29',33.10
'2013-05-30',34.34
'2013-05-31',34.28
'2013-06-03',34.88
'2013-06-04',34.45
'2013-06-05',34.60
'2013-06-06',34.95
'2013-06-07',34.11
'2013-06-10',33.90
'2013-06-11',32.81
'2013-06-12',33.33
'2013-06-13',33.66
'2013-06-14',33.19
'2013-06-17',33.44
'2013-06-18',32.59
'2013-06-19',31.90
'2013-06-20',29.75
'2013-06-21',30.05
'2013-06-24',29.02
'2013-06-25',28.93
'2013-06-26',27.22
'2013-06-27',27.71
'2013-06-28',29.95
'2013-07-01',30.18
'2013-07-02',29.17
'2013-07-03',29.02
'2013-07-05',27.78
'2013-07-08',27.02
'2013-07-09',27.07
'2013-07-10',26.61
'2013-07-11',28.12
'2013-07-12',27.43
'2013-07-15',27.57
'2013-07-16',28.45
'2013-07-17',28.03
'2013-07-18',28.06
'2013-07-19',28.69
'2013-07-22',30.35
'2013-07-23',31.14
'2013-07-24',29.61
'2013-07-25',29.93
'2013-07-26',30.38
'2013-07-29',30.11
'2013-07-30',30.15
'2013-07-31',30.00
'2013-08-01',29.59
'2013-08-02',28.79
'2013-08-05',28.48
'2013-08-06',26.63
'2013-08-07',26.48
'2013-08-08',28.78
'2013-08-09',29.51
'2013-08-12',30.90
'2013-08-13',30.08
'2013-08-14',31.94
'2013-08-15',33.22
'2013-08-16',32.38
'2013-08-19',32.08
'2013-08-20',32.81
'2013-08-21',31.84
'2013-08-22',32.17
'2013-08-23',33.00
'2013-08-26',33.29
'2013-08-27',32.11
'2013-08-28',31.34
'2013-08-29',31.83
'2013-08-30',31.77
'2013-09-03',31.47
'2013-09-04',31.62
'2013-09-05',30.30
'2013-09-06',30.43
'2013-09-09',30.38
'2013-09-10',29.20
'2013-09-11',29.46
'2013-09-12',28.23
'2013-09-13',28.20
'2013-09-16',28.13
'2013-09-17',28.52
'2013-09-18',30.87
'2013-09-19',29.78
'2013-09-20',28.07
'2013-09-23',27.88
'2013-09-24',28.00
'2013-09-25',28.31
'2013-09-26',28.17
'2013-09-27',27.98
'2013-09-30',28.10
'2013-10-01',27.21
'2013-10-02',27.53
'2013-10-03',26.96
'2013-10-04',26.80
'2013-10-07',27.17
'2013-10-08',26.35
'2013-10-09',26.50
'2013-10-10',26.30
'2013-10-11',25.62
'2013-10-14',25.74
'2013-10-15',26.10
'2013-10-16',25.88
'2013-10-17',27.06
'2013-10-18',26.92
'2013-10-21',27.50
'2013-10-22',28.46
'2013-10-23',27.29
'2013-10-24',27.65
'2013-10-25',27.83
'2013-10-28',28.08
'2013-10-29',27.65
'2013-10-30',28.04
'2013-10-31',27.26
'2013-11-01',25.98
'2013-11-04',27.33
'2013-11-05',27.35
'2013-11-06',27.92
'2013-11-07',27.35
'2013-11-08',27.57
'2013-11-11',27.58
'2013-11-12',26.98
'2013-11-13',27.30
'2013-11-14',28.07
'2013-11-15',27.79
'2013-11-18',27.04
'2013-11-19',27.35
'2013-11-20',26.39
'2013-11-21',25.86
'2013-11-22',25.74
'2013-11-25',25.53
'2013-11-26',24.72
'2013-11-27',24.62
'2013-11-29',24.83
'2013-12-02',23.83
'2013-12-03',23.38
'2013-12-04',23.88
'2013-12-05',23.20
'2013-12-06',23.02
'2013-12-09',23.60
'2013-12-10',24.18
'2013-12-11',23.47
'2013-12-12',23.28
'2013-12-13',23.28
'2013-12-16',23.16
'2013-12-17',23.11
'2013-12-18',23.14
'2013-12-19',22.76
'2013-12-20',22.64
'2013-12-23',22.49
'2013-12-24',23.15
'2013-12-26',23.33
'2013-12-27',23.59
'2013-12-30',22.93
'2013-12-31',23.03
'2014-01-02',23.96
'2014-01-03',23.92
'2014-01-06',24.08
'2014-01-07',23.95
'2014-01-08',23.40
'2014-01-09',23.20
'2014-01-10',23.80
'2014-01-13',23.88
'2014-01-14',23.41
'2014-01-15',23.58
'2014-01-16',23.95
'2014-01-17',24.55
'2014-01-21',24.82
'2014-01-22',24.39
'2014-01-23',25.17
'2014-01-24',24.88
'2014-01-27',24.18
'2014-01-28',24.66
'2014-01-29',24.87
'2014-01-30',24.10
'2014-01-31',21.60
'2014-02-03',21.02
'2014-02-04',21.18
'2014-02-05',20.87
'2014-02-06',21.01
'2014-02-07',21.52
'2014-02-10',22.20
'2014-02-11',22.90
'2014-02-12',22.51
'2014-02-13',23.53
'2014-02-14',23.83
'2014-02-18',24.21
'2014-02-19',23.77
'2014-02-20',24.46
'2014-02-21',23.38
'2014-02-24',23.67
'2014-02-25',23.75
'2014-02-26',23.56
'2014-02-27',23.59
'2014-02-28',23.26
'2014-03-03',23.63
'2014-03-04',24.14
'2014-03-05',24.58
'2014-03-06',24.93
'2014-03-07',24.60
'2014-03-10',24.31
'2014-03-11',24.35
'2014-03-12',25.01
'2014-03-13',25.48
'2014-03-14',26.18
'2014-03-17',25.77
'2014-03-18',25.27
'2014-03-19',24.50
'2014-03-20',24.58
'2014-03-21',24.55
'2014-03-24',23.89
'2014-03-25',23.92
'2014-03-26',23.07
'2014-03-27',22.94
'2014-03-28',23.92
'2014-03-31',23.44
'2014-04-01',23.45
'2014-04-02',24.24
'2014-04-03',24.10
'2014-04-04',24.11
'2014-04-07',24.44
'2014-04-08',24.95
'2014-04-09',24.99
'2014-04-10',24.79
'2014-04-11',24.23
'2014-04-14',24.41
'2014-04-15',23.84
'2014-04-16',23.75
'2014-04-17',23.54
'2014-04-21',25.05
'2014-04-22',25.04
'2014-04-23',25.92
'2014-04-24',25.49
'2014-04-25',26.45
'2014-04-28',24.67
'2014-04-29',25.02
'2014-04-30',24.83
'2014-05-01',24.53
'2014-05-02',24.72
'2014-05-05',24.85
'2014-05-06',24.60
'2014-05-07',24.01
'2014-05-08',24.00
'2014-05-09',24.02
'2014-05-12',24.51
'2014-05-13',24.68
'2014-05-14',24.63
'2014-05-15',24.29
'2014-05-16',23.99
'2014-05-19',23.34
'2014-05-20',23.62
'2014-05-21',23.59
'2014-05-22',23.36
'2014-05-23',23.40
'2014-05-27',22.68
'2014-05-28',22.48
'2014-05-29',22.76
'2014-05-30',22.89
'2014-06-02',22.58
'2014-06-03',22.82
'2014-06-04',22.89
'2014-06-05',23.02
'2014-06-06',23.11
'2014-06-09',22.67
'2014-06-10',22.78
'2014-06-11',23.09
'2014-06-12',23.30
'2014-06-13',23.40
'2014-06-16',23.16
'2014-06-17',23.31
'2014-06-18',23.74
'2014-06-19',24.54
'2014-06-20',24.86
'2014-06-23',25.19
'2014-06-24',24.69
'2014-06-25',24.88
'2014-06-26',25.07
'2014-06-27',25.19
'2014-06-30',25.44
'2014-07-01',25.08
'2014-07-02',25.36
'2014-07-03',25.19
'2014-07-07',24.73
'2014-07-08',24.80
'2014-07-09',25.53
'2014-07-10',25.44
'2014-07-11',25.93
'2014-07-14',25.32
'2014-07-15',24.69
'2014-07-16',25.22
'2014-07-17',25.42
'2014-07-18',25.42
'2014-07-21',25.36
'2014-07-22',25.41
'2014-07-23',25.19
'2014-07-24',24.78
'2014-07-25',25.15
'2014-07-28',25.64
'2014-07-29',25.54
'2014-07-30',25.59
'2014-07-31',24.91
'2014-08-01',25.20
'2014-08-04',25.63
'2014-08-05',25.78
'2014-08-06',26.08
'2014-08-07',26.18
'2014-08-08',26.39
'2014-08-11',26.53
'2014-08-12',27.06
'2014-08-13',27.07
'2014-08-14',27.05
'2014-08-15',26.89
'2014-08-18',26.82
'2014-08-19',26.83
'2014-08-20',26.73
'2014-08-21',26.61
'2014-08-22',26.39
'2014-08-25',25.98
'2014-08-26',26.50
'2014-08-27',26.52
'2014-08-28',26.86
'2014-08-29',27.09
'2014-09-02',26.41
'2014-09-03',26.31
'2014-09-04',25.60
'2014-09-05',25.97
'2014-09-08',25.29
'2014-09-09',25.54
'2014-09-10',25.37
'2014-09-11',25.59
'2014-09-12',25.17
'2014-09-15',25.02
'2014-09-16',25.04
'2014-09-17',24.67
'2014-09-18',24.49
'2014-09-19',24.21
'2014-09-22',23.66
'2014-09-23',23.99
'2014-09-24',23.84
'2014-09-25',23.91
'2014-09-26',23.81
'2014-09-29',23.48
'2014-09-30',23.05
'2014-10-01',23.01
'2014-10-02',23.28
'2014-10-03',22.70
'2014-10-06',23.15
'2014-10-07',22.55
'2014-10-08',23.64
'2014-10-09',22.45
'2014-10-10',22.21
'2014-10-13',22.52
'2014-10-14',22.79
'2014-10-15',22.70
'2014-10-16',22.72
'2014-10-17',22.40
'2014-10-20',22.85
'2014-10-21',22.90
'2014-10-22',22.59
'2014-10-23',22.00
'2014-10-24',21.95
'2014-10-27',21.63
'2014-10-28',21.85
'2014-10-29',20.81
'2014-10-30',20.33
'2014-10-31',18.76
'2014-11-03',19.12
'2014-11-04',18.66
'2014-11-05',17.83
'2014-11-06',18.20
'2014-11-07',19.19
'2014-11-10',18.06
'2014-11-11',18.70
'2014-11-12',18.46
'2014-11-13',18.24
'2014-11-14',19.15
'2014-11-17',19.24
'2014-11-18',19.90
'2014-11-19',19.11
'2014-11-20',19.58
'2014-11-21',19.69
'2014-11-24',19.17
'2014-11-25',19.71
'2014-11-26',19.53
'2014-11-28',18.40
'2014-12-01',19.66
'2014-12-02',19.18
'2014-12-03',19.63
'2014-12-04',19.27
'2014-12-05',19.03
'2014-12-08',19.08
'2014-12-09',20.01
'2014-12-10',19.45
'2014-12-11',19.57
'2014-12-12',19.05
'2014-12-15',17.92
'2014-12-16',17.78
'2014-12-17',18.50
'2014-12-18',19.39
'2014-12-19',19.12
'2014-12-22',18.16
'2014-12-23',18.04
'2014-12-24',18.57
'2014-12-26',18.85
'2014-12-29',18.59
'2014-12-30',19.26
'2014-12-31',18.90
'2015-01-02',19.34
'2015-01-05',19.46
'2015-01-06',20.27
'2015-01-07',20.09
'2015-01-08',19.98
'2015-01-09',20.72
'2015-01-12',21.19
'2015-01-13',20.36
'2015-01-14',19.76
'2015-01-15',21.51
'2015-01-16',22.29
'2015-01-20',23.57
'2015-01-21',24.32
'2015-01-22',24.29
'2015-01-23',24.15
'2015-01-26',24.49
'2015-01-27',25.14
'2015-01-28',24.26
'2015-01-29',24.17
'2015-01-30',25.15
'2015-02-02',25.11
'2015-02-03',24.62
'2015-02-04',24.82
'2015-02-05',24.82
'2015-02-06',24.05
'2015-02-09',24.61
'2015-02-10',24.41
'2015-02-11',24.14
'2015-02-12',24.51
'2015-02-13',24.78
'2015-02-17',24.19
'2015-02-18',24.74
'2015-02-19',24.46
'2015-02-20',25.58
'2015-02-23',25.96
'2015-02-24',25.81
'2015-02-25',26.05
'2015-02-26',26.31
'2015-02-27',26.33
'2015-03-02',25.89
'2015-03-03',25.62
'2015-03-04',25.19
'2015-03-05',25.30
'2015-03-06',23.30
'2015-03-09',22.42
'2015-03-10',21.77
'2015-03-11',22.24
'2015-03-12',22.29
'2015-03-13',22.30
'2015-03-16',22.30
'2015-03-17',22.12
'2015-03-18',22.87
'2015-03-19',22.82
'2015-03-20',22.95
'2015-03-23',23.14
'2015-03-24',22.86
'2015-03-25',22.48
'2015-03-26',22.16
'2015-03-27',22.23
'2015-03-30',22.02
'2015-03-31',21.71
'2015-04-01',22.72
'2015-04-02',22.34
'2015-04-06',22.58
'2015-04-07',22.17
'2015-04-08',22.08
'2015-04-09',22.23
'2015-04-10',22.33
'2015-04-13',22.57
'2015-04-14',22.82
'2015-04-15',23.55
'2015-04-16',23.62
'2015-04-17',23.57
'2015-04-20',23.52
'2015-04-21',23.51
'2015-04-22',22.77
'2015-04-23',23.45
'2015-04-24',24.98
'2015-04-27',25.59
'2015-04-28',26.35
'2015-04-29',26.48
'2015-04-30',26.49
'2015-05-01',26.49
'2015-05-04',26.05
'2015-05-05',25.95
'2015-05-06',25.65
'2015-05-07',25.82
'2015-05-08',26.04
'2015-05-11',26.36
'2015-05-12',26.65
'2015-05-13',27.31
'2015-05-14',27.20
'2015-05-15',27.69
'2015-05-18',27.55
'2015-05-19',27.05
'2015-05-20',27.66
'2015-05-21',27.00
'2015-05-22',27.01
'2015-05-26',26.55
'2015-05-27',27.03
'2015-05-28',27.47
'2015-05-29',27.24
'2015-06-01',27.17
'2015-06-02',26.95
'2015-06-03',26.38
'2015-06-04',26.80
'2015-06-05',25.91
'2015-06-08',25.84
'2015-06-09',24.41
'2015-06-10',23.70
'2015-06-11',23.66
'2015-06-12',23.55
'2015-06-15',24.03
'2015-06-16',23.94
'2015-06-17',24.53
'2015-06-18',25.00
'2015-06-19',24.65
'2015-06-22',23.95
'2015-06-23',24.13
'2015-06-24',24.12
'2015-06-25',23.94
'2015-06-26',23.83
'2015-06-29',23.53
'2015-06-30',23.36
'2015-07-01',23.13
'2015-07-02',23.67
'2015-07-06',23.86
'2015-07-07',22.41
'2015-07-08',22.52
'2015-07-09',22.59
'2015-07-10',22.52
'2015-07-13',22.50
'2015-07-14',22.15
'2015-07-15',21.80
'2015-07-16',21.38
'2015-07-17',20.69
'2015-07-20',18.16
'2015-07-21',18.74
'2015-07-22',18.52
'2015-07-23',17.60
'2015-07-24',17.80
'2015-07-27',17.22
'2015-07-28',17.64
'2015-07-29',17.67
'2015-07-30',17.29
'2015-07-31',17.17
'2015-08-03',16.42
'2015-08-04',16.40
'2015-08-05',16.35
'2015-08-06',16.36
'2015-08-07',16.14
'2015-08-10',16.95
'2015-08-11',17.03
'2015-08-12',18.14
'2015-08-13',17.49
'2015-08-14',17.35
'2015-08-17',17.85
'2015-08-18',17.54
'2015-08-19',17.93
'2015-08-20',18.55
'2015-08-21',18.14
'2015-08-24',16.89
'2015-08-25',16.17
'2015-08-26',15.81
'2015-08-27',16.70
'2015-08-28',17.17
'2015-08-31',17.07
'2015-09-01',16.73
'2015-09-02',16.21
'2015-09-03',16.19
'2015-09-04',15.70
'2015-09-08',15.96
'2015-09-09',15.62
'2015-09-10',15.56
'2015-09-11',16.24
'2015-09-14',15.89
'2015-09-15',15.97
'2015-09-16',16.94
'2015-09-17',17.24
'2015-09-18',16.98
'2015-09-21',16.63
'2015-09-22',15.59
'2015-09-23',15.55
'2015-09-24',16.78
'2015-09-25',16.59
'2015-09-28',16.02
'2015-09-29',15.82
'2015-09-30',16.07
'2015-10-01',15.84
'2015-10-02',17.07
'2015-10-05',17.95
'2015-10-06',18.35
'2015-10-07',18.94
'2015-10-08',18.66
'2015-10-09',18.93
'2015-10-12',18.45
'2015-10-13',18.37
'2015-10-14',19.47
'2015-10-15',19.30
'2015-10-16',18.99
'2015-10-19',18.55
'2015-10-20',18.84
'2015-10-21',18.42
'2015-10-22',19.03
'2015-10-23',19.55
'2015-10-26',18.80
'2015-10-27',18.77
'2015-10-28',19.15
'2015-10-29',19.89
'2015-10-30',19.46
'2015-11-02',19.63
'2015-11-03',19.22
'2015-11-04',19.01
'2015-11-05',17.50
'2015-11-06',17.54
'2015-11-09',17.86
'2015-11-10',17.46
'2015-11-11',17.79
'2015-11-12',17.33
'2015-11-13',17.50
'2015-11-16',17.63
'2015-11-17',16.88
'2015-11-18',17.63
'2015-11-19',18.05
'2015-11-20',17.68
'2015-11-23',17.56
'2015-11-24',18.00
'2015-11-25',17.91
'2015-11-27',17.39
'2015-11-30',18.41
'2015-12-01',18.39
'2015-12-02',17.85
'2015-12-03',18.73
'2015-12-04',20.46
'2015-12-07',19.75
'2015-12-08',19.38
'2015-12-09',19.60
'2015-12-10',19.43
'2015-12-11',19.13
'2015-12-14',18.35
'2015-12-15',18.40
'2015-12-16',19.08
'2015-12-17',17.61
'2015-12-18',17.71
'2015-12-21',17.65
'2015-12-22',17.80
'2015-12-23',18.14
'2015-12-24',18.54
'2015-12-28',17.91
'2015-12-29',18.03
'2015-12-30',17.77
'2015-12-31',17.99
'2016-01-04',18.44
'2016-01-05',18.42
'2016-01-06',18.56
'2016-01-07',18.86
'2016-01-08',18.01
'2016-01-11',17.01
'2016-01-12',17.01
'2016-01-13',17.48
'2016-01-14',17.27
'2016-01-15',17.70
'2016-01-19',16.31
'2016-01-20',16.56
'2016-01-21',16.69
'2016-01-22',16.68
'2016-01-25',17.67
'2016-01-26',18.50
'2016-01-27',19.44
'2016-01-28',19.53
'2016-01-29',19.96
'2016-02-01',20.55
'2016-02-02',20.07
'2016-02-03',22.34
'2016-02-04',23.38
'2016-02-05',24.41
'2016-02-08',25.19
'2016-02-09',24.30
'2016-02-10',24.31
'2016-02-11',25.04
'2016-02-12',25.78
'2016-02-16',24.56
'2016-02-17',24.84
'2016-02-18',25.07
'2016-02-19',24.84
'2016-02-22',25.12
'2016-02-23',25.39
'2016-02-24',25.58
'2016-02-25',25.85
'2016-02-26',25.35
'2016-02-29',25.83
'2016-03-01',25.39
'2016-03-02',26.24
'2016-03-03',26.82
'2016-03-04',26.11
'2016-03-07',26.53
'2016-03-08',25.89
'2016-03-09',26.14
'2016-03-10',27.35
'2016-03-11',26.68
'2016-03-14',26.13
'2016-03-15',26.37
'2016-03-16',27.55
'2016-03-17',27.46
'2016-03-18',27.79
'2016-03-21',27.79
'2016-03-22',27.39
'2016-03-23',24.98
'2016-03-24',25.40
'2016-03-28',25.70
'2016-03-29',26.95
'2016-03-30',26.75
'2016-03-31',26.58
'2016-04-01',26.62
'2016-04-04',26.30
'2016-04-05',27.30
'2016-04-06',27.74
'2016-04-07',27.96
'2016-04-08',29.10
'2016-04-11',31.11
'2016-04-12',30.63
'2016-04-13',29.48
'2016-04-14',28.68
'2016-04-15',29.37
'2016-04-18',29.46
'2016-04-19',30.91
'2016-04-20',30.45
'2016-04-21',32.19
'2016-04-22',31.23
'2016-04-25',31.11
'2016-04-26',31.97
'2016-04-27',32.10
'2016-04-28',32.99
'2016-04-29',34.97
'2016-05-02',34.34
'2016-05-03',33.83
'2016-05-04',32.35
'2016-05-05',32.86
'2016-05-06',34.13
'2016-05-09',31.83
'2016-05-10',33.03
'2016-05-11',33.88
'2016-05-12',33.21
'2016-05-13',34.07
'2016-05-16',35.42
'2016-05-17',35.55
'2016-05-18',33.52
'2016-05-19',34.14
'2016-05-20',33.73
'2016-05-23',33.83
'2016-05-24',31.74
'2016-05-25',32.38
'2016-05-26',32.45
'2016-05-27',31.96
'2016-05-31',32.41
'2016-06-01',32.66
'2016-06-02',32.35
'2016-06-03',35.40
'2016-06-06',35.43
'2016-06-07',34.95
'2016-06-08',35.38
'2016-06-09',35.90
'2016-06-10',35.79
'2016-06-13',35.89
'2016-06-14',35.15
'2016-06-15',36.24
'2016-06-16',35.61
'2016-06-17',35.65
'2016-06-20',35.33
'2016-06-21',34.83
'2016-06-22',35.72
'2016-06-23',35.39
'2016-06-24',37.19
'2016-06-27',37.69
'2016-06-28',37.17
'2016-06-29',37.69
'2016-06-30',39.12
'2016-07-01',40.34
'2016-07-05',40.38
'2016-07-06',41.42
'2016-07-07',40.96
'2016-07-08',41.14
'2016-07-11',41.06
'2016-07-12',39.96
'2016-07-13',40.88
'2016-07-14',41.62
'2016-07-15',41.33
'2016-07-18',41.63
'2016-07-19',41.39
'2016-07-20',39.29
'2016-07-21',40.52
'2016-07-22',41.27
'2016-07-25',40.13
'2016-07-26',41.13
'2016-07-27',42.32
'2016-07-28',42.67
'2016-07-29',44.00
'2016-08-01',44.16
'2016-08-02',45.86
'2016-08-03',45.02
'2016-08-04',44.91
'2016-08-05',44.43
'2016-08-08',44.65
'2016-08-09',45.00
'2016-08-10',45.57
'2016-08-11',45.43
'2016-08-12',45.17
'2016-08-15',44.92
'2016-08-16',44.29
'2016-08-17',44.00
'2016-08-18',44.43
'2016-08-19',44.17
'2016-08-22',43.32
'2016-08-23',43.15
'2016-08-24',39.85
'2016-08-25',40.16
'2016-08-26',39.93
'2016-08-29',40.91
'2016-08-30',38.60
'2016-08-31',38.24
'2016-09-01',39.43
'2016-09-02',40.52
'2016-09-06',42.00
'2016-09-07',42.09
'2016-09-08',41.59
'2016-09-09',39.30
'2016-09-12',40.36
'2016-09-13',39.02
'2016-09-14',38.60
'2016-09-15',39.20
'2016-09-16',38.26
'2016-09-19',38.43
'2016-09-20',38.15
'2016-09-21',41.03
'2016-09-22',40.77
'2016-09-23',39.56
'2016-09-26',39.26
'2016-09-27',38.48
'2016-09-28',39.21
'2016-09-29',39.05
'2016-09-30',39.29
'2016-10-03',38.10
'2016-10-04',34.25
'2016-10-05',34.59
'2016-10-06',34.05
'2016-10-07',33.97
'2016-10-10',34.06
'2016-10-11',33.85
'2016-10-12',34.52
'2016-10-13',34.81
'2016-10-14',34.23
'2016-10-17',35.03
'2016-10-18',36.17
'2016-10-19',36.98
'2016-10-20',37.01
'2016-10-21',36.35
'2016-10-24',35.84
'2016-10-25',36.59
'2016-10-26',36.18
'2016-10-27',34.79
'2016-10-28',35.38
'2016-10-31',37.04
'2016-11-01',37.95
'2016-11-02',37.18
'2016-11-03',37.75
'2016-11-04',37.80
'2016-11-07',36.49
'2016-11-08',36.06
'2016-11-09',37.04
'2016-11-10',34.68
'2016-11-11',31.59
'2016-11-14',32.60
'2016-11-15',33.91
'2016-11-16',33.76
'2016-11-17',32.70
'2016-11-18',32.69
'2016-11-21',33.07
'2016-11-22',33.20
'2016-11-23',31.50
'2016-11-25',31.92
'2016-11-28',33.45
'2016-11-29',33.55
'2016-11-30',32.44
'2016-12-01',32.27
'2016-12-02',33.58
'2016-12-05',33.48
'2016-12-06',33.02
'2016-12-07',33.62
'2016-12-08',33.87
'2016-12-09',32.79
'2016-12-12',32.60
'2016-12-13',33.87
'2016-12-14',31.68
'2016-12-15',30.91
'2016-12-16',31.66
'2016-12-19',31.78
'2016-12-20',31.66
'2016-12-21',31.55
'2016-12-22',31.44
'2016-12-23',32.46
'2016-12-27',32.59
'2016-12-28',32.78
'2016-12-29',35.27
'2016-12-30',34.07
'2017-01-03',34.63
'2017-01-04',34.96
'2017-01-05',36.57
'2017-01-06',35.42
'2017-01-09',35.36
'2017-01-10',35.08
'2017-01-11',34.37
'2017-01-12',34.47
'2017-01-13',34.53
'2017-01-17',35.14
'2017-01-18',35.26
'2017-01-19',34.93
'2017-01-20',35.04
'2017-01-23',35.88
'2017-01-24',36.04
'2017-01-25',34.95
'2017-01-26',34.19
'2017-01-27',34.38
'2017-01-30',34.97
'2017-01-31',36.28
'2017-02-01',35.87
'2017-02-02',36.68
'2017-02-03',36.76
'2017-02-06',37.94
'2017-02-07',37.32
'2017-02-08',37.85
'2017-02-09',37.20
'2017-02-10',37.65
'2017-02-13',37.38
'2017-02-14',37.09
'2017-02-15',37.03
'2017-02-16',37.57
'2017-02-17',37.01
'2017-02-21',37.44
'2017-02-22',36.00
'2017-02-23',35.86
'2017-02-24',36.08
'2017-02-27',33.97
'2017-02-28',34.24
'2017-03-01',34.42
'2017-03-02',33.60
'2017-03-03',34.07
'2017-03-06',33.01
'2017-03-07',32.98
'2017-03-08',32.89
'2017-03-09',32.60
'2017-03-10',32.94
'2017-03-13',33.02
'2017-03-14',32.40
'2017-03-15',34.10
'2017-03-16',32.81
'2017-03-17',32.84
'2017-03-20',33.56
'2017-03-21',34.03
'2017-03-22',33.84
'2017-03-23',33.62
'2017-03-24',33.48
'2017-03-27',33.91
'2017-03-28',33.00
'2017-03-29',33.19
'2017-03-30',32.93
'2017-03-31',32.96
'2017-04-03',33.89
'2017-04-04',34.19
'2017-04-05',34.31
'2017-04-06',34.17
'2017-04-07',34.31
'2017-04-10',34.61
'2017-04-11',35.13
'2017-04-12',35.08
'2017-04-13',34.50
'2017-04-17',34.59
'2017-04-18',34.32
'2017-04-19',33.52
'2017-04-20',33.67
'2017-04-21',34.13
'2017-04-24',33.71
'2017-04-25',32.81
'2017-04-26',32.98
'2017-04-27',32.91
'2017-04-28',33.81
'2017-05-01',32.68
'2017-05-02',33.01
'2017-05-03',32.69
'2017-05-04',32.28
'2017-05-05',32.73
'2017-05-08',32.68
'2017-05-09',32.76
'2017-05-10',32.95
'2017-05-11',33.48
'2017-05-12',33.75
'2017-05-15',33.87
'2017-05-16',33.75
'2017-05-17',34.26
'2017-05-18',33.31
'2017-05-19',33.63
'2017-05-22',33.68
'2017-05-23',33.05
'2017-05-24',33.66
'2017-05-25',33.43
'2017-05-26',34.11
'2017-05-30',33.97
'2017-05-31',34.15
'2017-06-01',34.02
'2017-06-02',34.03
'2017-06-05',33.84
'2017-06-06',35.40
'2017-06-07',35.51
'2017-06-08',35.02
'2017-06-09',34.30
'2017-06-12',34.38
'2017-06-13',34.48
'2017-06-14',33.72
'2017-06-15',33.04
'2017-06-16',32.84