'2009-02-24',13.59
'2009-02-25',13.08
'2009-02-26',12.7
'2009-02-27',12.31
'2009-03-02',11.66
'2009-03-03',11.87
'2009-03-04',12.5
'2009-03-05',12.67
'2009-03-06',12.73
'2009-03-09',12.63
'2009-03-10',13.09
'2009-03-11',12.79
'2009-03-12',14.02
'2009-03-13',14.54
'2009-03-16',14.15
'2009-03-17',14.26
'2009-03-18',14.25
'2009-03-19',13.7
'2009-03-20',13.63
'2009-03-23',14.02
'2009-03-24',13.89
'2009-03-25',14.26
'2009-03-26',14.38
'2009-03-27',14.04
'2009-03-30',13.7
'2009-03-31',13.62
'2009-04-01',13.99
'2009-04-02',13.77
'2009-04-03',13.55
'2009-04-06',13.71
'2009-04-07',13.51
'2009-04-08',13.48
'2009-04-09',13.55
'2009-04-13',13.48
'2009-04-14',13.34
'2009-04-15',13.86
'2009-04-16',13.9
'2009-04-17',14.16
'2009-04-20',13.59
'2009-04-21',13.52
'2009-04-22',13.04
'2009-04-23',13.28
'2009-04-24',13.17
'2009-04-27',13.49
'2009-04-28',13.39
'2009-04-29',13.43
'2009-04-30',13.36
'2009-05-01',13.58
'2009-05-04',13.98
'2009-05-05',14.28
'2009-05-06',13.91
'2009-05-07',14.16
'2009-05-08',14.4
'2009-05-11',14.15
'2009-05-12',14.93
'2009-05-13',15.27
'2009-05-14',15.34
'2009-05-15',15.01
'2009-05-18',15.19
'2009-05-19',15.1
'2009-05-20',15.11
'2009-05-21',14.83
'2009-05-22',14.96
'2009-05-26',15.02
'2009-05-27',14.66
'2009-05-28',14.69
'2009-05-29',15.19
'2009-06-01',14.76
'2009-06-02',14.98
'2009-06-03',14.89
'2009-06-04',14.64
'2009-06-05',14.51
'2009-06-08',14.31
'2009-06-09',14.13
'2009-06-10',14.05
'2009-06-11',14.63
'2009-06-12',14.76
'2009-06-15',14.13
'2009-06-16',14.16
'2009-06-17',14.58
'2009-06-18',14.92
'2009-06-19',15.0
'2009-06-22',14.79
'2009-06-23',14.73
'2009-06-24',14.72
'2009-06-25',15.33
'2009-06-26',15.19
'2009-06-29',15.26
'2009-06-30',15.0
'2009-07-01',14.9
'2009-07-02',14.5
'2009-07-06',14.57
'2009-07-07',14.59
'2009-07-08',14.61
'2009-07-09',14.29
'2009-07-10',14.2
'2009-07-13',14.76
'2009-07-14',14.9
'2009-07-15',15.02
'2009-07-16',15.07
'2009-07-17',14.96
'2009-07-20',15.26
'2009-07-21',15.7
'2009-07-22',15.87
'2009-07-23',16.15
'2009-07-24',16.48
'2009-07-27',16.62
'2009-07-28',16.03
'2009-07-29',15.75
'2009-07-30',15.94
'2009-07-31',15.93
'2009-08-03',16.04
'2009-08-04',15.91
'2009-08-05',15.87
'2009-08-06',15.79
'2009-08-07',15.96
'2009-08-10',15.91
'2009-08-11',15.83
'2009-08-12',15.86
'2009-08-13',15.8
'2009-08-14',15.77
'2009-08-17',15.88
'2009-08-18',15.98
'2009-08-19',16.37
'2009-08-20',16.23
'2009-08-21',16.64
'2009-08-24',16.73
'2009-08-25',16.8
'2009-08-26',16.77
'2009-08-27',16.86
'2009-08-28',16.81
'2009-08-31',16.7
'2009-09-01',16.38
'2009-09-02',16.28
'2009-09-03',16.08
'2009-09-04',16.39
'2009-09-08',16.21
'2009-09-09',16.17
'2009-09-10',16.34
'2009-09-11',16.25
'2009-09-14',16.36
'2009-09-15',16.21
'2009-09-16',16.42
'2009-09-17',16.32
'2009-09-18',16.51
'2009-09-21',16.64
'2009-09-22',16.80
'2009-09-23',16.43
'2009-09-24',16.44
'2009-09-25',16.40
'2009-09-28',16.57
'2009-09-29',16.77
'2009-09-30',16.55
'2009-10-01',16.31
'2009-10-02',16.15
'2009-10-05',16.40
'2009-10-06',16.78
'2009-10-07',16.69
'2009-10-08',16.70
'2009-10-09',16.92
'2009-10-12',17.10
'2009-10-13',16.78
'2009-10-14',17.37
'2009-10-15',17.66
'2009-10-16',17.77
'2009-10-19',17.98
'2009-10-20',17.93
'2009-10-21',17.41
'2009-10-22',17.56
'2009-10-23',17.25
'2009-10-26',17.12
'2009-10-27',17.26
'2009-10-28',17.21
'2009-10-29',17.55
'2009-10-30',17.03
'2009-11-02',16.95
'2009-11-03',16.73
'2009-11-04',16.93
'2009-11-05',17.02
'2009-11-06',16.96
'2009-11-09',17.43
'2009-11-10',17.56
'2009-11-11',17.62
'2009-11-12',17.62
'2009-11-13',17.59
'2009-11-16',17.94
'2009-11-17',17.94
'2009-11-18',18.19
'2009-11-19',18.11
'2009-11-20',18.36
'2009-11-23',18.53
'2009-11-24',18.31
'2009-11-25',18.59
'2009-11-27',18.25
'2009-11-30',18.17
'2009-12-01',18.85
'2009-12-02',18.74
'2009-12-03',18.64
'2009-12-04',18.49
'2009-12-07',18.06
'2009-12-08',17.76
'2009-12-09',18.24
'2009-12-10',18.32
'2009-12-11',18.30
'2009-12-14',18.40
'2009-12-15',18.29
'2009-12-16',18.41
'2009-12-17',18.22
'2009-12-18',18.30
'2009-12-21',18.61
'2009-12-22',18.61
'2009-12-23',18.58
'2009-12-24',18.60
'2009-12-28',18.63
'2009-12-29',18.56
'2009-12-30',18.50
'2009-12-31',18.19
'2010-01-04',18.93
'2010-01-05',18.66
'2010-01-06',18.60
'2010-01-07',18.53
'2010-01-08',18.68
'2010-01-11',18.83
'2010-01-12',18.77
'2010-01-13',19.21
'2010-01-14',19.38
'2010-01-15',19.49
'2010-01-19',20.00
'2010-01-20',19.94
'2010-01-21',19.24
'2010-01-22',18.96
'2010-01-25',18.85
'2010-01-26',18.78
'2010-01-27',19.00
'2010-01-28',18.63
'2010-01-29',18.66
'2010-02-01',18.79
'2010-02-02',19.06
'2010-02-03',18.62
'2010-02-04',18.03
'2010-02-05',17.96
'2010-02-08',17.84
'2010-02-09',17.88
'2010-02-10',17.74
'2010-02-11',17.87
'2010-02-12',17.80
'2010-02-16',17.72
'2010-02-17',17.67
'2010-02-18',17.73
'2010-02-19',17.99
'2010-02-22',17.95
'2010-02-23',17.67
'2010-02-24',17.81
'2010-02-25',17.69
'2010-02-26',17.55
'2010-03-01',17.75
'2010-03-02',17.60
'2010-03-03',17.32
'2010-03-04',17.33
'2010-03-05',17.48
'2010-03-08',17.35
'2010-03-09',17.23
'2010-03-10',17.15
'2010-03-11',17.29
'2010-03-12',17.08
'2010-03-15',17.26
'2010-03-16',17.26
'2010-03-17',17.21
'2010-03-18',17.23
'2010-03-19',16.91
'2010-03-22',17.15
'2010-03-23',17.54
'2010-03-24',17.61
'2010-03-25',17.39
'2010-03-26',17.14
'2010-03-29',17.28
'2010-03-30',17.26
'2010-03-31',17.15
'2010-04-01',17.08
'2010-04-05',16.90
'2010-04-06',16.96
'2010-04-07',17.07
'2010-04-08',17.14
'2010-04-09',17.25
'2010-04-12',17.29
'2010-04-13',17.18
'2010-04-14',17.07
'2010-04-15',16.99
'2010-04-16',16.80
'2010-04-19',16.79
'2010-04-20',16.76
'2010-04-21',16.60
'2010-04-22',16.48
'2010-04-23',16.91
'2010-04-26',16.8200
'2010-04-27',16.4600
'2010-04-28',16.5300
'2010-04-29',16.8600
'2010-04-30',16.7200
'2010-05-03',16.9100
'2010-05-04',17.0800
'2010-05-05',17.1800
'2010-05-06',16.7400
'2010-05-07',16.4600
'2010-05-10',17.0000
'2010-05-11',17.0100
'2010-05-12',16.9000
'2010-05-13',16.5600
'2010-05-14',16.2000
'2010-05-17',16.1100
'2010-05-18',15.8100
'2010-05-19',15.8200
'2010-05-20',15.2300
'2010-05-21',15.4000
'2010-05-24',15.2200
'2010-05-25',15.0600
'2010-05-26',15.1100
'2010-05-27',15.3700
'2010-05-28',15.2300
'2010-06-01',14.9900
'2010-06-02',15.2000
'2010-06-03',15.2325
'2010-06-04',14.7550
'2010-06-07',14.5200
'2010-06-08',14.5500
'2010-06-09',14.5200
'2010-06-10',14.9100
'2010-06-11',15.4600
'2010-06-14',15.3300
'2010-06-15',15.5200
'2010-06-16',15.4800
'2010-06-17',15.4700
'2010-06-18',15.2100
'2010-06-21',15.1000
'2010-06-22',14.9700
'2010-06-23',14.8800
'2010-06-24',14.4600
'2010-06-25',14.6400
'2010-06-28',14.5400
'2010-06-29',14.2800
'2010-06-30',14.2600
'2010-07-01',14.2300
'2010-07-02',14.1400
'2010-07-06',14.2900
'2010-07-07',14.6200
'2010-07-08',14.8200
'2010-07-09',14.7700
'2010-07-12',14.9300
'2010-07-13',14.7900
'2010-07-14',14.8400
'2010-07-15',14.8700
'2010-07-16',14.5600
'2010-07-19',14.7300
'2010-07-20',14.5500
'2010-07-21',14.5000
'2010-07-22',14.8100
'2010-07-23',14.5800
'2010-07-26',15.0200
'2010-07-27',15.2700
'2010-07-28',15.0000
'2010-07-29',15.0900
'2010-07-30',15.0000
'2010-08-02',15.4800
'2010-08-03',16.3400
'2010-08-04',16.4400
'2010-08-05',16.1900
'2010-08-06',16.2400
'2010-08-09',16.4200
'2010-08-10',16.5700
'2010-08-11',16.0000
'2010-08-12',16.2000
'2010-08-13',16.0800
'2010-08-16',16.0300
'2010-08-17',16.2700
'2010-08-18',16.1000
'2010-08-19',16.0300
'2010-08-20',15.9200
'2010-08-23',16.1000
'2010-08-24',15.8200
'2010-08-25',15.9900
'2010-08-26',15.9000
'2010-08-27',16.0900
'2010-08-30',15.8600
'2010-08-31',15.9100
'2010-09-01',16.2800
'2010-09-02',16.4000
'2010-09-03',16.4600
'2010-09-07',16.3300
'2010-09-08',16.5600
'2010-09-09',16.7700
'2010-09-10',16.9900
'2010-09-13',16.9700
'2010-09-14',17.0800
'2010-09-15',17.2725
'2010-09-16',17.1650
'2010-09-17',17.0625
'2010-09-20',17.2750
'2010-09-21',17.1410
'2010-09-22',17.2200
'2010-09-23',17.0400
'2010-09-24',17.4000
'2010-09-27',17.1700
'2010-09-28',17.4250
'2010-09-29',17.4000
'2010-09-30',17.1700
'2010-10-01',17.1800
'2010-10-04',16.9000
'2010-10-05',17.2310
'2010-10-06',17.2600
'2010-10-07',17.3800
'2010-10-08',17.4600
'2010-10-11',17.3800
'2010-10-12',17.4790
'2010-10-13',17.7300
'2010-10-14',17.6600
'2010-10-15',17.7500
'2010-10-18',17.8000
'2010-10-19',17.3900
'2010-10-20',17.6600
'2010-10-21',17.6300
'2010-10-22',17.5000
'2010-10-25',17.6200
'2010-10-26',17.4900
'2010-10-27',17.2800
'2010-10-28',17.5700
'2010-10-29',17.4150
'2010-11-01',17.6200
'2010-11-02',17.4500
'2010-11-03',17.5900
'2010-11-04',17.3800
'2010-11-05',17.1800
'2010-11-08',17.0510
'2010-11-09',16.9900
'2010-11-10',16.8290
'2010-11-11',16.9800
'2010-11-12',16.8500
'2010-11-15',16.7500
'2010-11-16',16.6000
'2010-11-17',16.4800
'2010-11-18',16.8300
'2010-11-19',16.7975
'2010-11-22',16.6300
'2010-11-23',16.5700
'2010-11-24',16.6915
'2010-11-26',16.4900
'2010-11-29',16.5600
'2010-11-30',16.3000
'2010-12-01',16.7015
'2010-12-02',16.6900
'2010-12-03',16.7200
'2010-12-06',16.8100
'2010-12-07',16.7700
'2010-12-08',16.7200
'2010-12-09',16.7585
'2010-12-10',17.0200
'2010-12-13',17.1900
'2010-12-14',17.1100
'2010-12-15',17.0800
'2010-12-16',17.2200
'2010-12-17',17.0300
'2010-12-20',17.1700
'2010-12-21',17.3800
'2010-12-22',17.5600
'2010-12-23',17.6100
'2010-12-27',17.4900
'2010-12-28',17.5900
'2010-12-29',17.6000
'2010-12-30',17.4900
'2010-12-31',17.5100
'2011-01-03',17.6800
'2011-01-04',17.9885
'2011-01-05',18.1100
'2011-01-06',18.1800
'2011-01-07',18.3400
'2011-01-10',18.2600
'2011-01-11',18.2200
'2011-01-12',18.3700
'2011-01-13',18.2200
'2011-01-14',18.3400
'2011-01-18',18.3800
'2011-01-19',18.3200
'2011-01-20',18.2400
'2011-01-21',18.3590
'2011-01-24',18.4500
'2011-01-25',18.4700
'2011-01-26',18.3600
'2011-01-27',18.4800
'2011-01-28',18.1500
'2011-01-31',18.2200
'2011-02-01',19.2200
'2011-02-02',18.9600
'2011-02-03',19.1700
'2011-02-04',19.3000
'2011-02-07',19.0400
'2011-02-08',19.1600
'2011-02-09',19.0500
'2011-02-10',19.0300
'2011-02-11',18.8275
'2011-02-14',19.0500
'2011-02-15',19.0500
'2011-02-16',19.2800
'2011-02-17',19.3700
'2011-02-18',19.1900
'2011-02-22',18.8900
'2011-02-23',18.7600
'2011-02-24',18.9000
'2011-02-25',18.8600
'2011-02-28',19.2400
'2011-03-01',19.1400
'2011-03-02',19.1900
'2011-03-03',19.7700
'2011-03-04',19.6600
'2011-03-07',19.6100
'2011-03-08',19.6800
'2011-03-09',19.6600
'2011-03-10',19.3600
'2011-03-11',19.4700
'2011-03-14',19.8100
'2011-03-15',19.7600
'2011-03-16',19.3000
'2011-03-17',19.8800
'2011-03-18',20.1800
'2011-03-21',19.9750
'2011-03-22',19.9400
'2011-03-23',19.9200
'2011-03-24',20.3000
'2011-03-25',20.3500
'2011-03-28',20.2700
'2011-03-29',20.3800
'2011-03-30',20.3375
'2011-03-31',20.3100
'2011-04-01',20.3800
'2011-04-04',20.5400
'2011-04-05',20.4500
'2011-04-06',20.2900
'2011-04-07',20.3300
'2011-04-08',20.4600
'2011-04-11',20.6700
'2011-04-12',20.4600
'2011-04-13',20.4600
'2011-04-14',20.4905
'2011-04-15',20.5300
'2011-04-18',20.4000
'2011-04-19',20.5300
'2011-04-20',20.39
'2011-04-21',19.79
'2011-04-25',20.14
'2011-04-26',20.19
'2011-04-27',20.63
'2011-04-28',20.83
'2011-04-29',20.97
'2011-05-02',21.02
'2011-05-03',20.44
'2011-05-04',20.64
'2011-05-05',20.39
'2011-05-06',20.55
'2011-05-09',20.60
'2011-05-10',20.86
'2011-05-11',20.61
'2011-05-12',20.89
'2011-05-13',20.92
'2011-05-16',20.98
'2011-05-17',21.14
'2011-05-18',21.18
'2011-05-19',21.03
'2011-05-20',20.69
'2011-05-23',20.59
'2011-05-24',20.52
'2011-05-25',20.78
'2011-05-26',20.90
'2011-05-27',20.93
'2011-05-31',21.45
'2011-06-01',21.05
'2011-06-02',21.00
'2011-06-03',20.84
'2011-06-06',20.74
'2011-06-07',20.74
'2011-06-08',20.68
'2011-06-09',20.75
'2011-06-10',20.11
'2011-06-13',20.46
'2011-06-14',20.58
'2011-06-15',20.19
'2011-06-16',20.24
'2011-06-17',20.26
'2011-06-20',20.27
'2011-06-21',20.43
'2011-06-22',20.28
'2011-06-23',20.65
'2011-06-24',20.08
'2011-06-27',20.17
'2011-06-28',20.55
'2011-06-29',20.67
'2011-06-30',20.60
'2011-07-01',20.750
'2011-07-05',20.780
'2011-07-06',20.780
'2011-07-07',20.230
'2011-07-08',20.160
'2011-07-11',20.040
'2011-07-12',20.000
'2011-07-13',19.990
'2011-07-14',19.910
'2011-07-15',19.750
'2011-07-18',19.640
'2011-07-19',19.940
'2011-07-20',19.900
'2011-07-21',20.100
'2011-07-22',20.070
'2011-07-25',19.810
'2011-07-26',19.630
'2011-07-27',19.300
'2011-07-28',19.360
'2011-07-29',19.249
'2011-08-01',19.010
'2011-08-02',18.140
'2011-08-03',18.030
'2011-08-04',17.360
'2011-08-05',17.490
'2011-08-08',16.660
'2011-08-09',17.600
'2011-08-10',17.050
'2011-08-11',17.810
'2011-08-12',17.860
'2011-08-15',18.340
'2011-08-16',18.310
'2011-08-17',18.490
'2011-08-18',17.710
'2011-08-19',17.670
'2011-08-22',17.680
'2011-08-23',18.240
'2011-08-24',18.390
'2011-08-25',17.960
'2011-08-26',18.210
'2011-08-29',18.880
'2011-08-30',18.880
'2011-08-31',18.980
'2011-09-01',18.910
'2011-09-02',18.460
'2011-09-06',18.650
'2011-09-07',19.010
'2011-09-08',18.820
'2011-09-09',18.280
'2011-09-12',18.245
'2011-09-13',18.330
'2011-09-14',18.410
'2011-09-15',18.490
'2011-09-16',18.150
'2011-09-19',18.060
'2011-09-20',18.240
'2011-09-21',17.840
'2011-09-22',17.490
'2011-09-23',17.450
'2011-09-26',17.770
'2011-09-27',17.750
'2011-09-28',17.560
'2011-09-29',17.980
'2011-09-30',17.680
'2011-10-03',17.330
'2011-10-04',17.590
'2011-10-05',17.980
'2011-10-06',18.230
'2011-10-07',18.440
'2011-10-10',18.920
'2011-10-11',18.850
'2011-10-12',18.820
'2011-10-13',18.760
'2011-10-14',19.040
'2011-10-17',18.690
'2011-10-18',18.970
'2011-10-19',18.810
'2011-10-20',18.730
'2011-10-21',19.060
'2011-10-24',19.360
'2011-10-25',18.870
'2011-10-26',19.280
'2011-10-27',19.665
'2011-10-28',19.820
'2011-10-31',19.260
'2011-11-01',19.330
'2011-11-02',19.530
'2011-11-03',19.880
'2011-11-04',19.660
'2011-11-07',20.070
'2011-11-08',20.080
'2011-11-09',19.340
'2011-11-10',19.790
'2011-11-11',19.990
'2011-11-14',19.790
'2011-11-15',19.870
'2011-11-16',19.570
'2011-11-17',19.470
'2011-11-18',19.530
'2011-11-21',18.960
'2011-11-22',18.900
'2011-11-23',18.450
'2011-11-25',18.450
'2011-11-28',19.090
'2011-11-29',19.400
'2011-11-30',20.070
'2011-12-01',20.030
'2011-12-02',19.890
'2011-12-05',19.840
'2011-12-06',20.230
'2011-12-07',20.470
'2011-12-08',20.190
'2011-12-09',20.560
'2011-12-12',20.390
'2011-12-13',20.760
'2011-12-14',20.860
'2011-12-15',21.140
'2011-12-16',21.030
'2011-12-19',21.140
'2011-12-20',21.460
'2011-12-21',21.680
'2011-12-22',21.630
'2011-12-23',21.830
'2011-12-27',21.770
'2011-12-28',21.530
'2011-12-29',21.710
'2011-12-30',21.640
'2012-01-03',21.970
'2012-01-04',21.770
'2012-01-05',21.600
'2012-01-06',21.570
'2012-01-09',21.820
'2012-01-10',21.940
'2012-01-11',21.900
'2012-01-12',21.990
'2012-01-13',21.840
'2012-01-17',21.935
'2012-01-18',21.970
'2012-01-19',21.840
'2012-01-20',21.900
'2012-01-23',21.710
'2012-01-24',21.660
'2012-01-25',21.720
'2012-01-26',21.630
'2012-01-27',21.480
'2012-01-30',21.580
'2012-01-31',21.400
'2012-02-01',21.310
'2012-02-02',21.110
'2012-02-03',21.200
'2012-02-06',20.950
'2012-02-07',21.050
'2012-02-08',21.010
'2012-02-09',21.140
'2012-02-10',21.050
'2012-02-13',21.300
'2012-02-14',21.330
'2012-02-15',21.110
'2012-02-16',21.330
'2012-02-17',21.190
'2012-02-21',21.220
'2012-02-22',21.360
'2012-02-23',21.030
'2012-02-24',21.180
'2012-02-27',21.260
'2012-02-28',21.220
'2012-02-29',21.125
'2012-03-01',21.490
'2012-03-02',21.410
'2012-03-05',21.500
'2012-03-06',21.265
'2012-03-07',21.370
'2012-03-08',21.455
'2012-03-09',21.480
'2012-03-12',21.540
'2012-03-13',22.010
'2012-03-14',21.930
'2012-03-15',21.910
'2012-03-16',21.940
'2012-03-19',21.880
'2012-03-20',21.800
'2012-03-21',21.770
'2012-03-22',21.730
'2012-03-23',21.820
'2012-03-26',22.160
'2012-03-27',22.500
'2012-03-28',22.410
'2012-03-29',22.420
'2012-03-30',22.645
'2012-04-02',22.590
'2012-04-03',22.540
'2012-04-04',22.385
'2012-04-05',22.340
'2012-04-09',22.050
'2012-04-10',21.985
'2012-04-11',21.950
'2012-04-12',21.915
'2012-04-13',21.850
'2012-04-16',21.980
'2012-04-17',22.310
'2012-04-18',22.450
'2012-04-19',22.335
'2012-04-20',22.560
'2012-04-23',22.380
'2012-04-24',22.630
'2012-04-25',22.880
'2012-04-26',23.060
'2012-04-27',23.080
'2012-04-30',22.900
'2012-05-01',22.780
'2012-05-02',22.660
'2012-05-03',22.600
'2012-05-04',22.380
'2012-05-07',22.450
'2012-05-08',22.420
'2012-05-09',22.450
'2012-05-10',22.830
'2012-05-11',22.650
'2012-05-14',22.585
'2012-05-15',22.300
'2012-05-16',22.640
'2012-05-17',22.560
'2012-05-18',22.570
'2012-05-21',22.540
'2012-05-22',22.370
'2012-05-23',22.090
'2012-05-24',22.140
'2012-05-25',22.130
'2012-05-29',22.180
'2012-05-30',22.040
'2012-05-31',21.870
'2012-06-01',21.640
'2012-06-04',21.610
'2012-06-05',21.600
'2012-06-06',21.910
'2012-06-07',21.940
'2012-06-08',22.140
'2012-06-11',22.100
'2012-06-12',22.190
'2012-06-13',22.190
'2012-06-14',22.560
'2012-06-15',22.610
'2012-06-18',22.620
'2012-06-19',22.710
'2012-06-20',22.670
'2012-06-21',22.600
'2012-06-22',22.725
'2012-06-25',22.470
'2012-06-26',22.435
'2012-06-27',22.610
'2012-06-28',22.530
'2012-06-29',23.000
'2012-07-02',22.995
'2012-07-03',22.870
'2012-07-05',22.670
'2012-07-06',22.540
'2012-07-09',22.650
'2012-07-10',22.440
'2012-07-11',22.340
'2012-07-12',22.670
'2012-07-13',22.810
'2012-07-16',23.130
'2012-07-17',23.620
'2012-07-18',23.670
'2012-07-19',23.795
'2012-07-20',23.700
'2012-07-23',23.600
'2012-07-24',23.375
'2012-07-25',23.330
'2012-07-26',23.485
'2012-07-27',23.825
'2012-07-30',23.710
'2012-07-31',24.040
'2012-08-01',23.940
'2012-08-02',23.920
'2012-08-03',24.280
'2012-08-06',24.260
'2012-08-07',23.740
'2012-08-08',23.830
'2012-08-09',23.870
'2012-08-10',23.940
'2012-08-13',23.720
'2012-08-14',23.980
'2012-08-15',24.040
'2012-08-16',24.020
'2012-08-17',23.790
'2012-08-20',23.910
'2012-08-21',23.690
'2012-08-22',23.700
'2012-08-23',23.740
'2012-08-24',24.010
'2012-08-27',23.890
'2012-08-28',23.850
'2012-08-29',23.960
'2012-08-30',23.840
'2012-08-31',23.860
'2012-09-04',23.775
'2012-09-05',23.920
'2012-09-06',24.340
'2012-09-07',24.240
'2012-09-10',24.1000
'2012-09-11',24.1700
'2012-09-12',24.0700
'2012-09-13',24.2500
'2012-09-14',23.8000
'2012-09-17',24.0200
'2012-09-18',24.0100
'2012-09-19',24.1600
'2012-09-20',24.4100
'2012-09-21',24.5150
'2012-09-24',24.7500
'2012-09-25',24.8400
'2012-09-26',24.8300
'2012-09-27',24.9600
'2012-09-28',24.8500
'2012-10-01',25.0350
'2012-10-02',25.1200
'2012-10-03',25.3200
'2012-10-04',25.3500
'2012-10-05',25.5200
'2012-10-08',25.4000
'2012-10-09',25.3100
'2012-10-10',25.1600
'2012-10-11',25.1200
'2012-10-12',25.1200
'2012-10-15',25.5700
'2012-10-16',25.8000
'2012-10-17',25.8400
'2012-10-18',26.0350
'2012-10-19',25.7600
'2012-10-22',25.6000
'2012-10-23',25.1900
'2012-10-24',25.3100
'2012-10-25',25.6100
'2012-10-26',25.4300
'2012-10-31',24.8700
'2012-11-01',24.5500
'2012-11-02',24.5500
'2012-11-05',24.5800
'2012-11-06',24.7100
'2012-11-07',24.1700
'2012-11-08',24.1600
'2012-11-09',24.1700
'2012-11-12',24.1100
'2012-11-13',24.0500
'2012-11-14',23.8100
'2012-11-15',23.6602
'2012-11-16',23.8600
'2012-11-19',24.1400
'2012-11-20',24.2800
'2012-11-21',24.3500
'2012-11-23',24.5300
'2012-11-26',24.4850
'2012-11-27',24.2500
'2012-11-28',24.6700
'2012-11-29',24.8500
'2012-11-30',25.0200
'2012-12-03',25.0900
'2012-12-04',25.1650
'2012-12-05',25.6400
'2012-12-06',25.6100
'2012-12-07',25.5600
'2012-12-10',25.4100
'2012-12-11',25.6400
'2012-12-12',25.5100
'2012-12-13',25.3300
'2012-12-14',25.1800
'2012-12-17',25.3550
'2012-12-18',25.6400
'2012-12-19',25.3500
'2012-12-20',25.4300
'2012-12-21',25.0800
'2012-12-24',25.0800
'2012-12-26',25.2400
'2012-12-27',25.1400
'2012-12-28',24.8900
'2012-12-31',25.0793
'2013-01-02',25.9100
'2013-01-03',25.8500
'2013-01-04',25.9600
'2013-01-07',25.9800
'2013-01-08',26.0200
'2013-01-09',26.4700
'2013-01-10',26.7600
'2013-01-11',26.5200
'2013-01-14',26.7400
'2013-01-15',26.6200
'2013-01-16',26.6100
'2013-01-17',26.8300
'2013-01-18',26.5400
'2013-01-22',26.6800
'2013-01-23',26.6500
'2013-01-24',26.8500
'2013-01-25',27.0000
'2013-01-28',26.8400
'2013-01-29',27.7000
'2013-01-30',27.5100
'2013-01-31',27.2800
'2013-02-01',27.6300
'2013-02-04',27.1700
'2013-02-05',27.51
'2013-02-06',27.32
'2013-02-07',26.96
'2013-02-08',26.88
'2013-02-11',27.14
'2013-02-12',26.99
'2013-02-13',27.00
'2013-02-14',27.06
'2013-02-15',27.29
'2013-02-19',27.71
'2013-02-20',27.57
'2013-02-21',27.41
'2013-02-22',27.38
'2013-02-25',26.84
'2013-02-26',27.03
'2013-02-27',27.41
'2013-02-28',27.37
'2013-03-01',27.39
'2013-03-04',27.69
'2013-03-05',28.07
'2013-03-06',28.12
'2013-03-07',28.27
'2013-03-08',28.19
'2013-03-11',28.25
'2013-03-12',27.94
'2013-03-13',28.02
'2013-03-14',28.11
'2013-03-15',28.02
'2013-03-18',28.04
'2013-03-19',27.99
'2013-03-20',28.29
'2013-03-21',28.11
'2013-03-22',28.38
'2013-03-25',28.16
'2013-03-26',28.60
'2013-03-27',28.64
'2013-03-28',28.86
'2013-04-01',28.84
'2013-04-02',29.23
'2013-04-03',29.03
'2013-04-04',29.16
'2013-04-05',29.10
'2013-04-08',29.16
'2013-04-09',29.11
'2013-04-10',29.92
'2013-04-11',30.64
'2013-04-12',30.67
'2013-04-15',30.45
'2013-04-16',30.94
'2013-04-17',30.87
'2013-04-18',30.590
'2013-04-19',31.060
'2013-04-22',30.930
'2013-04-23',31.080
'2013-04-24',30.600
'2013-04-25',30.260
'2013-04-26',30.090
'2013-04-29',30.430
'2013-04-30',29.070
'2013-05-01',28.900
'2013-05-02',29.270
'2013-05-03',28.960
'2013-05-06',28.720
'2013-05-07',29.030
'2013-05-08',28.730
'2013-05-09',28.600
'2013-05-10',28.720
'2013-05-13',29.370
'2013-05-14',29.400
'2013-05-15',29.560
'2013-05-16',29.250
'2013-05-17',28.960
'2013-05-20',28.700
'2013-05-21',28.780
'2013-05-22',29.300
'2013-05-23',29.110
'2013-05-24',29.040
'2013-05-28',29.010
'2013-05-29',28.280
'2013-05-30',28.250
'2013-05-31',27.230
'2013-06-03',27.750
'2013-06-04',27.660
'2013-06-05',27.480
'2013-06-06',28.110
'2013-06-07',28.260
'2013-06-10',28.370
'2013-06-11',28.420
'2013-06-12',28.430
'2013-06-13',29.080
'2013-06-14',29.090
'2013-06-17',29.160
'2013-06-18',29.400
'2013-06-19',29.100
'2013-06-20',28.635
'2013-06-21',28.460
'2013-06-24',27.710
'2013-06-25',27.990
'2013-06-26',28.100
'2013-06-27',28.180
'2013-06-28',28.010
'2013-07-01',27.780
'2013-07-02',27.700
'2013-07-03',27.650
'2013-07-05',27.970
'2013-07-08',28.130
'2013-07-09',28.350
'2013-07-10',28.440
'2013-07-11',28.770
'2013-07-12',28.810
'2013-07-15',28.790
'2013-07-16',28.680
'2013-07-17',28.680
'2013-07-18',28.490
'2013-07-19',29.090
'2013-07-22',29.350
'2013-07-23',29.420
'2013-07-24',29.280
'2013-07-25',29.190
'2013-07-26',29.370
'2013-07-29',29.540
'2013-07-30',29.670
'2013-07-31',29.230
'2013-08-01',29.110
'2013-08-02',29.370
'2013-08-05',29.190
'2013-08-06',29.340
'2013-08-07',29.260
'2013-08-08',29.130
'2013-08-09',29.210
'2013-08-12',29.190
'2013-08-13',29.270
'2013-08-14',29.030
'2013-08-15',28.800
'2013-08-16',28.370
'2013-08-19',28.460
'2013-08-20',28.530
'2013-08-21',28.240
'2013-08-22',28.160
'2013-08-23',28.340
'2013-08-26',28.020
'2013-08-27',27.995
'2013-08-28',28.210
'2013-08-29',28.100
'2013-08-30',28.210
'2013-09-03',28.010
'2013-09-04',28.370
'2013-09-05',28.270
'2013-09-06',28.280
'2013-09-09',28.300
'2013-09-10',28.450
'2013-09-11',28.670
'2013-09-12',28.310
'2013-09-13',28.510
'2013-09-16',28.710
'2013-09-17',28.640
'2013-09-18',29.040
'2013-09-19',28.840
'2013-09-20',28.970
'2013-09-23',28.800
'2013-09-24',28.710
'2013-09-25',28.490
'2013-09-26',28.520
'2013-09-27',28.880
'2013-09-30',28.725
'2013-10-01',28.890
'2013-10-02',29.010
'2013-10-03',28.770
'2013-10-04',29.000
'2013-10-07',28.620
'2013-10-08',28.240
'2013-10-09',28.290
'2013-10-10',28.770
'2013-10-11',28.720
'2013-10-14',29.350
'2013-10-15',29.160
'2013-10-16',29.800
'2013-10-17',30.260
'2013-10-18',30.510
'2013-10-21',30.400
'2013-10-22',30.680
'2013-10-23',30.600
'2013-10-24',30.610
'2013-10-25',30.610
'2013-10-28',30.740
'2013-10-29',31.250
'2013-10-30',30.930
'2013-10-31',30.685
'2013-11-01',31.170
'2013-11-04',31.260
'2013-11-05',31.240
'2013-11-06',30.970
'2013-11-07',30.910
'2013-11-08',31.320
'2013-11-11',31.240
'2013-11-12',31.380
'2013-11-13',31.870
'2013-11-14',32.000
'2013-11-15',32.200
'2013-11-18',32.010
'2013-11-19',31.66
'2013-11-20',31.92
'2013-11-21',31.97
'2013-11-22',32.12
'2013-11-25',32.14
'2013-11-26',31.89
'2013-11-27',31.88
'2013-11-29',31.73
'2013-12-02',31.83
'2013-12-03',31.22
'2013-12-04',31.27
'2013-12-05',31.25
'2013-12-06',31.54
'2013-12-09',31.58
'2013-12-10',31.34
'2013-12-11',30.65
'2013-12-12',30.25
'2013-12-13',30.25
'2013-12-16',30.25
'2013-12-17',30.14
'2013-12-18',30.77
'2013-12-19',30.71
'2013-12-20',30.25
'2013-12-23',30.35
'2013-12-24',30.29
'2013-12-26',30.55
'2013-12-27',30.64
'2013-12-30',30.69
'2013-12-31',30.63
'2014-01-02',30.46
'2014-01-03',30.52
'2014-01-06',30.55
'2014-01-07',30.74
'2014-01-08',30.95
'2014-01-09',30.93
'2014-01-10',30.69
'2014-01-13',30.54
'2014-01-14',31.00
'2014-01-15',31.18
'2014-01-16',31.17
'2014-01-17',31.09
'2014-01-21',31.23
'2014-01-22',31.27
'2014-01-23',31.01
'2014-01-24',30.09
'2014-01-27',29.66
'2014-01-28',30.42
'2014-01-29',30.11
'2014-01-30',30.82
'2014-01-31',30.40
'2014-02-03',30.60
'2014-02-04',31.44
'2014-02-05',30.65
'2014-02-06',30.84
'2014-02-07',31.22
'2014-02-10',31.47
'2014-02-11',31.88
'2014-02-12',31.61
'2014-02-13',31.70
'2014-02-14',31.94
'2014-02-18',31.88
'2014-02-19',31.48
'2014-02-20',31.55
'2014-02-21',31.46
'2014-02-24',31.99
'2014-02-25',31.89
'2014-02-26',31.99
'2014-02-27',32.23
'2014-02-28',32.11
'2014-03-03',31.98
'2014-03-04',32.69
'2014-03-05',32.75
'2014-03-06',32.46
'2014-03-07',32.43
'2014-03-10',32.39
'2014-03-11',32.42
'2014-03-12',31.98
'2014-03-13',31.12
'2014-03-14',31.23
'2014-03-17',31.42
'2014-03-18',31.93
'2014-03-19',31.71
'2014-03-20',31.91
'2014-03-21',32.18
'2014-03-24',31.49
'2014-03-25',31.82
'2014-03-26',32.18
'2014-03-27',32.10
'2014-03-28',31.88
'2014-03-31',32.12
'2014-04-01',31.95
'2014-04-02',32.29
'2014-04-03',32.40
'2014-04-04',32.16
'2014-04-07',31.20
'2014-04-08',30.87
'2014-04-09',31.23
'2014-04-10',30.61
'2014-04-11',29.86
'2014-04-14',29.87
'2014-04-15',29.89
'2014-04-16',30.09
'2014-04-17',30.25
'2014-04-21',30.86
'2014-04-22',31.00
'2014-04-23',30.92
'2014-04-24',30.71
'2014-04-25',30.75
'2014-04-28',32.04
'2014-04-29',31.76
'2014-04-30',31.28
'2014-05-01',31.15
'2014-05-02',30.75
'2014-05-05',29.96
'2014-05-06',29.43
'2014-05-07',29.02
'2014-05-08',29.17
'2014-05-09',29.03
'2014-05-12',29.13
'2014-05-13',29.20
'2014-05-14',29.10
'2014-05-15',29.06
'2014-05-16',29.12
'2014-05-19',29.28
'2014-05-20',29.25
'2014-05-21',29.57
'2014-05-22',29.66
'2014-05-23',29.49
'2014-05-27',29.61
'2014-05-28',29.61
'2014-05-29',29.60
'2014-05-30',29.63
'2014-06-02',29.71
'2014-06-03',29.59
'2014-06-04',29.64
'2014-06-05',29.76
'2014-06-06',29.42
'2014-06-09',29.35
'2014-06-10',29.50
'2014-06-11',29.43
'2014-06-12',29.45
'2014-06-13',29.53
'2014-06-16',29.61
'2014-06-17',29.48
'2014-06-18',29.71
'2014-06-19',29.59
'2014-06-20',29.78
'2014-06-23',29.45
'2014-06-24',29.30
'2014-06-25',29.80
'2014-06-26',29.59
'2014-06-27',29.67
'2014-06-30',29.68
'2014-07-01',30.08
'2014-07-02',30.37
'2014-07-03',30.53
'2014-07-07',30.49
'2014-07-08',30.15
'2014-07-09',30.05
'2014-07-10',30.00
'2014-07-11',30.07
'2014-07-14',30.24
'2014-07-15',30.41
'2014-07-16',30.96
'2014-07-17',30.73
'2014-07-18',30.73
'2014-07-21',30.35
'2014-07-22',30.49
'2014-07-23',30.39
'2014-07-24',30.34
'2014-07-25',30.19
'2014-07-28',30.10
'2014-07-29',29.73
'2014-07-30',29.26
'2014-07-31',28.70
'2014-08-01',28.86
'2014-08-04',28.75
'2014-08-05',28.41
'2014-08-06',28.28
'2014-08-07',28.04
'2014-08-08',28.34
'2014-08-11',28.25
'2014-08-12',28.08
'2014-08-13',28.21
'2014-08-14',28.73
'2014-08-15',28.64
'2014-08-18',28.84
'2014-08-19',28.94
'2014-08-20',28.89
'2014-08-21',28.82
'2014-08-22',28.92
'2014-08-25',28.91
'2014-08-26',29.40
'2014-08-27',29.49
'2014-08-28',29.38
'2014-08-29',29.39
'2014-09-02',29.26
'2014-09-03',29.40
'2014-09-04',29.37
'2014-09-05',29.65
'2014-09-08',29.40
'2014-09-09',29.23
'2014-09-10',29.44
'2014-09-11',29.63
'2014-09-12',29.43
'2014-09-15',29.92
'2014-09-16',30.05
'2014-09-17',30.35
'2014-09-18',30.58
'2014-09-19',30.40
'2014-09-22',30.18
'2014-09-23',30.05
'2014-09-24',30.31
'2014-09-25',29.98
'2014-09-26',29.72
'2014-09-29',29.77
'2014-09-30',29.57
'2014-10-01',29.15
'2014-10-02',29.06
'2014-10-03',29.22
'2014-10-06',29.17
'2014-10-07',28.79
'2014-10-08',29.38
'2014-10-09',28.99
'2014-10-10',29.13
'2014-10-13',28.47
'2014-10-14',28.46
'2014-10-15',28.19
'2014-10-16',27.70
'2014-10-17',27.83
'2014-10-20',27.93
'2014-10-21',28.28
'2014-10-22',28.30
'2014-10-23',28.60
'2014-10-24',29.11
'2014-10-27',29.03
'2014-10-28',29.09
'2014-10-29',29.49
'2014-10-30',29.84
'2014-10-31',29.95
'2014-11-03',30.19
'2014-11-04',30.28
'2014-11-05',30.04
'2014-11-06',30.04
'2014-11-07',29.92
'2014-11-10',30.20
'2014-11-11',30.32
'2014-11-12',30.42
'2014-11-13',30.42
'2014-11-14',30.34
'2014-11-17',30.32
'2014-11-18',30.59
'2014-11-19',30.44
'2014-11-20',30.44
'2014-11-21',30.45
'2014-11-24',30.22
'2014-11-25',30.47
'2014-11-26',31.10
'2014-11-28',31.15
'2014-12-01',31.26
'2014-12-02',31.57
'2014-12-03',31.75
'2014-12-04',31.67
'2014-12-05',31.99
'2014-12-08',31.97
'2014-12-09',31.95
'2014-12-10',31.86
'2014-12-11',31.65
'2014-12-12',30.95
'2014-12-15',30.86
'2014-12-16',30.67
'2014-12-17',31.12
'2014-12-18',31.97
'2014-12-19',31.94
'2014-12-22',32.09
'2014-12-23',31.45
'2014-12-24',31.42
'2014-12-26',31.65
'2014-12-29',31.39
'2014-12-30',31.38
'2014-12-31',31.15
'2015-01-02',31.33
'2015-01-05',31.16
'2015-01-06',31.42
'2015-01-07',31.85
'2015-01-08',32.50
'2015-01-09',32.65
'2015-01-12',32.77
'2015-01-13',32.44
'2015-01-14',32.48
'2015-01-15',32.40
'2015-01-16',32.80
'2015-01-20',33.10
'2015-01-21',32.64
'2015-01-22',32.81
'2015-01-23',32.45
'2015-01-26',32.80
'2015-01-27',32.60
'2015-01-28',31.95
'2015-01-29',31.83
'2015-01-30',31.25
'2015-02-02',31.65
'2015-02-03',32.02
'2015-02-04',32.07
'2015-02-05',32.99
'2015-02-06',33.17
'2015-02-09',33.07
'2015-02-10',34.15
'2015-02-11',34.25
'2015-02-12',34.87
'2015-02-13',34.64
'2015-02-17',34.58
'2015-02-18',34.48
'2015-02-19',34.41
'2015-02-20',34.56
'2015-02-23',34.39
'2015-02-24',34.34
'2015-02-25',34.66
'2015-02-26',34.59
'2015-02-27',34.32
'2015-03-02',34.77
'2015-03-03',34.56
'2015-03-04',34.64
'2015-03-05',34.47
'2015-03-06',33.97
'2015-03-09',34.03
'2015-03-10',33.78
'2015-03-11',33.63
'2015-03-12',34.00
'2015-03-13',34.00
'2015-03-16',34.44
'2015-03-17',34.17
'2015-03-18',34.38
'2015-03-19',34.15
'2015-03-20',34.25
'2015-03-23',35.05
'2015-03-24',34.52
'2015-03-25',34.30
'2015-03-26',34.16
'2015-03-27',34.53
'2015-03-30',35.00
'2015-03-31',34.79
'2015-04-01',34.33
'2015-04-02',34.38
'2015-04-06',34.48
'2015-04-07',34.54
'2015-04-08',34.64
'2015-04-09',35.03
'2015-04-10',35.44
'2015-04-13',35.09
'2015-04-14',35.03
'2015-04-15',35.21
'2015-04-16',35.19
'2015-04-17',35.04
'2015-04-20',35.01
'2015-04-21',34.89
'2015-04-22',34.93
'2015-04-23',35.36
'2015-04-24',35.27
'2015-04-27',34.59
'2015-04-28',34.48
'2015-04-29',34.29
'2015-04-30',33.93
'2015-05-01',34.08
'2015-05-04',34.32
'2015-05-05',34.12
'2015-05-06',33.46
'2015-05-07',33.58
'2015-05-08',34.02
'2015-05-11',33.96
'2015-05-12',33.78
'2015-05-13',33.53
'2015-05-14',33.94
'2015-05-15',33.99
'2015-05-18',33.98
'2015-05-19',34.21
'2015-05-20',34.30
'2015-05-21',34.36
'2015-05-22',34.28
'2015-05-26',34.11
'2015-05-27',34.30
'2015-05-28',34.44
'2015-05-29',34.75
'2015-06-01',34.56
'2015-06-02',34.49
'2015-06-03',34.41
'2015-06-04',34.24
'2015-06-05',34.09
'2015-06-08',33.98
'2015-06-09',34.01
'2015-06-10',34.31
'2015-06-11',34.46
'2015-06-12',34.21
'2015-06-15',34.04
'2015-06-16',34.04
'2015-06-17',33.98
'2015-06-18',34.37
'2015-06-19',34.18
'2015-06-22',34.31
'2015-06-23',34.50
'2015-06-24',34.23
'2015-06-25',34.02
'2015-06-26',33.92
'2015-06-29',33.59
'2015-06-30',33.53
'2015-07-01',33.69
'2015-07-02',33.37
'2015-07-06',33.25
'2015-07-07',33.73
'2015-07-08',33.45
'2015-07-09',33.86
'2015-07-10',34.36
'2015-07-13',34.82
'2015-07-14',35.08
'2015-07-15',34.98
'2015-07-16',35.10
'2015-07-17',35.07
'2015-07-20',35.24
'2015-07-21',35.14
'2015-07-22',34.88
'2015-07-23',34.78
'2015-07-24',34.26
'2015-07-27',34.34
'2015-07-28',35.35
'2015-07-29',35.76
'2015-07-30',35.73
'2015-07-31',36.06
'2015-08-03',36.15
'2015-08-04',36.11
'2015-08-05',35.82
'2015-08-06',35.17
'2015-08-07',35.19
'2015-08-10',35.36
'2015-08-11',35.12
'2015-08-12',35.37
'2015-08-13',35.36
'2015-08-14',35.32
'2015-08-17',35.50
'2015-08-18',35.52
'2015-08-19',35.27
'2015-08-20',34.55
'2015-08-21',33.54
'2015-08-24',32.13
'2015-08-25',31.34
'2015-08-26',32.43
'2015-08-27',33.26
'2015-08-28',32.66
'2015-08-31',32.22
'2015-09-01',31.36
'2015-09-02',31.97
'2015-09-03',31.89
'2015-09-04',31.37
'2015-09-08',32.53
'2015-09-09',31.96
'2015-09-10',32.62
'2015-09-11',32.97
'2015-09-14',32.71
'2015-09-15',33.17
'2015-09-16',33.18
'2015-09-17',33.48
'2015-09-18',32.85
'2015-09-21',32.42
'2015-09-22',32.26
'2015-09-23',32.62
'2015-09-24',32.70
'2015-09-25',31.89
'2015-09-28',30.82
'2015-09-29',31.02
'2015-09-30',31.41
'2015-10-01',31.84
'2015-10-02',33.08
'2015-10-05',33.48
'2015-10-06',32.79
'2015-10-07',33.29
'2015-10-08',33.09
'2015-10-09',33.24
'2015-10-12',33.22
'2015-10-13',32.98
'2015-10-14',33.04
'2015-10-15',34.08
'2015-10-16',34.41
'2015-10-19',34.50
'2015-10-20',34.00
'2015-10-21',33.46
'2015-10-22',33.33
'2015-10-23',34.05
'2015-10-26',34.16
'2015-10-27',34.99
'2015-10-28',35.45
'2015-10-29',34.77
'2015-10-30',33.82
'2015-11-02',35.06
'2015-11-03',34.97
'2015-11-04',34.14
'2015-11-05',34.15
'2015-11-06',33.93
'2015-11-09',33.65
'2015-11-10',33.79
'2015-11-11',33.74
'2015-11-12',33.39
'2015-11-13',33.27
'2015-11-16',33.16
'2015-11-17',32.87
'2015-11-18',33.31
'2015-11-19',32.29
'2015-11-20',32.18
'2015-11-23',31.33
'2015-11-24',31.97
'2015-11-25',32.87
'2015-11-27',32.79
'2015-11-30',32.77
'2015-12-01',33.62
'2015-12-02',32.90
'2015-12-03',32.39
'2015-12-04',32.80
'2015-12-07',32.66
'2015-12-08',32.53
'2015-12-09',32.29
'2015-12-10',32.36
'2015-12-11',32.06
'2015-12-14',32.18
'2015-12-15',32.26
'2015-12-16',32.58
'2015-12-17',32.33
'2015-12-18',31.99
'2015-12-21',32.46
'2015-12-22',32.52
'2015-12-23',32.56
'2015-12-24',32.62
'2015-12-28',32.42
'2015-12-29',32.83
'2015-12-30',32.75
'2015-12-31',32.28
'2016-01-04',31.95
'2016-01-05',32.18
'2016-01-06',31.61
'2016-01-07',31.40
'2016-01-08',31.00
'2016-01-11',31.07
'2016-01-12',31.00
'2016-01-13',30.37
'2016-01-14',31.11
'2016-01-15',30.81
'2016-01-19',30.69
'2016-01-20',30.66
'2016-01-21',30.58
'2016-01-22',30.71
'2016-01-25',30.50
'2016-01-26',30.67
'2016-01-27',30.52
'2016-01-28',30.20
'2016-01-29',30.49
'2016-02-01',30.17
'2016-02-02',30.14
'2016-02-03',29.67
'2016-02-04',29.00
'2016-02-05',29.03
'2016-02-08',28.56
'2016-02-09',29.10
'2016-02-10',29.49
'2016-02-11',29.13
'2016-02-12',29.36
'2016-02-16',29.81
'2016-02-17',29.63
'2016-02-18',29.55
'2016-02-19',29.49
'2016-02-22',30.05
'2016-02-23',29.96
'2016-02-24',30.02
'2016-02-25',30.59
'2016-02-26',30.23
'2016-02-29',29.67
'2016-03-01',30.04
'2016-03-02',29.98
'2016-03-03',29.89
'2016-03-04',29.71
'2016-03-07',29.79
'2016-03-08',29.36
'2016-03-09',29.74
'2016-03-10',29.59
'2016-03-11',30.50
'2016-03-14',30.10
'2016-03-15',29.54
'2016-03-16',29.04
'2016-03-17',29.34
'2016-03-18',29.45
'2016-03-21',30.07
'2016-03-22',30.38
'2016-03-23',30.19
'2016-03-24',30.08
'2016-03-28',29.78
'2016-03-29',30.05
'2016-03-30',30.07
'2016-03-31',29.64
'2016-04-01',30.04
'2016-04-04',30.72
'2016-04-05',31.36
'2016-04-06',32.93
'2016-04-07',32.76
'2016-04-08',32.50
'2016-04-11',31.89
'2016-04-12',31.96
'2016-04-13',32.54
'2016-04-14',32.65
'2016-04-15',32.50
'2016-04-18',32.61
'2016-04-19',32.89
'2016-04-20',33.23
'2016-04-21',33.24
'2016-04-22',33.27
'2016-04-25',33.21
'2016-04-26',33.05
'2016-04-27',33.00
'2016-04-28',32.91
'2016-04-29',32.71
'2016-05-02',32.80
'2016-05-03',33.70
'2016-05-04',33.40
'2016-05-05',33.57
'2016-05-06',33.58
'2016-05-09',33.82
'2016-05-10',33.80
'2016-05-11',33.16
'2016-05-12',33.19
'2016-05-13',33.19
'2016-05-16',33.38
'2016-05-17',33.03
'2016-05-18',33.17
'2016-05-19',33.38
'2016-05-20',33.74
'2016-05-23',33.67
'2016-05-24',34.10
'2016-05-25',34.35
'2016-05-26',34.43
'2016-05-27',34.61
'2016-05-31',34.70
'2016-06-01',34.75
'2016-06-02',34.87
'2016-06-03',34.69
'2016-06-06',34.93
'2016-06-07',34.84
'2016-06-08',35.25
'2016-06-09',35.31
'2016-06-10',35.29
'2016-06-13',34.74
'2016-06-14',34.99
'2016-06-15',34.79
'2016-06-16',34.75
'2016-06-17',34.22
'2016-06-20',34.50
'2016-06-21',34.75
'2016-06-22',34.47
'2016-06-23',34.59
'2016-06-24',33.97
'2016-06-27',33.80
'2016-06-28',34.44
'2016-06-29',35.01
'2016-06-30',35.21
'2016-07-01',35.57
'2016-07-05',35.81
'2016-07-06',35.86
'2016-07-07',35.77
'2016-07-08',36.12
'2016-07-11',36.15
'2016-07-12',36.24
'2016-07-13',36.31
'2016-07-14',36.92
'2016-07-15',36.77
'2016-07-18',36.64
'2016-07-19',36.64
'2016-07-20',36.68
'2016-07-21',36.71
'2016-07-22',36.74
'2016-07-25',36.78
'2016-07-26',36.83
'2016-07-27',36.85
'2016-07-28',36.67
'2016-07-29',36.89
'2016-08-01',37.31
'2016-08-02',36.39
'2016-08-03',35.29
'2016-08-04',35.15
'2016-08-05',35.44
'2016-08-08',34.93
'2016-08-09',35.08
'2016-08-10',35.13
'2016-08-11',35.15
'2016-08-12',34.98
'2016-08-15',35.11
'2016-08-16',34.79
'2016-08-17',35.14
'2016-08-18',35.19
'2016-08-19',34.98
'2016-08-22',34.84
'2016-08-23',35.09
'2016-08-24',34.82
'2016-08-25',34.77
'2016-08-26',34.82
'2016-08-29',35.11
'2016-08-30',34.88
'2016-08-31',34.80
'2016-09-01',34.68
'2016-09-02',34.77
'2016-09-06',34.77
'2016-09-07',34.84
'2016-09-08',34.72
'2016-09-09',34.10
'2016-09-12',34.65
'2016-09-13',34.04
'2016-09-14',33.94
'2016-09-15',34.14
'2016-09-16',33.94
'2016-09-19',33.65
'2016-09-20',33.81
'2016-09-21',34.28
'2016-09-22',34.15
'2016-09-23',34.26
'2016-09-26',33.64
'2016-09-27',33.83
'2016-09-28',33.99
'2016-09-29',33.32
'2016-09-30',33.87
'2016-10-03',33.68
'2016-10-04',33.72
'2016-10-05',33.90
'2016-10-06',33.65
'2016-10-07',33.56
'2016-10-10',33.61
'2016-10-11',33.13
'2016-10-12',33.07
'2016-10-13',32.76
'2016-10-14',32.66
'2016-10-17',32.50
'2016-10-18',32.69
'2016-10-19',32.60
'2016-10-20',32.54
'2016-10-21',32.18
'2016-10-24',32.13
'2016-10-25',32.28
'2016-10-26',32.40
'2016-10-27',32.48
'2016-10-28',31.93
'2016-10-31',31.71
'2016-11-01',31.07
'2016-11-02',30.63
'2016-11-03',29.89
'2016-11-04',30.00
'2016-11-07',30.38
'2016-11-08',30.00
'2016-11-09',32.12
'2016-11-10',33.49
'2016-11-11',32.59
'2016-11-14',32.38
'2016-11-15',32.23
'2016-11-16',31.96
'2016-11-17',31.73
'2016-11-18',31.48
'2016-11-21',31.57
'2016-11-22',31.33
'2016-11-23',31.42
'2016-11-25',31.69
'2016-11-28',31.54
'2016-11-29',31.92
'2016-11-30',32.14
'2016-12-01',31.46
'2016-12-02',31.63
'2016-12-05',31.59
'2016-12-06',31.56
'2016-12-07',31.19
'2016-12-08',30.94
'2016-12-09',31.70
'2016-12-12',32.40
'2016-12-13',32.83
'2016-12-14',32.82
'2016-12-15',32.75
'2016-12-16',32.84
'2016-12-19',32.83
'2016-12-20',32.85
'2016-12-21',32.40
'2016-12-22',32.34
'2016-12-23',32.48
'2016-12-27',32.53
'2016-12-28',32.35
'2016-12-29',32.49
'2016-12-30',32.48
'2017-01-03',33.00
'2017-01-04',33.29
'2017-01-05',33.61
'2017-01-06',33.48
'2017-01-09',33.47
'2017-01-10',33.44
'2017-01-11',32.83
'2017-01-12',32.60
'2017-01-13',32.52
'2017-01-17',32.06
'2017-01-18',32.03
'2017-01-19',31.70
'2017-01-20',31.77
'2017-01-23',31.46
'2017-01-24',31.15
'2017-01-25',31.29
'2017-01-26',31.28
'2017-01-27',31.42
'2017-01-30',31.31
'2017-01-31',31.73
'2017-02-01',31.67
'2017-02-02',31.73
'2017-02-03',32.09
'2017-02-06',32.23
'2017-02-07',32.08
'2017-02-08',32.14
'2017-02-09',32.38
'2017-02-10',32.35
'2017-02-13',32.61
'2017-02-14',32.75
'2017-02-15',33.51
'2017-02-16',33.62
'2017-02-17',33.62
'2017-02-21',33.62
'2017-02-22',33.59
'2017-02-23',34.06
'2017-02-24',34.26
'2017-02-27',34.28
'2017-02-28',34.12
'2017-03-01',34.42
'2017-03-02',34.51
'2017-03-03',34.52
'2017-03-06',34.35
'2017-03-07',33.99
'2017-03-08',33.91
'2017-03-09',34.05
'2017-03-10',34.11
'2017-03-13',34.11
'2017-03-14',34.22
'2017-03-15',34.63
'2017-03-16',34.43
'2017-03-17',34.32
'2017-03-20',34.38
'2017-03-21',34.25
'2017-03-22',34.47
'2017-03-23',34.29
'2017-03-24',34.00
'2017-03-27',34.18
'2017-03-28',34.16
'2017-03-29',34.33
'2017-03-30',34.35
'2017-03-31',34.21
'2017-04-03',34.24
'2017-04-04',34.34
'2017-04-05',34.19
'2017-04-06',34.11
'2017-04-07',34.10
'2017-04-10',34.04
'2017-04-11',33.93
'2017-04-12',33.92
'2017-04-13',33.88
'2017-04-17',34.00
'2017-04-18',33.84
'2017-04-19',33.61
'2017-04-20',33.74
'2017-04-21',33.64
'2017-04-24',33.74
'2017-04-25',33.76
'2017-04-26',33.85
'2017-04-27',33.86
'2017-04-28',33.92
'2017-05-01',33.78
'2017-05-02',33.61
'2017-05-03',33.47
'2017-05-04',33.45
'2017-05-05',33.48
'2017-05-08',33.45
'2017-05-09',33.38
'2017-05-10',33.03
'2017-05-11',33.04
'2017-05-12',33.01
'2017-05-15',33.12
'2017-05-16',32.60
'2017-05-17',32.23
'2017-05-18',32.22
'2017-05-19',32.46
'2017-05-22',32.12
'2017-05-23',32.14
'2017-05-24',32.05
'2017-05-25',32.16
'2017-05-26',32.14
'2017-05-30',32.13
'2017-05-31',32.65
'2017-06-01',32.71
'2017-06-02',32.54
'2017-06-05',32.35
'2017-06-06',32.07
'2017-06-07',32.00
'2017-06-08',31.75
'2017-06-09',32.77
'2017-06-12',32.70
'2017-06-13',32.58
'2017-06-14',32.69
'2017-06-15',32.81
'2017-06-16',32.97