'2009-02-24',9.53
'2009-02-25',9.42
'2009-02-26',9.02
'2009-02-27',9.15
'2009-03-02',8.77
'2009-03-03',8.58
'2009-03-04',8.83
'2009-03-05',8.56
'2009-03-06',8.36
'2009-03-09',8.27
'2009-03-10',9.13
'2009-03-11',9.22
'2009-03-12',10.07
'2009-03-13',10.56
'2009-03-16',10.78
'2009-03-17',11.14
'2009-03-18',11.5
'2009-03-19',11.59
'2009-03-20',11.16
'2009-03-23',12.06
'2009-03-24',11.29
'2009-03-25',11.16
'2009-03-26',12.39
'2009-03-27',11.77
'2009-03-30',11.26
'2009-03-31',11.11
'2009-04-01',11.17
'2009-04-02',11.82
'2009-04-03',11.69
'2009-04-06',11.42
'2009-04-07',11.19
'2009-04-08',11.49
'2009-04-09',12.0
'2009-04-13',12.01
'2009-04-14',11.87
'2009-04-15',11.66
'2009-04-16',11.61
'2009-04-17',12.06
'2009-04-20',11.37
'2009-04-21',11.81
'2009-04-22',12.57
'2009-04-23',13.36
'2009-04-24',13.51
'2009-04-27',13.2
'2009-04-28',13.5
'2009-04-29',13.69
'2009-04-30',14.46
'2009-05-01',13.8
'2009-05-04',14.24
'2009-05-05',14.22
'2009-05-06',14.02
'2009-05-07',14.01
'2009-05-08',13.66
'2009-05-11',13.45
'2009-05-12',13.18
'2009-05-13',12.75
'2009-05-14',12.73
'2009-05-15',12.94
'2009-05-18',13.39
'2009-05-19',13.42
'2009-05-20',13.55
'2009-05-21',13.43
'2009-05-22',13.0
'2009-05-26',13.5
'2009-05-27',13.4
'2009-05-28',13.71
'2009-05-29',14.39
'2009-06-01',14.92
'2009-06-02',14.82
'2009-06-03',15.3
'2009-06-04',15.17
'2009-06-05',15.09
'2009-06-08',14.97
'2009-06-09',15.2
'2009-06-10',14.9
'2009-06-11',14.26
'2009-06-12',14.55
'2009-06-15',14.12
'2009-06-16',14.0
'2009-06-17',14.3
'2009-06-18',14.11
'2009-06-19',14.24
'2009-06-22',13.71
'2009-06-23',14.16
'2009-06-24',14.21
'2009-06-25',14.84
'2009-06-26',14.53
'2009-06-29',14.64
'2009-06-30',13.89
'2009-07-01',14.0
'2009-07-02',13.39
'2009-07-06',13.4
'2009-07-07',12.97
'2009-07-08',13.04
'2009-07-09',13.64
'2009-07-10',13.45
'2009-07-13',14.05
'2009-07-14',14.11
'2009-07-15',14.42
'2009-07-16',14.41
'2009-07-17',14.44
'2009-07-20',14.92
'2009-07-21',14.69
'2009-07-22',17.39
'2009-07-23',17.26
'2009-07-24',17.22
'2009-07-27',17.3
'2009-07-28',17.36
'2009-07-29',17.16
'2009-07-30',17.63
'2009-07-31',17.7
'2009-08-03',18.27
'2009-08-04',18.7
'2009-08-05',18.5
'2009-08-06',18.3
'2009-08-07',19.03
'2009-08-10',19.2
'2009-08-11',18.86
'2009-08-12',19.23
'2009-08-13',19.64
'2009-08-14',19.12
'2009-08-17',18.62
'2009-08-18',19.01
'2009-08-19',19.12
'2009-08-20',19.22
'2009-08-21',19.71
'2009-08-24',19.24
'2009-08-25',19.5
'2009-08-26',19.35
'2009-08-27',19.44
'2009-08-28',19.33
'2009-08-31',18.99
'2009-09-01',18.56
'2009-09-02',18.56
'2009-09-03',18.69
'2009-09-04',19.02
'2009-09-08',19.20
'2009-09-09',20.09
'2009-09-10',19.97
'2009-09-11',19.89
'2009-09-14',20.08
'2009-09-15',19.79
'2009-09-16',19.85
'2009-09-17',20.08
'2009-09-18',20.76
'2009-09-21',20.67
'2009-09-22',20.47
'2009-09-23',19.69
'2009-09-24',19.17
'2009-09-25',19.83
'2009-09-28',20.62
'2009-09-29',20.38
'2009-09-30',20.65
'2009-10-01',19.97
'2009-10-02',19.74
'2009-10-05',20.06
'2009-10-06',20.53
'2009-10-07',20.40
'2009-10-08',20.47
'2009-10-09',20.24
'2009-10-12',20.36
'2009-10-13',20.19
'2009-10-14',20.54
'2009-10-15',20.72
'2009-10-16',20.64
'2009-10-19',20.94
'2009-10-20',20.53
'2009-10-21',20.34
'2009-10-22',20.66
'2009-10-23',20.27
'2009-10-26',20.05
'2009-10-27',19.09
'2009-10-28',18.74
'2009-10-29',19.52
'2009-10-30',18.98
'2009-11-02',19.38
'2009-11-03',19.42
'2009-11-04',19.21
'2009-11-05',19.70
'2009-11-06',21.12
'2009-11-09',21.10
'2009-11-10',21.41
'2009-11-11',21.71
'2009-11-12',21.68
'2009-11-13',21.78
'2009-11-16',22.06
'2009-11-17',21.99
'2009-11-18',21.72
'2009-11-19',21.53
'2009-11-20',21.41
'2009-11-23',21.61
'2009-11-24',21.33
'2009-11-25',21.82
'2009-11-27',21.43
'2009-11-30',21.900
'2009-12-01',21.730
'2009-12-02',21.680
'2009-12-03',21.120
'2009-12-04',21.600
'2009-12-07',21.400
'2009-12-08',21.220
'2009-12-09',21.300
'2009-12-10',22.310
'2009-12-11',22.400
'2009-12-14',22.840
'2009-12-15',22.730
'2009-12-16',22.440
'2009-12-17',22.250
'2009-12-18',23.680
'2009-12-21',23.140
'2009-12-22',23.720
'2009-12-23',23.740
'2009-12-24',23.660
'2009-12-28',23.810
'2009-12-29',23.510
'2009-12-30',23.310
'2009-12-31',23.060
'2010-01-04',23.050
'2010-01-05',23.590
'2010-01-06',23.420
'2010-01-07',23.360
'2010-01-08',23.280
'2010-01-11',23.210
'2010-01-12',22.820
'2010-01-13',23.375
'2010-01-14',23.550
'2010-01-15',23.270
'2010-01-19',23.580
'2010-01-20',23.290
'2010-01-21',23.676
'2010-01-22',22.910
'2010-01-25',22.400
'2010-01-26',22.540
'2010-01-27',22.410
'2010-01-28',22.080
'2010-01-29',21.790
'2010-02-01',22.230
'2010-02-02',22.450
'2010-02-03',22.430
'2010-02-04',21.810
'2010-02-05',21.700
'2010-02-08',21.910
'2010-02-09',22.190
'2010-02-10',22.370
'2010-02-11',22.56
'2010-02-12',22.60
'2010-02-16',22.88
'2010-02-17',23.15
'2010-02-18',23.26
'2010-02-19',23.36
'2010-02-22',22.90
'2010-02-23',22.68
'2010-02-24',23.08
'2010-02-25',22.90
'2010-02-26',22.91
'2010-03-01',23.29
'2010-03-02',23.33
'2010-03-03',23.06
'2010-03-04',22.92
'2010-03-05',23.37
'2010-03-08',23.32
'2010-03-09',23.62
'2010-03-10',24.23
'2010-03-11',24.27
'2010-03-12',24.28
'2010-03-15',24.42
'2010-03-16',25.29
'2010-03-17',25.56
'2010-03-18',25.02
'2010-03-19',24.97
'2010-03-22',25.24
'2010-03-23',25.41
'2010-03-24',25.29
'2010-03-25',24.21
'2010-03-26',24.59
'2010-03-29',24.61
'2010-03-30',24.56
'2010-03-31',24.27
'2010-04-01',24.24
'2010-04-05',24.61
'2010-04-06',24.60
'2010-04-07',24.91
'2010-04-08',24.83
'2010-04-09',24.72
'2010-04-12',24.49
'2010-04-13',24.73
'2010-04-14',24.84
'2010-04-15',25.13
'2010-04-16',24.96
'2010-04-19',24.90
'2010-04-20',25.26
'2010-04-21',25.39
'2010-04-22',27.25
'2010-04-23',27.26
'2010-04-26',27.3900
'2010-04-27',26.5300
'2010-04-28',26.2200
'2010-04-29',26.6000
'2010-04-30',25.9800
'2010-05-03',27.1800
'2010-05-04',26.0300
'2010-05-05',26.2200
'2010-05-06',25.6100
'2010-05-07',25.4505
'2010-05-10',27.0400
'2010-05-11',26.7000
'2010-05-12',27.8500
'2010-05-13',27.4400
'2010-05-14',26.5100
'2010-05-17',26.9100
'2010-05-18',26.5800
'2010-05-19',26.1900
'2010-05-20',25.1000
'2010-05-21',25.2900
'2010-05-24',25.0700
'2010-05-25',24.9200
'2010-05-26',24.7100
'2010-05-27',26.0200
'2010-05-28',25.8900
'2010-06-01',25.7000
'2010-06-02',26.5800
'2010-06-03',26.8600
'2010-06-04',26.1525
'2010-06-07',25.5400
'2010-06-08',25.8500
'2010-06-09',26.3100
'2010-06-10',26.9800
'2010-06-11',27.1500
'2010-06-14',27.4600
'2010-06-15',27.9300
'2010-06-16',27.9900
'2010-06-17',27.9800
'2010-06-18',28.0900
'2010-06-21',28.0200
'2010-06-22',27.2300
'2010-06-23',27.3200
'2010-06-24',26.6700
'2010-06-25',26.8100
'2010-06-28',26.3900
'2010-06-29',25.0100
'2010-06-30',24.3000
'2010-07-01',24.6600
'2010-07-02',24.3500
'2010-07-06',23.6105
'2010-07-07',24.400
'2010-07-08',24.840
'2010-07-09',25.300
'2010-07-12',25.270
'2010-07-13',25.940
'2010-07-14',26.000
'2010-07-15',26.130
'2010-07-16',25.350
'2010-07-19',25.490
'2010-07-20',25.770
'2010-07-21',25.170
'2010-07-22',25.150
'2010-07-23',25.380
'2010-07-26',25.390
'2010-07-27',25.180
'2010-07-28',24.990
'2010-07-29',24.820
'2010-07-30',24.850
'2010-08-02',24.680
'2010-08-03',24.720
'2010-08-04',25.180
'2010-08-05',25.180
'2010-08-06',25.330
'2010-08-09',25.660
'2010-08-10',25.400
'2010-08-11',24.660
'2010-08-12',24.460
'2010-08-13',23.990
'2010-08-16',23.820
'2010-08-17',24.295
'2010-08-18',24.500
'2010-08-19',24.040
'2010-08-20',24.050
'2010-08-23',23.680
'2010-08-24',22.820
'2010-08-25',23.360
'2010-08-26',23.270
'2010-08-27',23.470
'2010-08-30',23.430
'2010-08-31',22.980
'2010-09-01',23.680
'2010-09-02',24.660
'2010-09-03',25.070
'2010-09-07',24.870
'2010-09-08',24.780
'2010-09-09',24.830
'2010-09-10',25.400
'2010-09-13',25.750
'2010-09-14',25.780
'2010-09-15',25.750
'2010-09-16',25.7300
'2010-09-17',25.5300
'2010-09-20',26.2799
'2010-09-21',26.1600
'2010-09-22',25.9300
'2010-09-23',25.4500
'2010-09-24',26.1300
'2010-09-27',26.1500
'2010-09-28',26.1400
'2010-09-29',25.8000
'2010-09-30',25.5500
'2010-10-01',25.9400
'2010-10-04',25.6900
'2010-10-05',26.2500
'2010-10-06',26.1000
'2010-10-07',26.0700
'2010-10-08',26.0700
'2010-10-11',25.9900
'2010-10-12',27.1400
'2010-10-13',27.2600
'2010-10-14',27.4250
'2010-10-15',27.5400
'2010-10-18',27.3500
'2010-10-19',27.0800
'2010-10-20',27.4500
'2010-10-21',27.2900
'2010-10-22',28.4900
'2010-10-25',28.3900
'2010-10-26',28.5300
'2010-10-27',28.2600
'2010-10-28',28.2300
'2010-10-29',28.5600
'2010-11-01',28.8100
'2010-11-02',28.8800
'2010-11-03',29.1000
'2010-11-04',29.7500
'2010-11-05',30.8700
'2010-11-08',30.6300
'2010-11-09',30.1700
'2010-11-10',30.4700
'2010-11-11',30.7400
'2010-11-12',30.1900
'2010-11-15',30.7850
'2010-11-16',29.8400
'2010-11-17',29.9900
'2010-11-18',30.5800
'2010-11-19',30.7600
'2010-11-22',30.8700
'2010-11-23',30.4000
'2010-11-24',31.4800
'2010-11-26',31.1400
'2010-11-29',30.7900
'2010-11-30',30.6000
'2010-12-01',31.7000
'2010-12-02',32.7600
'2010-12-03',32.7200
'2010-12-06',32.7200
'2010-12-07',32.7800
'2010-12-08',32.5800
'2010-12-09',32.4000
'2010-12-10',32.5900
'2010-12-13',31.9900
'2010-12-14',32.1075
'2010-12-15',31.8700
'2010-12-16',32.5900
'2010-12-17',32.7850
'2010-12-20',32.9300
'2010-12-21',32.8600
'2010-12-22',32.9300
'2010-12-23',32.6300
'2010-12-27',32.4700
'2010-12-28',32.3900
'2010-12-29',32.5100
'2010-12-30',32.4100
'2010-12-31',32.1300
'2011-01-03',33.2500
'2011-01-04',32.4800
'2011-01-05',32.3500
'2011-01-06',31.9600
'2011-01-07',32.7800
'2011-01-10',32.7700
'2011-01-11',32.2600
'2011-01-12',32.2000
'2011-01-13',32.4100
'2011-01-14',32.7000
'2011-01-18',33.0000
'2011-01-19',33.0100
'2011-01-20',33.1800
'2011-01-21',33.2000
'2011-01-24',33.4900
'2011-01-25',33.6500
'2011-01-26',33.0700
'2011-01-27',33.0300
'2011-01-28',31.7300
'2011-01-31',31.5300
'2011-02-01',32.2500
'2011-02-02',32.2000
'2011-02-03',32.3600
'2011-02-04',32.5750
'2011-02-07',32.3500
'2011-02-08',33.1200
'2011-02-09',32.9850
'2011-02-10',33.1600
'2011-02-11',33.3500
'2011-02-14',33.5800
'2011-02-15',33.1800
'2011-02-16',33.5700
'2011-02-17',33.5000
'2011-02-18',34.0025
'2011-02-22',32.7700
'2011-02-23',31.9100
'2011-02-24',31.9100
'2011-02-25',32.5000
'2011-02-28',32.9800
'2011-03-01',32.3900
'2011-03-02',32.2200
'2011-03-03',33.0100
'2011-03-04',33.1200
'2011-03-07',33.6000
'2011-03-08',34.0100
'2011-03-09',34.5400
'2011-03-10',37.9700
'2011-03-11',36.5600
'2011-03-14',35.7300
'2011-03-15',35.7200
'2011-03-16',35.0000
'2011-03-17',35.0900
'2011-03-18',34.9600
'2011-03-21',35.3100
'2011-03-22',34.9500
'2011-03-23',36.6900
'2011-03-24',37.5800
'2011-03-25',36.9000
'2011-03-28',36.8800
'2011-03-29',36.8600
'2011-03-30',36.7200
'2011-03-31',36.9500
'2011-04-01',37.2500
'2011-04-04',36.7300
'2011-04-05',36.4000
'2011-04-06',36.3900
'2011-04-07',35.9000
'2011-04-08',35.7700
'2011-04-11',35.4900
'2011-04-12',35.7700
'2011-04-13',35.8075
'2011-04-14',35.9700
'2011-04-15',36.3800
'2011-04-18',35.8100
'2011-04-19',36.1600
'2011-04-20',36.890
'2011-04-21',37.000
'2011-04-25',36.870
'2011-04-26',36.600
'2011-04-27',37.190
'2011-04-28',36.880
'2011-04-29',36.200
'2011-05-02',36.680
'2011-05-03',36.300
'2011-05-04',36.570
'2011-05-05',36.500
'2011-05-06',36.530
'2011-05-09',36.120
'2011-05-10',36.230
'2011-05-11',35.790
'2011-05-12',36.450
'2011-05-13',36.150
'2011-05-16',35.160
'2011-05-17',35.300
'2011-05-18',36.610
'2011-05-19',37.140
'2011-05-20',36.610
'2011-05-23',36.440
'2011-05-24',36.290
'2011-05-25',36.120
'2011-05-26',36.440
'2011-05-27',36.460
'2011-05-31',36.790
'2011-06-01',35.980
'2011-06-02',35.920
'2011-06-03',35.160
'2011-06-06',35.740
'2011-06-07',35.930
'2011-06-08',35.740
'2011-06-09',35.530
'2011-06-10',35.115
'2011-06-13',34.900
'2011-06-14',35.270
'2011-06-15',34.860
'2011-06-16',35.140
'2011-06-17',35.440
'2011-06-20',35.830
'2011-06-21',36.730
'2011-06-22',37.280
'2011-06-23',37.730
'2011-06-24',37.350
'2011-06-27',37.990
'2011-06-28',39.250
'2011-06-29',39.430
'2011-06-30',39.490
'2011-07-01',40.190
'2011-07-05',40.950
'2011-07-06',40.420
'2011-07-07',40.320
'2011-07-08',40.350
'2011-07-11',39.740
'2011-07-12',39.570
'2011-07-13',39.580
'2011-07-14',39.130
'2011-07-15',39.800
'2011-07-18',39.400
'2011-07-19',40.320
'2011-07-20',39.830
'2011-07-21',40.380
'2011-07-22',40.350
'2011-07-25',40.400
'2011-07-26',40.180
'2011-07-27',38.970
'2011-07-28',39.980
'2011-07-29',40.090
'2011-08-01',39.800
'2011-08-02',38.610
'2011-08-03',39.280
'2011-08-04',36.900
'2011-08-05',36.720
'2011-08-08',34.050
'2011-08-09',36.040
'2011-08-10',34.760
'2011-08-11',37.110
'2011-08-12',37.360
'2011-08-15',38.420
'2011-08-16',38.890
'2011-08-17',38.700
'2011-08-18',34.751
'2011-08-19',35.100
'2011-08-22',34.890
'2011-08-23',36.730
'2011-08-24',37.370
'2011-08-25',36.420
'2011-08-26',37.390
'2011-08-29',38.050
'2011-08-30',38.500
'2011-08-31',38.620
'2011-09-01',38.190
'2011-09-02',37.490
'2011-09-06',37.750
'2011-09-07',39.180
'2011-09-08',38.920
'2011-09-09',37.310
'2011-09-12',37.650
'2011-09-13',38.190
'2011-09-14',38.550
'2011-09-15',39.070
'2011-09-16',39.200
'2011-09-19',41.160
'2011-09-20',41.080
'2011-09-21',39.900
'2011-09-22',38.605
'2011-09-23',38.710
'2011-09-26',39.490
'2011-09-27',39.850
'2011-09-28',39.430
'2011-09-29',38.170
'2011-09-30',37.290
'2011-10-03',36.200
'2011-10-04',37.250
'2011-10-05',38.050
'2011-10-06',38.500
'2011-10-07',39.260
'2011-10-10',40.920
'2011-10-11',41.330
'2011-10-12',41.510
'2011-10-13',41.090
'2011-10-14',42.220
'2011-10-17',41.160
'2011-10-18',42.450
'2011-10-19',40.920
'2011-10-20',40.990
'2011-10-21',42.090
'2011-10-24',42.540
'2011-10-25',41.280
'2011-10-26',41.400
'2011-10-27',43.070
'2011-10-28',42.500
'2011-10-31',42.360
'2011-11-01',41.230
'2011-11-02',41.180
'2011-11-03',41.400
'2011-11-04',44.190
'2011-11-07',44.230
'2011-11-08',44.360
'2011-11-09',42.950
'2011-11-10',43.520
'2011-11-11',44.340
'2011-11-14',43.640
'2011-11-15',44.030
'2011-11-16',43.020
'2011-11-17',42.030
'2011-11-18',42.020
'2011-11-21',41.680
'2011-11-22',42.280
'2011-11-23',41.250
'2011-11-25',40.840
'2011-11-28',41.850
'2011-11-29',42.210
'2011-11-30',43.480
'2011-12-01',43.590
'2011-12-02',43.910
'2011-12-05',44.200
'2011-12-06',43.730
'2011-12-07',43.880
'2011-12-08',42.860
'2011-12-09',43.960
'2011-12-12',44.000
'2011-12-13',43.610
'2011-12-14',43.090
'2011-12-15',43.400
'2011-12-16',43.480
'2011-12-19',43.620
'2011-12-20',45.060
'2011-12-21',45.240
'2011-12-22',45.000
'2011-12-23',45.445
'2011-12-27',45.940
'2011-12-28',45.780
'2011-12-29',46.450
'2011-12-30',46.010
'2012-01-03',45.285
'2012-01-04',46.170
'2012-01-05',46.360
'2012-01-06',46.720
'2012-01-09',46.590
'2012-01-10',46.820
'2012-01-11',47.120
'2012-01-12',47.600
'2012-01-13',47.360
'2012-01-17',47.710
'2012-01-18',48.040
'2012-01-19',48.020
'2012-01-20',48.150
'2012-01-23',47.340
'2012-01-24',47.650
'2012-01-25',47.770
'2012-01-26',48.340
'2012-01-27',47.850
'2012-01-30',48.480
'2012-01-31',47.920
'2012-02-01',48.240
'2012-02-02',47.660
'2012-02-03',48.320
'2012-02-06',48.290
'2012-02-07',48.410
'2012-02-08',48.720
'2012-02-09',49.200
'2012-02-10',48.820
'2012-02-13',49.250
'2012-02-14',49.120
'2012-02-15',48.480
'2012-02-16',48.520
'2012-02-17',48.450
'2012-02-21',48.260
'2012-02-22',48.330
'2012-02-23',48.460
'2012-02-24',48.300
'2012-02-27',48.230
'2012-02-28',48.910
'2012-02-29',48.560
'2012-03-01',48.710
'2012-03-02',48.890
'2012-03-05',49.040
'2012-03-06',48.330
'2012-03-07',49.490
'2012-03-08',50.370
'2012-03-09',51.840
'2012-03-12',51.110
'2012-03-13',52.340
'2012-03-14',52.680
'2012-03-15',53.070
'2012-03-16',53.210
'2012-03-19',53.550
'2012-03-20',53.730
'2012-03-21',53.810
'2012-03-22',55.205
'2012-03-23',55.345
'2012-03-26',55.910
'2012-03-27',56.260
'2012-03-28',56.030
'2012-03-29',55.730
'2012-03-30',55.890
'2012-04-02',56.670
'2012-04-03',56.910
'2012-04-04',56.960
'2012-04-05',58.180
'2012-04-09',57.420
'2012-04-10',56.780
'2012-04-11',59.295
'2012-04-12',60.625
'2012-04-13',61.670
'2012-04-16',59.650
'2012-04-17',58.660
'2012-04-18',60.330
'2012-04-19',58.810
'2012-04-20',59.160
'2012-04-23',58.560
'2012-04-24',58.050
'2012-04-25',59.500
'2012-04-26',60.660
'2012-04-27',57.430
'2012-04-30',57.370
'2012-05-01',57.660
'2012-05-02',57.920
'2012-05-03',56.650
'2012-05-04',55.560
'2012-05-07',55.480
'2012-05-08',54.190
'2012-05-09',54.100
'2012-05-10',54.850
'2012-05-11',55.010
'2012-05-14',53.670
'2012-05-15',53.340
'2012-05-16',53.020
'2012-05-17',51.670
'2012-05-18',51.530
'2012-05-21',53.700
'2012-05-22',53.370
'2012-05-23',55.290
'2012-05-24',54.760
'2012-05-25',54.560
'2012-05-29',55.580
'2012-05-30',54.730
'2012-05-31',54.890
'2012-06-01',52.150
'2012-06-04',53.900
'2012-06-05',52.410
'2012-06-06',53.470
'2012-06-07',53.440
'2012-06-08',53.590
'2012-06-11',52.830
'2012-06-12',53.040
'2012-06-13',51.270
'2012-06-14',52.330
'2012-06-15',52.540
'2012-06-18',54.180
'2012-06-19',55.120
'2012-06-20',55.640
'2012-06-21',54.070
'2012-06-22',54.640
'2012-06-25',53.295
'2012-06-26',53.950
'2012-06-27',52.750
'2012-06-28',52.090
'2012-06-29',53.320
'2012-07-02',52.790
'2012-07-03',51.940
'2012-07-05',52.400
'2012-07-06',51.970
'2012-07-09',52.390
'2012-07-10',52.340
'2012-07-11',52.160
'2012-07-12',52.680
'2012-07-13',53.610
'2012-07-16',52.900
'2012-07-17',53.730
'2012-07-18',53.300
'2012-07-19',54.200
'2012-07-20',51.960
'2012-07-23',50.600
'2012-07-24',50.480
'2012-07-25',50.410
'2012-07-26',52.405
'2012-07-27',47.470
'2012-07-30',46.880
'2012-07-31',45.280
'2012-08-01',43.780
'2012-08-02',43.160
'2012-08-03',43.910
'2012-08-06',43.480
'2012-08-07',45.310
'2012-08-08',45.290
'2012-08-09',45.110
'2012-08-10',45.570
'2012-08-13',46.110
'2012-08-14',46.430
'2012-08-15',48.100
'2012-08-16',48.400
'2012-08-17',48.220
'2012-08-20',48.050
'2012-08-21',48.090
'2012-08-22',48.120
'2012-08-23',47.900
'2012-08-24',48.700
'2012-08-27',49.140
'2012-08-28',49.360
'2012-08-29',49.170
'2012-08-30',49.710
'2012-08-31',49.610
'2012-09-04',49.510
'2012-09-05',49.800
'2012-09-06',50.840
'2012-09-07',51.170
'2012-09-10',50.8300
'2012-09-11',50.7300
'2012-09-12',51.1700
'2012-09-13',51.7200
'2012-09-14',50.4600
'2012-09-17',49.6600
'2012-09-18',49.2500
'2012-09-19',50.1110
'2012-09-20',51.1900
'2012-09-21',51.0700
'2012-09-24',51.1600
'2012-09-25',50.5250
'2012-09-26',50.1000
'2012-09-27',51.0350
'2012-09-28',50.7100
'2012-10-01',50.1450
'2012-10-02',49.3000
'2012-10-03',49.4900
'2012-10-04',49.1000
'2012-10-05',48.7400
'2012-10-08',48.7600
'2012-10-09',47.3500
'2012-10-10',46.9500
'2012-10-11',47.1600
'2012-10-12',47.1800
'2012-10-15',47.6700
'2012-10-16',48.9600
'2012-10-17',48.3900
'2012-10-18',47.4100
'2012-10-19',45.6850
'2012-10-22',45.3000
'2012-10-23',44.9715
'2012-10-24',45.2614
'2012-10-25',46.2500
'2012-10-26',45.8700
'2012-10-31',45.9000
'2012-11-01',46.6197
'2012-11-02',50.8400
'2012-11-05',51.0100
'2012-11-06',51.7101
'2012-11-07',51.8097
'2012-11-08',50.8600
'2012-11-09',50.9600
'2012-11-12',50.6800
'2012-11-13',50.3100
'2012-11-14',48.8400
'2012-11-15',48.4300
'2012-11-16',48.7600
'2012-11-19',49.7400
'2012-11-20',50.0600
'2012-11-21',50.5100
'2012-11-23',51.1900
'2012-11-26',50.8900
'2012-11-27',50.2102
'2012-11-28',51.3700
'2012-11-29',51.8000
'2012-11-30',51.8700
'2012-12-03',51.7892
'2012-12-04',51.1200
'2012-12-05',50.7900
'2012-12-06',53.7000
'2012-12-07',53.6400
'2012-12-10',52.9600
'2012-12-11',53.1900
'2012-12-12',53.5983
'2012-12-13',53.1800
'2012-12-14',53.3600
'2012-12-17',54.5800
'2012-12-18',54.3400
'2012-12-19',54.2700
'2012-12-20',54.2100
'2012-12-21',53.6000
'2012-12-24',53.6900
'2012-12-26',53.1300
'2012-12-27',53.2400
'2012-12-28',52.6400
'2012-12-31',53.6300
'2013-01-02',55.0000
'2013-01-03',55.3700
'2013-01-04',55.6900
'2013-01-07',55.7204
'2013-01-08',55.6200
'2013-01-09',54.6300
'2013-01-10',54.5400
'2013-01-11',55.0100
'2013-01-14',54.6700
'2013-01-15',54.4800
'2013-01-16',54.3500
'2013-01-17',54.5000
'2013-01-18',54.8100
'2013-01-22',54.9900
'2013-01-23',54.4600
'2013-01-24',54.5700
'2013-01-25',56.8100
'2013-01-28',56.0200
'2013-01-29',55.6000
'2013-01-30',56.0000
'2013-01-31',56.1200
'2013-02-01',56.8600
'2013-02-04',56.0900
'2013-02-05',56.200
'2013-02-06',56.050
'2013-02-07',55.860
'2013-02-08',56.370
'2013-02-11',56.140
'2013-02-12',56.260
'2013-02-13',55.830
'2013-02-14',55.550
'2013-02-15',54.340
'2013-02-19',54.450
'2013-02-20',53.310
'2013-02-21',53.350
'2013-02-22',54.170
'2013-02-25',53.210
'2013-02-26',53.280
'2013-02-27',54.570
'2013-02-28',54.850
'2013-03-01',54.870
'2013-03-04',55.700
'2013-03-05',56.510
'2013-03-06',57.100
'2013-03-07',58.250
'2013-03-08',58.670
'2013-03-11',58.610
'2013-03-12',58.280
'2013-03-13',58.585
'2013-03-14',57.680
'2013-03-15',57.660
'2013-03-18',56.930
'2013-03-19',56.830
'2013-03-20',57.430
'2013-03-21',57.050
'2013-03-22',57.380
'2013-03-25',56.690
'2013-03-26',57.050
'2013-03-27',56.910
'2013-03-28',56.950
'2013-04-01',56.870
'2013-04-02',58.260
'2013-04-03',57.700
'2013-04-04',58.110
'2013-04-05',57.800
'2013-04-08',58.120
'2013-04-09',57.410
'2013-04-10',57.800
'2013-04-11',58.575
'2013-04-12',59.090
'2013-04-15',57.710
'2013-04-16',58.560
'2013-04-17',58.170
'2013-04-18',57.720
'2013-04-19',58.405
'2013-04-22',58.640
'2013-04-23',59.390
'2013-04-24',59.830
'2013-04-25',60.500
'2013-04-26',60.000
'2013-04-29',60.580
'2013-04-30',60.840
'2013-05-01',60.140
'2013-05-02',60.380
'2013-05-03',61.870
'2013-05-06',62.480
'2013-05-07',62.190
'2013-05-08',62.410
'2013-05-09',62.360
'2013-05-10',63.097
'2013-05-13',62.820
'2013-05-14',63.520
'2013-05-15',64.070
'2013-05-16',63.550
'2013-05-17',64.130
'2013-05-20',63.830
'2013-05-21',64.250
'2013-05-22',64.150
'2013-05-23',63.520
'2013-05-24',63.360
'2013-05-28',64.260
'2013-05-29',63.630
'2013-05-30',63.470
'2013-05-31',63.140
'2013-06-03',63.460
'2013-06-04',63.330
'2013-06-05',62.340
'2013-06-06',63.020
'2013-06-07',65.040
'2013-06-10',66.110
'2013-06-11',65.420
'2013-06-12',64.450
'2013-06-13',65.970
'2013-06-14',65.600
'2013-06-17',66.030
'2013-06-18',67.095
'2013-06-19',66.410
'2013-06-20',65.220
'2013-06-21',64.690
'2013-06-24',64.010
'2013-06-25',64.740
'2013-06-26',65.800
'2013-06-27',65.690
'2013-06-28',65.510
'2013-07-01',66.240
'2013-07-02',66.790
'2013-07-03',67.300
'2013-07-05',67.720
'2013-07-08',68.290
'2013-07-09',68.130
'2013-07-10',68.100
'2013-07-11',69.340
'2013-07-12',69.720
'2013-07-15',69.660
'2013-07-16',69.520
'2013-07-17',68.200
'2013-07-18',68.480
'2013-07-19',68.790
'2013-07-22',69.020
'2013-07-23',67.660
'2013-07-24',66.610
'2013-07-25',68.170
'2013-07-26',73.360
'2013-07-29',72.450
'2013-07-30',71.930
'2013-07-31',71.289
'2013-08-01',73.480
'2013-08-02',74.230
'2013-08-05',73.970
'2013-08-06',72.800
'2013-08-07',72.190
'2013-08-08',72.940
'2013-08-09',72.800
'2013-08-12',72.930
'2013-08-13',72.640
'2013-08-14',71.850
'2013-08-15',70.740
'2013-08-16',70.710
'2013-08-19',70.290
'2013-08-20',70.660
'2013-08-21',70.713
'2013-08-22',71.900
'2013-08-23',71.970
'2013-08-26',71.880
'2013-08-27',70.160
'2013-08-28',70.960
'2013-08-29',71.180
'2013-08-30',70.520
'2013-09-03',71.600
'2013-09-04',72.140
'2013-09-05',72.050
'2013-09-06',71.570
'2013-09-09',72.440
'2013-09-10',74.215
'2013-09-11',75.390
'2013-09-12',75.670
'2013-09-13',75.570
'2013-09-16',75.240
'2013-09-17',76.040
'2013-09-18',77.330
'2013-09-19',76.350
'2013-09-20',76.120
'2013-09-23',75.360
'2013-09-24',76.550
'2013-09-25',76.340
'2013-09-26',77.180
'2013-09-27',77.330
'2013-09-30',76.970
'2013-10-01',77.160
'2013-10-02',77.190
'2013-10-03',76.870
'2013-10-04',77.400
'2013-10-07',76.861
'2013-10-08',75.530
'2013-10-09',75.260
'2013-10-10',77.120
'2013-10-11',77.820
'2013-10-14',78.100
'2013-10-15',76.710
'2013-10-16',78.040
'2013-10-17',78.735
'2013-10-18',79.310
'2013-10-21',79.460
'2013-10-22',80.900
'2013-10-23',80.050
'2013-10-24',79.050
'2013-10-25',79.960
'2013-10-28',78.710
'2013-10-29',79.620
'2013-10-30',80.830
'2013-10-31',81.050
'2013-11-01',80.370
'2013-11-04',80.370
'2013-11-05',81.990
'2013-11-06',81.130
'2013-11-07',79.070
'2013-11-08',81.200
'2013-11-11',80.990
'2013-11-12',80.615
'2013-11-13',81.461
'2013-11-14',81.140
'2013-11-15',81.190
'2013-11-18',80.540
'2013-11-19',79.92
'2013-11-20',79.69
'2013-11-21',81.53
'2013-11-22',81.35
'2013-11-25',80.71
'2013-11-26',81.51
'2013-11-27',81.62
'2013-11-29',81.46
'2013-12-02',81.07
'2013-12-03',80.55
'2013-12-04',79.50
'2013-12-05',79.72
'2013-12-06',79.94
'2013-12-09',79.73
'2013-12-10',77.38
'2013-12-11',76.40
'2013-12-12',76.48
'2013-12-13',76.35
'2013-12-16',76.46
'2013-12-17',76.09
'2013-12-18',77.68
'2013-12-19',77.15
'2013-12-20',77.66
'2013-12-23',78.32
'2013-12-24',78.57
'2013-12-26',78.88
'2013-12-27',78.57
'2013-12-30',78.55
'2013-12-31',78.39
'2014-01-02',77.17
'2014-01-03',76.95
'2014-01-06',76.17
'2014-01-07',77.21
'2014-01-08',78.03
'2014-01-09',77.60
'2014-01-10',77.67
'2014-01-13',75.12
'2014-01-14',75.46
'2014-01-15',76.19
'2014-01-16',75.29
'2014-01-17',74.90
'2014-01-21',73.65
'2014-01-22',73.60
'2014-01-23',73.39
'2014-01-24',74.98
'2014-01-27',74.21
'2014-01-28',73.89
'2014-01-29',71.56
'2014-01-30',71.91
'2014-01-31',71.12
'2014-02-03',68.970
'2014-02-04',70.650
'2014-02-05',70.490
'2014-02-06',72.360
'2014-02-07',74.035
'2014-02-10',74.800
'2014-02-11',74.500
'2014-02-12',73.910
'2014-02-13',74.690
'2014-02-14',75.030
'2014-02-18',73.970
'2014-02-19',73.320
'2014-02-20',73.550
'2014-02-21',72.560
'2014-02-24',72.560
'2014-02-25',70.550
'2014-02-26',71.780
'2014-02-27',72.190
'2014-02-28',70.960
'2014-03-03',70.470
'2014-03-04',71.660
'2014-03-05',71.300
'2014-03-06',72.690
'2014-03-07',73.070
'2014-03-10',73.560
'2014-03-11',75.030
'2014-03-12',75.630
'2014-03-13',74.430
'2014-03-14',74.270
'2014-03-17',74.180
'2014-03-18',74.600
'2014-03-19',75.910
'2014-03-20',76.955
'2014-03-21',76.710
'2014-03-24',75.770
'2014-03-25',74.610
'2014-03-26',73.540
'2014-03-27',73.400
'2014-03-28',73.700
'2014-03-31',73.380
'2014-04-01',74.010
'2014-04-02',73.670
'2014-04-03',73.090
'2014-04-04',71.550
'2014-04-07',70.430
'2014-04-08',71.480
'2014-04-09',72.480
'2014-04-10',70.220
'2014-04-11',68.730
'2014-04-14',69.310
'2014-04-15',68.890
'2014-04-16',70.790
'2014-04-17',70.150
'2014-04-21',70.480
'2014-04-22',71.149
'2014-04-23',70.390
'2014-04-24',71.090
'2014-04-25',71.450
'2014-04-28',70.930
'2014-04-29',70.640
'2014-04-30',70.620
'2014-05-01',71.120
'2014-05-02',70.600
'2014-05-05',70.920
'2014-05-06',69.580
'2014-05-07',69.740
'2014-05-08',69.580
'2014-05-09',70.290
'2014-05-12',71.150
'2014-05-13',71.160
'2014-05-14',70.170
'2014-05-15',69.850
'2014-05-16',70.940
'2014-05-19',71.020
'2014-05-20',70.230
'2014-05-21',70.400
'2014-05-22',71.400
'2014-05-23',71.980
'2014-05-27',73.660
'2014-05-28',73.270
'2014-05-29',73.110
'2014-05-30',73.240
'2014-06-02',73.850
'2014-06-03',74.180
'2014-06-04',74.670
'2014-06-05',74.720
'2014-06-06',75.330
'2014-06-09',75.180
'2014-06-10',74.600
'2014-06-11',74.800
'2014-06-12',73.960
'2014-06-13',74.690
'2014-06-16',75.090
'2014-06-17',75.310
'2014-06-18',75.560
'2014-06-19',77.230
'2014-06-20',76.600
'2014-06-23',76.730
'2014-06-24',77.430
'2014-06-25',78.120
'2014-06-26',78.06
'2014-06-27',77.94
'2014-06-30',77.38
'2014-07-01',78.08
'2014-07-02',78.19
'2014-07-03',79.06
'2014-07-07',78.69
'2014-07-08',78.56
'2014-07-09',79.45
'2014-07-10',78.85
'2014-07-11',78.60
'2014-07-14',78.56
'2014-07-15',78.89
'2014-07-16',78.73
'2014-07-17',77.24
'2014-07-18',77.94
'2014-07-21',77.61
'2014-07-22',78.74
'2014-07-23',79.14
'2014-07-24',80.45
'2014-07-25',78.74
'2014-07-28',78.36
'2014-07-29',78.65
'2014-07-30',78.90
'2014-07-31',77.68
'2014-08-01',76.98
'2014-08-04',77.53
'2014-08-05',76.79
'2014-08-06',77.13
'2014-08-07',76.71
'2014-08-08',77.62
'2014-08-11',77.87
'2014-08-12',77.82
'2014-08-13',77.24
'2014-08-14',76.62
'2014-08-15',76.91
'2014-08-18',77.59
'2014-08-19',78.12
'2014-08-20',78.03
'2014-08-21',77.47
'2014-08-22',77.28
'2014-08-25',77.97
'2014-08-26',77.79
'2014-08-27',77.92
'2014-08-28',77.81
'2014-08-29',77.81
'2014-09-02',77.48
'2014-09-03',76.79
'2014-09-04',77.16
'2014-09-05',77.95
'2014-09-08',77.670
'2014-09-09',77.120
'2014-09-10',77.210
'2014-09-11',76.120
'2014-09-12',75.470
'2014-09-15',74.920
'2014-09-16',75.090
'2014-09-17',75.340
'2014-09-18',75.730
'2014-09-19',76.070
'2014-09-22',74.600
'2014-09-23',73.955
'2014-09-24',75.320
'2014-09-25',74.120
'2014-09-26',75.170
'2014-09-29',75.270
'2014-09-30',75.460
'2014-10-01',74.610
'2014-10-02',74.450
'2014-10-03',75.890
'2014-10-06',75.145
'2014-10-07',74.050
'2014-10-08',75.260
'2014-10-09',74.480
'2014-10-10',74.460
'2014-10-13',72.190
'2014-10-14',72.740
'2014-10-15',72.380
'2014-10-16',72.640
'2014-10-17',73.540
'2014-10-20',74.700
'2014-10-21',74.360
'2014-10-22',74.600
'2014-10-23',74.840
'2014-10-24',75.810
'2014-10-27',75.970
'2014-10-28',77.050
'2014-10-29',76.540
'2014-10-30',77.320
'2014-10-31',75.560
'2014-11-03',76.100
'2014-11-04',76.710
'2014-11-05',76.660
'2014-11-06',77.450
'2014-11-07',77.790
'2014-11-10',77.650
'2014-11-11',77.730
'2014-11-12',77.850
'2014-11-13',77.890
'2014-11-14',78.120
'2014-11-17',77.830
'2014-11-18',77.570
'2014-11-19',77.820
'2014-11-20',78.200
'2014-11-21',79.760
'2014-11-24',80.520
'2014-11-25',80.210
'2014-11-26',79.700
'2014-11-28',81.210
'2014-12-01',80.850
'2014-12-02',80.370
'2014-12-03',80.470
'2014-12-04',81.310
'2014-12-05',83.570
'2014-12-08',83.800
'2014-12-09',83.030
'2014-12-10',82.660
'2014-12-11',83.120
'2014-12-12',83.250
'2014-12-15',80.890
'2014-12-16',79.130
'2014-12-17',80.435
'2014-12-18',80.030
'2014-12-19',79.440
'2014-12-22',80.540
'2014-12-23',81.430
'2014-12-24',81.270
'2014-12-26',81.830
'2014-12-29',82.380
'2014-12-30',81.790
'2014-12-31',82.050
'2015-01-02',81.440
'2015-01-05',79.880
'2015-01-06',79.230
'2015-01-07',81.180
'2015-01-08',82.490
'2015-01-09',79.790
'2015-01-12',80.230
'2015-01-13',80.870
'2015-01-14',80.420
'2015-01-15',79.580
'2015-01-16',80.610
'2015-01-20',81.225
'2015-01-21',81.290
'2015-01-22',82.740
'2015-01-23',88.220
'2015-01-26',88.120
'2015-01-27',88.340
'2015-01-28',87.565
'2015-01-29',89.050
'2015-01-30',87.530
'2015-02-02',87.990
'2015-02-03',88.490
'2015-02-04',88.700
'2015-02-05',89.640
'2015-02-06',89.000
'2015-02-09',88.820
'2015-02-10',91.180
'2015-02-11',90.790
'2015-02-12',91.825
'2015-02-13',91.580
'2015-02-17',92.030
'2015-02-18',93.000
'2015-02-19',93.170
'2015-02-20',93.510
'2015-02-23',93.580
'2015-02-24',93.450
'2015-02-25',94.260
'2015-02-26',94.550
'2015-02-27',93.485
'2015-03-02',94.225
'2015-03-03',94.000
'2015-03-04',93.060
'2015-03-05',93.630
'2015-03-06',92.215
'2015-03-09',93.040
'2015-03-10',92.180
'2015-03-11',91.420
'2015-03-12',93.380
'2015-03-13',93.290
'2015-03-16',94.045
'2015-03-17',94.385
'2015-03-18',95.840
'2015-03-19',97.760
'2015-03-20',97.460
'2015-03-23',97.370
'2015-03-24',97.915
'2015-03-25',95.770
'2015-03-26',95.080
'2015-03-27',95.070
'2015-03-30',95.980
'2015-03-31',94.700
'2015-04-01',93.020
'2015-04-02',94.390
'2015-04-06',94.520
'2015-04-07',94.070
'2015-04-08',95.230
'2015-04-09',47.960
'2015-04-10',48.170
'2015-04-13',48.500
'2015-04-14',48.300
'2015-04-15',48.140
'2015-04-16',48.245
'2015-04-17',47.620
'2015-04-20',47.970
'2015-04-21',48.370
'2015-04-22',48.335
'2015-04-23',49.430
'2015-04-24',51.840
'2015-04-27',50.870
'2015-04-28',50.610
'2015-04-29',50.650
'2015-04-30',49.580
'2015-05-01',50.290
'2015-05-04',50.445
'2015-05-05',49.405
'2015-05-06',48.930
'2015-05-07',49.350
'2015-05-08',49.780
'2015-05-11',49.500
'2015-05-12',49.710
'2015-05-13',49.590
'2015-05-14',50.555
'2015-05-15',50.800
'2015-05-18',51.180
'2015-05-19',51.420
'2015-05-20',51.030
'2015-05-21',51.330
'2015-05-22',51.480
'2015-05-26',50.840
'2015-05-27',51.590
'2015-05-28',51.810
'2015-05-29',51.960
'2015-06-01',52.220
'2015-06-02',51.730
'2015-06-03',52.120
'2015-06-04',51.720
'2015-06-05',52.190
'2015-06-08',51.530
'2015-06-09',51.540
'2015-06-10',52.690
'2015-06-11',52.490
'2015-06-12',52.630
'2015-06-15',52.270
'2015-06-16',52.965
'2015-06-17',53.240
'2015-06-18',54.110
'2015-06-19',53.930
'2015-06-22',53.900
'2015-06-23',54.115
'2015-06-24',53.710
'2015-06-25',54.070
'2015-06-26',54.620
'2015-06-29',53.550
'2015-06-30',53.615
'2015-07-01',53.890
'2015-07-02',54.240
'2015-07-06',54.305
'2015-07-07',54.375
'2015-07-08',53.390
'2015-07-09',54.050
'2015-07-10',54.570
'2015-07-13',55.700
'2015-07-14',55.750
'2015-07-15',55.340
'2015-07-16',55.740
'2015-07-17',55.690
'2015-07-20',56.210
'2015-07-21',56.200
'2015-07-22',56.690
'2015-07-23',56.560
'2015-07-24',57.290
'2015-07-27',56.980
'2015-07-28',57.140
'2015-07-29',57.510
'2015-07-30',58.060
'2015-07-31',57.930
'2015-08-03',58.190
'2015-08-04',58.700
'2015-08-05',59.010
'2015-08-06',57.230
'2015-08-07',57.200
'2015-08-10',56.270
'2015-08-11',56.350
'2015-08-12',56.380
'2015-08-13',56.850
'2015-08-14',57.100
'2015-08-17',57.740
'2015-08-18',57.830
'2015-08-19',57.590
'2015-08-20',55.810
'2015-08-21',52.840
'2015-08-24',50.340
'2015-08-25',51.090
'2015-08-26',53.960
'2015-08-27',55.950
'2015-08-28',55.630
'2015-08-31',54.710
'2015-09-01',53.500
'2015-09-02',55.260
'2015-09-03',54.69
'2015-09-04',54.28
'2015-09-08',55.21
'2015-09-09',54.69
'2015-09-10',55.37
'2015-09-11',56.53
'2015-09-14',56.29
'2015-09-15',56.91
'2015-09-16',57.26
'2015-09-17',57.28
'2015-09-18',56.84
'2015-09-21',57.54
'2015-09-22',57.12
'2015-09-23',57.79
'2015-09-24',58.37
'2015-09-25',57.99
'2015-09-28',55.77
'2015-09-29',55.72
'2015-09-30',56.84
'2015-10-01',57.48
'2015-10-02',58.08
'2015-10-05',59.04
'2015-10-06',58.69
'2015-10-07',58.78
'2015-10-08',59.46
'2015-10-09',60.07
'2015-10-12',60.54
'2015-10-13',60.16
'2015-10-14',58.82
'2015-10-15',59.69
'2015-10-16',59.93
'2015-10-19',60.97
'2015-10-20',60.88
'2015-10-21',60.53
'2015-10-22',61.49
'2015-10-23',62.61
'2015-10-26',63.43
'2015-10-27',62.71
'2015-10-28',63.51
'2015-10-29',62.50
'2015-10-30',62.57
'2015-11-02',62.24
'2015-11-03',62.80
'2015-11-04',61.96
'2015-11-05',62.28
'2015-11-06',61.97
'2015-11-09',61.34
'2015-11-10',62.18
'2015-11-11',61.87
'2015-11-12',61.07
'2015-11-13',59.740
'2015-11-16',60.680
'2015-11-17',60.550
'2015-11-18',61.800
'2015-11-19',61.460
'2015-11-20',61.990
'2015-11-23',62.640
'2015-11-24',61.960
'2015-11-25',62.190
'2015-11-27',62.180
'2015-11-30',61.390
'2015-12-01',61.370
'2015-12-02',61.220
'2015-12-03',59.550
'2015-12-04',61.750
'2015-12-07',61.890
'2015-12-08',62.160
'2015-12-09',61.180
'2015-12-10',61.870
'2015-12-11',59.820
'2015-12-14',59.920
'2015-12-15',59.980
'2015-12-16',60.350
'2015-12-17',59.515
'2015-12-18',58.620
'2015-12-21',59.540
'2015-12-22',59.990
'2015-12-23',60.340
'2015-12-24',60.320
'2015-12-28',60.190
'2015-12-29',61.130
'2015-12-30',60.820
'2015-12-31',60.030
'2016-01-04',58.260
'2016-01-05',58.650
'2016-01-06',58.130
'2016-01-07',56.690
'2016-01-08',56.630
'2016-01-11',57.820
'2016-01-12',59.460
'2016-01-13',57.870
'2016-01-14',58.980
'2016-01-15',58.000
'2016-01-19',58.550
'2016-01-20',56.920
'2016-01-21',59.030
'2016-01-22',59.170
'2016-01-25',57.710
'2016-01-26',58.610
'2016-01-27',57.630
'2016-01-28',59.285
'2016-01-29',60.770
'2016-02-01',61.400
'2016-02-02',60.695
'2016-02-03',59.530
'2016-02-04',58.290
'2016-02-05',54.490
'2016-02-08',54.140
'2016-02-09',54.420
'2016-02-10',55.140
'2016-02-11',54.920
'2016-02-12',55.860
'2016-02-16',56.410
'2016-02-17',57.630
'2016-02-18',56.960
'2016-02-19',57.670
'2016-02-22',58.870
'2016-02-23',58.460
'2016-02-24',58.110
'2016-02-25',58.750
'2016-02-26',58.340
'2016-02-29',58.210
'2016-03-01',60.040
'2016-03-02',59.560
'2016-03-03',59.040
'2016-03-04',58.700
'2016-03-07',58.000
'2016-03-08',57.600
'2016-03-09',57.070
'2016-03-10',57.520
'2016-03-11',57.590
'2016-03-14',58.650
'2016-03-15',59.080
'2016-03-16',59.670
'2016-03-17',59.550
'2016-03-18',59.700
'2016-03-21',59.100
'2016-03-22',59.380
'2016-03-23',58.830
'2016-03-24',58.360
'2016-03-28',58.960
'2016-03-29',59.550
'2016-03-30',60.010
'2016-03-31',59.700
'2016-04-01',61.020
'2016-04-04',60.250
'2016-04-05',60.040
'2016-04-06',60.830
'2016-04-07',61.170
'2016-04-08',61.040
'2016-04-11',60.900
'2016-04-12',59.500
'2016-04-13',60.210
'2016-04-14',60.130
'2016-04-15',60.510
'2016-04-18',60.890
'2016-04-19',60.900
'2016-04-20',60.900
'2016-04-21',60.640
'2016-04-22',57.680
'2016-04-25',57.770
'2016-04-26',57.720
'2016-04-27',56.900
'2016-04-28',56.420
'2016-04-29',56.230
'2016-05-02',57.360
'2016-05-03',56.250
'2016-05-04',56.390
'2016-05-05',56.250
'2016-05-06',56.310
'2016-05-09',56.640
'2016-05-10',57.490
'2016-05-11',56.230
'2016-05-12',56.300
'2016-05-13',55.820
'2016-05-16',55.530
'2016-05-17',54.880
'2016-05-18',54.800
'2016-05-19',54.550
'2016-05-20',54.620
'2016-05-23',54.600
'2016-05-24',55.440
'2016-05-25',55.150
'2016-05-26',55.290
'2016-05-27',55.150
'2016-05-31',54.890
'2016-06-01',54.820
'2016-06-02',54.620
'2016-06-03',54.610
'2016-06-06',55.590
'2016-06-07',55.300
'2016-06-08',55.220
'2016-06-09',55.580
'2016-06-10',54.865
'2016-06-13',55.040
'2016-06-14',55.570
'2016-06-15',55.350
'2016-06-16',55.530
'2016-06-17',55.310
'2016-06-20',55.380
'2016-06-21',55.81
'2016-06-22',55.61
'2016-06-23',56.13
'2016-06-24',54.68
'2016-06-27',53.69
'2016-06-28',54.85
'2016-06-29',56.74
'2016-06-30',57.12
'2016-07-01',56.99
'2016-07-05',56.77
'2016-07-06',56.75
'2016-07-07',56.91
'2016-07-08',56.51
'2016-07-11',56.32
'2016-07-12',57.48
'2016-07-13',56.48
'2016-07-14',57.59
'2016-07-15',57.41
'2016-07-18',56.92
'2016-07-19',56.76
'2016-07-20',57.54
'2016-07-21',57.60
'2016-07-22',57.90
'2016-07-25',57.95
'2016-07-26',58.31
'2016-07-27',57.85
'2016-07-28',58.21
'2016-07-29',58.05
'2016-08-01',57.63
'2016-08-02',56.73
'2016-08-03',55.94
'2016-08-04',55.42
'2016-08-05',55.90
'2016-08-08',55.36
'2016-08-09',55.20
'2016-08-10',55.62
'2016-08-11',55.47
'2016-08-12',55.47
'2016-08-15',55.25
'2016-08-16',55.37
'2016-08-17',55.80
'2016-08-18',55.53
'2016-08-19',54.94
'2016-08-22',55.85
'2016-08-23',56.40
'2016-08-24',57.09
'2016-08-25',57.29
'2016-08-26',57.29
'2016-08-29',56.80
'2016-08-30',56.40
'2016-08-31',56.23
'2016-09-01',56.31
'2016-09-02',56.18
'2016-09-06',56.02
'2016-09-07',56.32
'2016-09-08',55.30
'2016-09-09',54.35
'2016-09-12',54.71
'2016-09-13',53.98
'2016-09-14',53.90
'2016-09-15',54.11
'2016-09-16',53.74
'2016-09-19',53.01
'2016-09-20',53.30
'2016-09-21',53.98
'2016-09-22',54.39
'2016-09-23',54.43
'2016-09-26',54.04
'2016-09-27',54.19
'2016-09-28',53.98
'2016-09-29',53.45
'2016-09-30',54.14
'2016-10-03',53.84
'2016-10-04',53.53
'2016-10-05',53.35
'2016-10-06',53.14
'2016-10-07',53.46
'2016-10-10',53.30
'2016-10-11',52.92
'2016-10-12',53.16
'2016-10-13',52.95
'2016-10-14',53.08
'2016-10-17',52.76
'2016-10-18',52.61
'2016-10-19',53.15
'2016-10-20',53.59
'2016-10-21',53.63
'2016-10-24',54.18
'2016-10-25',53.67
'2016-10-26',53.63
'2016-10-27',53.59
'2016-10-28',53.53
'2016-10-31',53.07
'2016-11-01',52.50
'2016-11-02',52.98
'2016-11-03',51.77
'2016-11-04',52.75
'2016-11-07',54.49
'2016-11-08',54.62
'2016-11-09',54.58
'2016-11-10',53.57
'2016-11-11',53.93
'2016-11-14',54.22
'2016-11-15',54.59
'2016-11-16',55.44
'2016-11-17',55.85
'2016-11-18',55.77
'2016-11-21',56.10
'2016-11-22',57.12
'2016-11-23',57.59
'2016-11-25',57.43
'2016-11-28',57.59
'2016-11-29',58.17
'2016-11-30',57.97
'2016-12-01',58.51
'2016-12-02',57.21
'2016-12-05',57.50
'2016-12-06',57.44
'2016-12-07',58.76
'2016-12-08',58.65
'2016-12-09',58.75
'2016-12-12',58.77
'2016-12-13',59.31
'2016-12-14',58.75
'2016-12-15',57.71
'2016-12-16',57.66
'2016-12-19',57.65
'2016-12-20',57.70
'2016-12-21',57.44
'2016-12-22',57.11
'2016-12-23',57.01
'2016-12-27',56.86
'2016-12-28',56.35
'2016-12-29',56.32
'2016-12-30',55.52
'2017-01-03',55.35
'2017-01-04',55.99
'2017-01-05',56.46
'2017-01-06',57.13
'2017-01-09',58.20
'2017-01-10',57.88
'2017-01-11',58.10
'2017-01-12',58.03
'2017-01-13',57.85
'2017-01-17',58.00
'2017-01-18',58.45
'2017-01-19',57.89
'2017-01-20',57.66
'2017-01-23',57.76
'2017-01-24',58.44
'2017-01-25',58.70
'2017-01-26',58.46
'2017-01-27',56.12
'2017-01-30',55.90
'2017-01-31',55.22
'2017-02-01',53.90
'2017-02-02',53.87
'2017-02-03',55.06
'2017-02-06',55.73
'2017-02-07',55.24
'2017-02-08',55.22
'2017-02-09',55.81
'2017-02-10',56.22
'2017-02-13',56.11
'2017-02-14',56.58
'2017-02-15',56.86
'2017-02-16',56.73
'2017-02-17',57.35
'2017-02-21',57.54
'2017-02-22',57.57
'2017-02-23',57.64
'2017-02-24',57.48
'2017-02-27',56.78
'2017-02-28',56.87
'2017-03-01',57.14
'2017-03-02',57.12
'2017-03-03',57.10
'2017-03-06',56.68
'2017-03-07',56.20
'2017-03-08',55.74
'2017-03-09',55.19
'2017-03-10',54.53
'2017-03-13',54.63
'2017-03-14',54.27
'2017-03-15',54.54
'2017-03-16',54.80
'2017-03-17',55.78
'2017-03-20',55.81
'2017-03-21',55.54
'2017-03-22',55.89
'2017-03-23',55.85
'2017-03-24',56.81
'2017-03-27',57.23
'2017-03-28',57.35
'2017-03-29',57.54
'2017-03-30',58.16
'2017-03-31',58.39
'2017-04-03',58.44
'2017-04-04',58.32
'2017-04-05',58.22
'2017-04-06',57.9200
'2017-04-07',58.0200
'2017-04-10',57.9500
'2017-04-11',57.8800
'2017-04-12',57.5800
'2017-04-13',57.5100
'2017-04-17',58.0800
'2017-04-18',58.3500
'2017-04-19',59.0400
'2017-04-20',60.0800
'2017-04-21',60.6100
'2017-04-24',61.1100
'2017-04-25',60.9600
'2017-04-26',61.5600
'2017-04-27',61.2808
'2017-04-28',60.0700
'2017-05-01',60.1800
'2017-05-02',60.4900
'2017-05-03',60.5775
'2017-05-04',60.8300
'2017-05-05',60.9500
'2017-05-08',60.9400
'2017-05-09',60.9800
'2017-05-10',60.6600
'2017-05-11',60.2700
'2017-05-12',59.9300
'2017-05-15',60.4500
'2017-05-16',59.9800
'2017-05-17',59.7300
'2017-05-18',59.8200
'2017-05-19',61.3600
'2017-05-22',61.2300
'2017-05-23',61.1500
'2017-05-24',61.8900
'2017-05-25',62.9000
'2017-05-26',63.3000
'2017-05-30',63.2500
'2017-05-31',63.6100
'2017-06-01',63.7500
'2017-06-02',64.5700
'2017-06-05',64.2700
'2017-06-06',64.1600
'2017-06-07',63.5000
'2017-06-08',62.2400
'2017-06-09',62.1900
'2017-06-12',61.2900
'2017-06-13',60.9200
'2017-06-14',60.2700
'2017-06-15',60.0900
'2017-06-16',60.1400